"# section: metrics (per scenario, per metric, per graph)"
section,scenario,metric,graph,value,suspected
metrics,human-mouse-s2_aml_15k_p24,ARC,union_input,1057.0,
metrics,human-mouse-s2_aml_15k_p24,cycle_count,union_input,0.0,
metrics,human-mouse-s2_aml_15k_p24,syntactic_uniqueness_ratio,union_input,1.0,
metrics,human-mouse-s2_aml_15k_p24,cross_onto_subclassof_count,union_input,0.0,
metrics,human-mouse-s2_aml_15k_p24,new_cross_onto_relations_count,union_input,0.0,
metrics,human-mouse-s2_aml_15k_p24,cross_onto_relations_count,union_input,0.0,
metrics,human-mouse-s2_aml_15k_p24,corc_per_applied_alignment,union_input,0.0,
metrics,human-mouse-s2_aml_15k_p24,new_intra_onto_relations_count,union_input,0.0,
metrics,human-mouse-s2_aml_15k_p24,triple_count_delta,union_input,0.0,
metrics,human-mouse-s2_aml_15k_p24,connectivity_ratio,union_input,0.825,
metrics,human-mouse-s2_aml_15k_p24,triple_preservation_ratio,union_input,1.0,
metrics,human-mouse-s2_aml_15k_p24,annotation_coverage_ratio,union_input,0.9975,
metrics,human-mouse-s2_aml_15k_p24,comment_coverage_ratio,union_input,0.0,
metrics,human-mouse-s2_aml_15k_p24,multi_domain_range_count,union_input,0.0,
metrics,human-mouse-s2_aml_15k_p24,multi_domain_range_change_per_alignment,union_input,0.0,
metrics,human-mouse-s2_aml_15k_p24,structural_redundancy,union_input,0.029134,
metrics,human-mouse-s2_aml_15k_p24,ALC,union_input,4886.0,
metrics,human-mouse-s2_aml_15k_p24,average_depth,union_input,3.8034,
metrics,human-mouse-s2_aml_15k_p24,max_depth,union_input,10.0,
metrics,human-mouse-s2_aml_15k_p24,average_breadth,union_input,4.8208,
metrics,human-mouse-s2_aml_15k_p24,max_breadth,union_input,151.0,
metrics,human-mouse-s2_aml_15k_p24,unsatisfiable_classes,union_input,,
metrics,human-mouse-s2_aml_15k_p24,applied_alignments,union_input,0.0,
metrics,human-mouse-s2_aml_15k_p24,ARC,merged_ontology,1020.0,
metrics,human-mouse-s2_aml_15k_p24,cycle_count,merged_ontology,157.0,
metrics,human-mouse-s2_aml_15k_p24,syntactic_uniqueness_ratio,merged_ontology,0.9905,
metrics,human-mouse-s2_aml_15k_p24,cross_onto_subclassof_count,merged_ontology,2108.0,
metrics,human-mouse-s2_aml_15k_p24,new_cross_onto_relations_count,merged_ontology,1061.0,
metrics,human-mouse-s2_aml_15k_p24,cross_onto_relations_count,merged_ontology,3320.0,
metrics,human-mouse-s2_aml_15k_p24,corc_per_applied_alignment,merged_ontology,2.4394,
metrics,human-mouse-s2_aml_15k_p24,new_intra_onto_relations_count,merged_ontology,1024.0,
metrics,human-mouse-s2_aml_15k_p24,triple_count_delta,merged_ontology,5230.0,
metrics,human-mouse-s2_aml_15k_p24,connectivity_ratio,merged_ontology,0.813,
metrics,human-mouse-s2_aml_15k_p24,triple_preservation_ratio,merged_ontology,0.9164,
metrics,human-mouse-s2_aml_15k_p24,annotation_coverage_ratio,merged_ontology,0.8126,
metrics,human-mouse-s2_aml_15k_p24,comment_coverage_ratio,merged_ontology,0.7981,
metrics,human-mouse-s2_aml_15k_p24,multi_domain_range_count,merged_ontology,0.0,
metrics,human-mouse-s2_aml_15k_p24,multi_domain_range_change_per_alignment,merged_ontology,0.0,
metrics,human-mouse-s2_aml_15k_p24,structural_redundancy,merged_ontology,0.169172,
metrics,human-mouse-s2_aml_15k_p24,ALC,merged_ontology,4136.0,
metrics,human-mouse-s2_aml_15k_p24,average_depth,merged_ontology,2.5894,
metrics,human-mouse-s2_aml_15k_p24,max_depth,merged_ontology,10.0,
metrics,human-mouse-s2_aml_15k_p24,average_breadth,merged_ontology,4.7758,
metrics,human-mouse-s2_aml_15k_p24,max_breadth,merged_ontology,182.0,
metrics,human-mouse-s2_aml_15k_p24,unsatisfiable_classes,merged_ontology,,
metrics,human-mouse-s2_aml_15k_p24,applied_alignments,merged_ontology,1361.0,
metrics,human-mouse-s2_aml_15k_p24,ARC,applied_alignments,603.0,
metrics,human-mouse-s2_aml_15k_p24,cycle_count,applied_alignments,0.0,
metrics,human-mouse-s2_aml_15k_p24,syntactic_uniqueness_ratio,applied_alignments,1.0,
metrics,human-mouse-s2_aml_15k_p24,cross_onto_subclassof_count,applied_alignments,2336.0,0
metrics,human-mouse-s2_aml_15k_p24,new_cross_onto_relations_count,applied_alignments,2.0,
metrics,human-mouse-s2_aml_15k_p24,cross_onto_relations_count,applied_alignments,4934.0,0
metrics,human-mouse-s2_aml_15k_p24,corc_per_applied_alignment,applied_alignments,3.5344,
metrics,human-mouse-s2_aml_15k_p24,new_intra_onto_relations_count,applied_alignments,0.0,
metrics,human-mouse-s2_aml_15k_p24,triple_count_delta,applied_alignments,-1855.0,
metrics,human-mouse-s2_aml_15k_p24,connectivity_ratio,applied_alignments,0.8702,
metrics,human-mouse-s2_aml_15k_p24,triple_preservation_ratio,applied_alignments,0.9996,
metrics,human-mouse-s2_aml_15k_p24,annotation_coverage_ratio,applied_alignments,0.9968,
metrics,human-mouse-s2_aml_15k_p24,comment_coverage_ratio,applied_alignments,0.0,
metrics,human-mouse-s2_aml_15k_p24,multi_domain_range_count,applied_alignments,0.0,
metrics,human-mouse-s2_aml_15k_p24,multi_domain_range_change_per_alignment,applied_alignments,0.0,
metrics,human-mouse-s2_aml_15k_p24,structural_redundancy,applied_alignments,0.089324,
metrics,human-mouse-s2_aml_15k_p24,ALC,applied_alignments,3656.0,
metrics,human-mouse-s2_aml_15k_p24,average_depth,applied_alignments,3.1022,
metrics,human-mouse-s2_aml_15k_p24,max_depth,applied_alignments,10.0,
metrics,human-mouse-s2_aml_15k_p24,average_breadth,applied_alignments,5.1616,
metrics,human-mouse-s2_aml_15k_p24,max_breadth,applied_alignments,168.0,
metrics,human-mouse-s2_aml_15k_p24,unsatisfiable_classes,applied_alignments,,
metrics,human-mouse-s2_aml_15k_p24,applied_alignments,applied_alignments,1396.0,35
metrics,human-mouse-s2_aml_15k_p24,ARC,arom_ontology,603.0,
metrics,human-mouse-s2_aml_15k_p24,cycle_count,arom_ontology,0.0,
metrics,human-mouse-s2_aml_15k_p24,syntactic_uniqueness_ratio,arom_ontology,1.0,
metrics,human-mouse-s2_aml_15k_p24,cross_onto_subclassof_count,arom_ontology,2336.0,
metrics,human-mouse-s2_aml_15k_p24,new_cross_onto_relations_count,arom_ontology,4.0,
metrics,human-mouse-s2_aml_15k_p24,cross_onto_relations_count,arom_ontology,4934.0,
metrics,human-mouse-s2_aml_15k_p24,corc_per_applied_alignment,arom_ontology,3.5344,
metrics,human-mouse-s2_aml_15k_p24,new_intra_onto_relations_count,arom_ontology,0.0,
metrics,human-mouse-s2_aml_15k_p24,triple_count_delta,arom_ontology,-12004.0,
metrics,human-mouse-s2_aml_15k_p24,connectivity_ratio,arom_ontology,0.8702,
metrics,human-mouse-s2_aml_15k_p24,triple_preservation_ratio,arom_ontology,0.9988,
metrics,human-mouse-s2_aml_15k_p24,annotation_coverage_ratio,arom_ontology,0.997,
metrics,human-mouse-s2_aml_15k_p24,comment_coverage_ratio,arom_ontology,0.0,
metrics,human-mouse-s2_aml_15k_p24,multi_domain_range_count,arom_ontology,0.0,
metrics,human-mouse-s2_aml_15k_p24,multi_domain_range_change_per_alignment,arom_ontology,0.0,
metrics,human-mouse-s2_aml_15k_p24,structural_redundancy,arom_ontology,0.089343,
metrics,human-mouse-s2_aml_15k_p24,ALC,arom_ontology,3655.0,
metrics,human-mouse-s2_aml_15k_p24,average_depth,arom_ontology,3.1022,
metrics,human-mouse-s2_aml_15k_p24,max_depth,arom_ontology,10.0,
metrics,human-mouse-s2_aml_15k_p24,average_breadth,arom_ontology,5.1606,
metrics,human-mouse-s2_aml_15k_p24,max_breadth,arom_ontology,168.0,
metrics,human-mouse-s2_aml_15k_p24,unsatisfiable_classes,arom_ontology,,
metrics,human-mouse-s2_aml_15k_p24,applied_alignments,arom_ontology,1396.0,
metrics,human-mouse-s2_aml_15k_p24,ARC,comerger_ontology,603.0,
metrics,human-mouse-s2_aml_15k_p24,cycle_count,comerger_ontology,0.0,
metrics,human-mouse-s2_aml_15k_p24,syntactic_uniqueness_ratio,comerger_ontology,1.0,
metrics,human-mouse-s2_aml_15k_p24,cross_onto_subclassof_count,comerger_ontology,2334.0,
metrics,human-mouse-s2_aml_15k_p24,new_cross_onto_relations_count,comerger_ontology,6.0,
metrics,human-mouse-s2_aml_15k_p24,cross_onto_relations_count,comerger_ontology,4919.0,
metrics,human-mouse-s2_aml_15k_p24,corc_per_applied_alignment,comerger_ontology,3.5338,
metrics,human-mouse-s2_aml_15k_p24,new_intra_onto_relations_count,comerger_ontology,1.0,
metrics,human-mouse-s2_aml_15k_p24,triple_count_delta,comerger_ontology,-1884.0,
metrics,human-mouse-s2_aml_15k_p24,connectivity_ratio,comerger_ontology,0.8702,
metrics,human-mouse-s2_aml_15k_p24,triple_preservation_ratio,comerger_ontology,0.9974,
metrics,human-mouse-s2_aml_15k_p24,annotation_coverage_ratio,comerger_ontology,0.9968,
metrics,human-mouse-s2_aml_15k_p24,comment_coverage_ratio,comerger_ontology,0.0,
metrics,human-mouse-s2_aml_15k_p24,multi_domain_range_count,comerger_ontology,0.0,
metrics,human-mouse-s2_aml_15k_p24,multi_domain_range_change_per_alignment,comerger_ontology,0.0,
metrics,human-mouse-s2_aml_15k_p24,structural_redundancy,comerger_ontology,0.089343,
metrics,human-mouse-s2_aml_15k_p24,ALC,comerger_ontology,3655.0,
metrics,human-mouse-s2_aml_15k_p24,average_depth,comerger_ontology,3.1022,
metrics,human-mouse-s2_aml_15k_p24,max_depth,comerger_ontology,10.0,
metrics,human-mouse-s2_aml_15k_p24,average_breadth,comerger_ontology,5.1606,
metrics,human-mouse-s2_aml_15k_p24,max_breadth,comerger_ontology,168.0,
metrics,human-mouse-s2_aml_15k_p24,unsatisfiable_classes,comerger_ontology,,
metrics,human-mouse-s2_aml_15k_p24,applied_alignments,comerger_ontology,1392.0,
metrics,human-mouse-s2_aml_15k_p24,ARC,boomer_ontology,605.0,
metrics,human-mouse-s2_aml_15k_p24,cycle_count,boomer_ontology,0.0,
metrics,human-mouse-s2_aml_15k_p24,syntactic_uniqueness_ratio,boomer_ontology,1.0,
metrics,human-mouse-s2_aml_15k_p24,cross_onto_subclassof_count,boomer_ontology,2336.0,
metrics,human-mouse-s2_aml_15k_p24,new_cross_onto_relations_count,boomer_ontology,0.0,
metrics,human-mouse-s2_aml_15k_p24,cross_onto_relations_count,boomer_ontology,4932.0,
metrics,human-mouse-s2_aml_15k_p24,corc_per_applied_alignment,boomer_ontology,3.5431,
metrics,human-mouse-s2_aml_15k_p24,new_intra_onto_relations_count,boomer_ontology,0.0,
metrics,human-mouse-s2_aml_15k_p24,triple_count_delta,boomer_ontology,-1850.0,
metrics,human-mouse-s2_aml_15k_p24,connectivity_ratio,boomer_ontology,0.8699,
metrics,human-mouse-s2_aml_15k_p24,triple_preservation_ratio,boomer_ontology,1.0,
metrics,human-mouse-s2_aml_15k_p24,annotation_coverage_ratio,boomer_ontology,0.9968,
metrics,human-mouse-s2_aml_15k_p24,comment_coverage_ratio,boomer_ontology,0.0,
metrics,human-mouse-s2_aml_15k_p24,multi_domain_range_count,boomer_ontology,0.0,
metrics,human-mouse-s2_aml_15k_p24,multi_domain_range_change_per_alignment,boomer_ontology,0.0,
metrics,human-mouse-s2_aml_15k_p24,structural_redundancy,boomer_ontology,0.089267,
metrics,human-mouse-s2_aml_15k_p24,ALC,boomer_ontology,3659.0,
metrics,human-mouse-s2_aml_15k_p24,average_depth,boomer_ontology,3.1021,
metrics,human-mouse-s2_aml_15k_p24,max_depth,boomer_ontology,10.0,
metrics,human-mouse-s2_aml_15k_p24,average_breadth,boomer_ontology,5.1616,
metrics,human-mouse-s2_aml_15k_p24,max_breadth,boomer_ontology,168.0,
metrics,human-mouse-s2_aml_15k_p24,unsatisfiable_classes,boomer_ontology,,
metrics,human-mouse-s2_aml_15k_p24,applied_alignments,boomer_ontology,1392.0,

"# section: insights (per scenario, per env)"
section,scenario,env,input_triples,kept,added,deleted,retention_%,disjoint_in,disjoint_out,disjoint_delta,dropped_invalid,dropped_bad_subject,dropped_bad_pred,dropped_total,alignment_applied,llm_failed*
insights,human-mouse-s2_aml_15k_p24,1,5,4,7,1,80.0,0,0,0,0,0,0,0,yes,no
insights,human-mouse-s2_aml_15k_p24,2,5,3,4,2,60.0,0,0,0,0,0,0,0,yes,no
insights,human-mouse-s2_aml_15k_p24,3,8,6,16,2,75.0,0,3,3,0,0,0,0,yes,no
insights,human-mouse-s2_aml_15k_p24,4,9,4,24,5,44.4,0,3,3,0,0,0,0,yes,no
insights,human-mouse-s2_aml_15k_p24,5,5,3,9,2,60.0,0,0,0,0,0,0,0,yes,no
insights,human-mouse-s2_aml_15k_p24,6,8,6,10,2,75.0,0,0,0,0,0,0,0,yes,no
insights,human-mouse-s2_aml_15k_p24,7,125,104,2,21,83.2,0,0,0,0,0,0,0,yes,no
insights,human-mouse-s2_aml_15k_p24,8,5,3,11,2,60.0,0,0,0,0,0,0,0,yes,no
insights,human-mouse-s2_aml_15k_p24,9,13,10,13,3,76.9,0,2,2,0,0,0,0,yes,no
insights,human-mouse-s2_aml_15k_p24,10,8,7,13,1,87.5,0,3,3,1,0,0,1,yes,no
insights,human-mouse-s2_aml_15k_p24,11,5,3,10,2,60.0,0,0,0,0,0,0,0,yes,no
insights,human-mouse-s2_aml_15k_p24,12,97,94,8,3,96.9,0,0,0,0,0,0,0,yes,no
insights,human-mouse-s2_aml_15k_p24,13,6,4,8,2,66.7,0,0,0,0,0,0,0,yes,no
insights,human-mouse-s2_aml_15k_p24,14,6,4,11,2,66.7,0,0,0,1,0,0,1,yes,no
insights,human-mouse-s2_aml_15k_p24,15,5,2,17,3,40.0,0,0,0,4,0,0,4,yes,no
insights,human-mouse-s2_aml_15k_p24,16,5,3,6,2,60.0,0,0,0,0,0,0,0,yes,no
insights,human-mouse-s2_aml_15k_p24,17,29,27,8,2,93.1,0,0,0,1,0,0,1,yes,no
insights,human-mouse-s2_aml_15k_p24,18,13,10,9,3,76.9,0,0,0,0,0,0,0,yes,no
insights,human-mouse-s2_aml_15k_p24,19,5,3,12,2,60.0,0,0,0,0,0,0,0,yes,no
insights,human-mouse-s2_aml_15k_p24,20,5,3,8,2,60.0,0,0,0,1,0,0,1,yes,no
insights,human-mouse-s2_aml_15k_p24,21,5,3,6,2,60.0,0,0,0,0,0,0,0,yes,no
insights,human-mouse-s2_aml_15k_p24,22,5,3,12,2,60.0,0,0,0,0,0,0,0,yes,no
insights,human-mouse-s2_aml_15k_p24,23,6,4,10,2,66.7,0,0,0,0,0,0,0,yes,no
insights,human-mouse-s2_aml_15k_p24,24,5,3,13,2,60.0,0,0,0,1,0,0,1,yes,no
insights,human-mouse-s2_aml_15k_p24,25,19,17,51,2,89.5,0,0,0,0,0,0,0,yes,no
insights,human-mouse-s2_aml_15k_p24,26,5,3,10,2,60.0,0,0,0,0,0,0,0,yes,no
insights,human-mouse-s2_aml_15k_p24,27,5,3,5,2,60.0,0,0,0,0,0,0,0,yes,no
insights,human-mouse-s2_aml_15k_p24,28,5,3,10,2,60.0,0,0,0,2,0,0,2,yes,no
insights,human-mouse-s2_aml_15k_p24,29,5,3,9,2,60.0,0,0,0,0,0,0,0,yes,no
insights,human-mouse-s2_aml_15k_p24,30,9,6,11,3,66.7,0,0,0,0,0,0,0,yes,no
insights,human-mouse-s2_aml_15k_p24,31,5,3,10,2,60.0,0,0,0,0,0,0,0,yes,no
insights,human-mouse-s2_aml_15k_p24,32,5,3,4,2,60.0,0,0,0,0,0,0,0,yes,no
insights,human-mouse-s2_aml_15k_p24,33,6,5,4,1,83.3,0,0,0,2,0,0,2,yes,no
insights,human-mouse-s2_aml_15k_p24,34,5,3,8,2,60.0,0,0,0,2,0,0,2,yes,no
insights,human-mouse-s2_aml_15k_p24,35,9,5,13,4,55.6,0,0,0,3,0,0,3,yes,no
insights,human-mouse-s2_aml_15k_p24,36,18,13,12,5,72.2,0,0,0,0,0,0,0,yes,no
insights,human-mouse-s2_aml_15k_p24,37,5,3,13,2,60.0,0,0,0,0,0,0,0,yes,no
insights,human-mouse-s2_aml_15k_p24,38,13,10,9,3,76.9,0,0,0,0,0,0,0,yes,no
insights,human-mouse-s2_aml_15k_p24,39,12,9,5,3,75.0,0,0,0,0,0,0,0,yes,no
insights,human-mouse-s2_aml_15k_p24,40,4,2,1,2,50.0,0,0,0,0,0,0,0,yes,no
insights,human-mouse-s2_aml_15k_p24,41,5,3,4,2,60.0,0,0,0,0,0,0,0,yes,no
insights,human-mouse-s2_aml_15k_p24,42,14,12,9,2,85.7,0,0,0,0,0,0,0,yes,no
insights,human-mouse-s2_aml_15k_p24,43,5,3,5,2,60.0,0,0,0,0,0,0,0,yes,no
insights,human-mouse-s2_aml_15k_p24,44,12,7,19,5,58.3,0,0,0,0,0,0,0,yes,no
insights,human-mouse-s2_aml_15k_p24,45,5,3,14,2,60.0,0,0,0,1,0,0,1,yes,no
insights,human-mouse-s2_aml_15k_p24,46,11,6,27,5,54.5,0,0,0,0,0,0,0,yes,no
insights,human-mouse-s2_aml_15k_p24,47,5,3,5,2,60.0,0,0,0,2,0,0,2,yes,no
insights,human-mouse-s2_aml_15k_p24,48,4,2,2,2,50.0,0,0,0,0,0,0,0,yes,no
insights,human-mouse-s2_aml_15k_p24,49,7,4,8,3,57.1,0,0,0,0,0,0,0,yes,no
insights,human-mouse-s2_aml_15k_p24,50,6,4,20,2,66.7,0,0,0,0,0,0,0,yes,no
insights,human-mouse-s2_aml_15k_p24,51,5,3,7,2,60.0,0,0,0,0,0,0,0,yes,no
insights,human-mouse-s2_aml_15k_p24,52,5,3,8,2,60.0,0,0,0,0,0,0,0,yes,no
insights,human-mouse-s2_aml_15k_p24,53,5,3,10,2,60.0,0,0,0,0,0,0,0,yes,no
insights,human-mouse-s2_aml_15k_p24,54,6,4,16,2,66.7,0,3,3,0,0,0,0,yes,no
insights,human-mouse-s2_aml_15k_p24,55,5,3,4,2,60.0,0,0,0,0,0,0,0,yes,no
insights,human-mouse-s2_aml_15k_p24,56,12,10,13,2,83.3,0,0,0,0,0,0,0,yes,no
insights,human-mouse-s2_aml_15k_p24,57,5,3,13,2,60.0,0,0,0,1,0,0,1,yes,no
insights,human-mouse-s2_aml_15k_p24,58,5,3,16,2,60.0,0,0,0,1,0,0,1,yes,no
insights,human-mouse-s2_aml_15k_p24,59,5,3,9,2,60.0,0,0,0,0,0,0,0,yes,no
insights,human-mouse-s2_aml_15k_p24,60,6,4,9,2,66.7,0,0,0,0,0,0,0,yes,no
insights,human-mouse-s2_aml_15k_p24,61,5,3,5,2,60.0,0,0,0,0,0,0,0,yes,no
insights,human-mouse-s2_aml_15k_p24,62,83,81,46,2,97.6,0,0,0,0,0,0,0,yes,no
insights,human-mouse-s2_aml_15k_p24,63,138,137,3,1,99.3,0,0,0,0,0,0,0,yes,no
insights,human-mouse-s2_aml_15k_p24,64,38,24,41,14,63.2,0,0,0,0,0,0,0,yes,no
insights,human-mouse-s2_aml_15k_p24,65,17,13,19,4,76.5,0,0,0,1,0,0,1,yes,no
insights,human-mouse-s2_aml_15k_p24,66,5,3,7,2,60.0,0,0,0,0,0,0,0,yes,no
insights,human-mouse-s2_aml_15k_p24,67,6,4,4,2,66.7,0,0,0,0,0,0,0,yes,no
insights,human-mouse-s2_aml_15k_p24,68,5,3,11,2,60.0,0,0,0,0,0,0,0,yes,no
insights,human-mouse-s2_aml_15k_p24,69,8,6,8,2,75.0,0,0,0,0,0,0,0,yes,no
insights,human-mouse-s2_aml_15k_p24,70,3,2,2,1,66.7,0,0,0,0,0,0,0,yes,no
insights,human-mouse-s2_aml_15k_p24,71,39,33,35,6,84.6,0,0,0,0,0,0,0,yes,no
insights,human-mouse-s2_aml_15k_p24,72,5,3,9,2,60.0,0,0,0,0,0,0,0,yes,no
insights,human-mouse-s2_aml_15k_p24,73,5,3,16,2,60.0,0,0,0,1,0,0,1,yes,no
insights,human-mouse-s2_aml_15k_p24,74,7,5,4,2,71.4,0,0,0,0,0,0,0,yes,no
insights,human-mouse-s2_aml_15k_p24,75,5,4,14,1,80.0,0,0,0,0,0,0,0,yes,no
insights,human-mouse-s2_aml_15k_p24,76,5,3,6,2,60.0,0,0,0,0,0,0,0,yes,no
insights,human-mouse-s2_aml_15k_p24,77,5,3,9,2,60.0,0,0,0,0,0,0,0,yes,no
insights,human-mouse-s2_aml_15k_p24,78,7,5,16,2,71.4,0,3,3,0,0,0,0,yes,no
insights,human-mouse-s2_aml_15k_p24,79,19,17,8,2,89.5,0,0,0,3,0,0,3,yes,no
insights,human-mouse-s2_aml_15k_p24,80,17,15,4,2,88.2,0,0,0,0,0,0,0,yes,no
insights,human-mouse-s2_aml_15k_p24,81,6,3,6,3,50.0,0,0,0,0,0,0,0,yes,no
insights,human-mouse-s2_aml_15k_p24,82,11,8,10,3,72.7,0,0,0,0,0,0,0,yes,no
insights,human-mouse-s2_aml_15k_p24,83,5,4,5,1,80.0,0,0,0,0,0,0,0,yes,no
insights,human-mouse-s2_aml_15k_p24,84,7,4,8,3,57.1,0,0,0,0,0,0,0,yes,no
insights,human-mouse-s2_aml_15k_p24,85,43,43,16,0,100.0,0,0,0,0,0,0,0,yes,no
insights,human-mouse-s2_aml_15k_p24,86,137,134,22,3,97.8,0,0,0,0,0,0,0,yes,no
insights,human-mouse-s2_aml_15k_p24,87,3,2,0,1,66.7,0,0,0,0,0,0,0,yes,no
insights,human-mouse-s2_aml_15k_p24,88,33,22,55,11,66.7,0,0,0,0,0,0,0,yes,no
insights,human-mouse-s2_aml_15k_p24,89,13,5,27,8,38.5,0,2,2,0,0,0,0,yes,no
insights,human-mouse-s2_aml_15k_p24,90,5,3,8,2,60.0,0,0,0,0,0,0,0,yes,no
insights,human-mouse-s2_aml_15k_p24,91,8,6,9,2,75.0,0,0,0,2,0,0,2,yes,no
insights,human-mouse-s2_aml_15k_p24,92,8,4,16,4,50.0,0,0,0,1,0,0,1,yes,no
insights,human-mouse-s2_aml_15k_p24,93,15,10,14,5,66.7,0,0,0,2,0,0,2,yes,no
insights,human-mouse-s2_aml_15k_p24,94,11,7,22,4,63.6,0,0,0,0,0,0,0,yes,no
insights,human-mouse-s2_aml_15k_p24,95,10,8,13,2,80.0,0,0,0,3,0,0,3,yes,no
insights,human-mouse-s2_aml_15k_p24,96,5,3,6,2,60.0,0,0,0,0,0,0,0,yes,no
insights,human-mouse-s2_aml_15k_p24,97,5,2,10,3,40.0,0,0,0,0,0,0,0,yes,no
insights,human-mouse-s2_aml_15k_p24,98,6,4,7,2,66.7,0,0,0,0,0,0,0,yes,no
insights,human-mouse-s2_aml_15k_p24,99,3,3,0,0,100.0,0,0,0,0,0,0,0,yes,no
insights,human-mouse-s2_aml_15k_p24,100,73,71,13,2,97.3,0,0,0,0,0,0,0,yes,no
insights,human-mouse-s2_aml_15k_p24,101,8,4,22,4,50.0,0,0,0,0,0,0,0,yes,no
insights,human-mouse-s2_aml_15k_p24,102,3,2,2,1,66.7,0,0,0,0,0,0,0,yes,no
insights,human-mouse-s2_aml_15k_p24,103,3,2,0,1,66.7,0,0,0,0,0,0,0,yes,no
insights,human-mouse-s2_aml_15k_p24,104,7,4,12,3,57.1,0,0,0,0,0,0,0,yes,no
insights,human-mouse-s2_aml_15k_p24,105,14,12,27,2,85.7,0,0,0,0,0,0,0,yes,no
insights,human-mouse-s2_aml_15k_p24,106,6,4,11,2,66.7,0,5,5,0,0,0,0,yes,no
insights,human-mouse-s2_aml_15k_p24,107,5,3,17,2,60.0,0,0,0,3,0,0,3,yes,no
insights,human-mouse-s2_aml_15k_p24,108,5,3,8,2,60.0,0,0,0,0,0,0,0,yes,no
insights,human-mouse-s2_aml_15k_p24,109,11,8,15,3,72.7,0,0,0,0,0,0,0,yes,no
insights,human-mouse-s2_aml_15k_p24,110,5,3,7,2,60.0,0,0,0,0,0,0,0,yes,no
insights,human-mouse-s2_aml_15k_p24,111,5,3,19,2,60.0,0,0,0,0,0,0,0,yes,no
insights,human-mouse-s2_aml_15k_p24,112,75,73,32,2,97.3,0,0,0,0,0,0,0,yes,no
insights,human-mouse-s2_aml_15k_p24,113,5,3,10,2,60.0,0,0,0,0,0,0,0,yes,no
insights,human-mouse-s2_aml_15k_p24,114,5,3,10,2,60.0,0,0,0,1,0,0,1,yes,no
insights,human-mouse-s2_aml_15k_p24,115,17,13,14,4,76.5,0,0,0,0,0,0,0,yes,no
insights,human-mouse-s2_aml_15k_p24,116,5,3,21,2,60.0,0,0,0,4,0,0,4,yes,no
insights,human-mouse-s2_aml_15k_p24,117,5,3,10,2,60.0,0,0,0,0,0,0,0,yes,no
insights,human-mouse-s2_aml_15k_p24,118,5,2,12,3,40.0,0,0,0,0,0,0,0,yes,no
insights,human-mouse-s2_aml_15k_p24,119,64,61,45,3,95.3,0,0,0,0,0,0,0,yes,no
insights,human-mouse-s2_aml_15k_p24,120,26,21,18,5,80.8,0,0,0,0,0,0,0,yes,no
insights,human-mouse-s2_aml_15k_p24,121,5,3,15,2,60.0,0,0,0,1,0,0,1,yes,no
insights,human-mouse-s2_aml_15k_p24,122,11,9,12,2,81.8,0,0,0,0,0,0,0,yes,no
insights,human-mouse-s2_aml_15k_p24,123,3,2,0,1,66.7,0,0,0,0,0,0,0,yes,no
insights,human-mouse-s2_aml_15k_p24,124,8,4,15,4,50.0,0,0,0,0,0,0,0,yes,no
insights,human-mouse-s2_aml_15k_p24,125,5,3,6,2,60.0,0,0,0,0,0,0,0,yes,no
insights,human-mouse-s2_aml_15k_p24,126,5,3,16,2,60.0,0,0,0,1,0,0,1,yes,no
insights,human-mouse-s2_aml_15k_p24,127,5,3,7,2,60.0,0,0,0,2,0,0,2,yes,no
insights,human-mouse-s2_aml_15k_p24,128,16,13,17,3,81.2,0,2,2,0,0,0,0,yes,no
insights,human-mouse-s2_aml_15k_p24,129,147,138,4,9,93.9,4,4,0,0,0,0,0,yes,no
insights,human-mouse-s2_aml_15k_p24,130,5,3,8,2,60.0,0,0,0,0,0,0,0,yes,no
insights,human-mouse-s2_aml_15k_p24,131,20,17,12,3,85.0,0,4,4,0,0,0,0,yes,no
insights,human-mouse-s2_aml_15k_p24,132,5,2,13,3,40.0,0,0,0,0,0,0,0,yes,no
insights,human-mouse-s2_aml_15k_p24,133,8,6,4,2,75.0,0,0,0,1,0,0,1,yes,no
insights,human-mouse-s2_aml_15k_p24,134,34,32,15,2,94.1,0,0,0,2,0,0,2,yes,no
insights,human-mouse-s2_aml_15k_p24,135,6,4,8,2,66.7,0,0,0,2,0,0,2,yes,no
insights,human-mouse-s2_aml_15k_p24,136,5,3,13,2,60.0,0,0,0,0,0,0,0,yes,no
insights,human-mouse-s2_aml_15k_p24,137,5,3,9,2,60.0,0,0,0,0,0,0,0,yes,no
insights,human-mouse-s2_aml_15k_p24,138,3,2,1,1,66.7,0,0,0,0,0,0,0,yes,no
insights,human-mouse-s2_aml_15k_p24,139,18,16,2,2,88.9,0,0,0,0,0,0,0,yes,no
insights,human-mouse-s2_aml_15k_p24,140,5,3,7,2,60.0,0,0,0,0,0,0,0,yes,no
insights,human-mouse-s2_aml_15k_p24,141,5,3,11,2,60.0,0,0,0,1,0,0,1,yes,no
insights,human-mouse-s2_aml_15k_p24,142,5,3,11,2,60.0,0,0,0,0,0,0,0,yes,no
insights,human-mouse-s2_aml_15k_p24,143,56,49,17,7,87.5,0,0,0,11,0,0,11,yes,no
insights,human-mouse-s2_aml_15k_p24,144,6,3,11,3,50.0,0,0,0,0,0,0,0,yes,no
insights,human-mouse-s2_aml_15k_p24,145,3,2,8,1,66.7,0,0,0,0,0,0,0,yes,no
insights,human-mouse-s2_aml_15k_p24,146,21,20,17,1,95.2,1,1,0,0,0,1,1,yes,no
insights,human-mouse-s2_aml_15k_p24,147,6,4,13,2,66.7,0,0,0,0,0,0,0,yes,no
insights,human-mouse-s2_aml_15k_p24,148,5,3,8,2,60.0,0,0,0,0,0,0,0,yes,no
insights,human-mouse-s2_aml_15k_p24,149,14,12,7,2,85.7,0,0,0,0,0,0,0,yes,no
insights,human-mouse-s2_aml_15k_p24,150,6,4,12,2,66.7,0,0,0,0,0,0,0,yes,no
insights,human-mouse-s2_aml_15k_p24,151,19,12,45,7,63.2,0,0,0,0,0,0,0,yes,no
insights,human-mouse-s2_aml_15k_p24,152,3,2,0,1,66.7,0,0,0,0,0,0,0,yes,no
insights,human-mouse-s2_aml_15k_p24,153,67,65,66,2,97.0,0,0,0,0,0,0,0,yes,no
insights,human-mouse-s2_aml_15k_p24,154,5,3,6,2,60.0,0,0,0,2,0,0,2,yes,no
insights,human-mouse-s2_aml_15k_p24,155,5,3,9,2,60.0,0,0,0,0,0,0,0,yes,no
insights,human-mouse-s2_aml_15k_p24,156,5,3,12,2,60.0,0,0,0,1,0,0,1,yes,no
insights,human-mouse-s2_aml_15k_p24,157,18,16,8,2,88.9,0,0,0,0,0,0,0,yes,no
insights,human-mouse-s2_aml_15k_p24,158,9,7,13,2,77.8,0,2,2,0,0,0,0,yes,no
insights,human-mouse-s2_aml_15k_p24,159,13,11,9,2,84.6,0,0,0,0,0,0,0,yes,no
insights,human-mouse-s2_aml_15k_p24,160,46,33,88,13,71.7,1,1,0,0,0,0,0,yes,no
insights,human-mouse-s2_aml_15k_p24,161,5,3,6,2,60.0,0,0,0,1,0,0,1,yes,no
insights,human-mouse-s2_aml_15k_p24,162,9,8,0,1,88.9,0,0,0,0,0,0,0,yes,no
insights,human-mouse-s2_aml_15k_p24,163,5,3,13,2,60.0,0,0,0,0,0,0,0,yes,no
insights,human-mouse-s2_aml_15k_p24,164,28,22,35,6,78.6,0,0,0,0,0,0,0,yes,no
insights,human-mouse-s2_aml_15k_p24,165,5,3,8,2,60.0,0,0,0,0,0,0,0,yes,no
insights,human-mouse-s2_aml_15k_p24,166,10,8,24,2,80.0,0,0,0,3,0,0,3,yes,no
insights,human-mouse-s2_aml_15k_p24,167,46,40,18,6,87.0,0,0,0,0,0,0,0,yes,no
insights,human-mouse-s2_aml_15k_p24,168,4,4,6,0,100.0,0,0,0,0,0,0,0,yes,no
insights,human-mouse-s2_aml_15k_p24,169,9,4,18,5,44.4,0,3,3,0,0,0,0,yes,no
insights,human-mouse-s2_aml_15k_p24,170,15,14,34,1,93.3,0,0,0,1,0,0,1,yes,no
insights,human-mouse-s2_aml_15k_p24,171,18,15,18,3,83.3,0,0,0,0,0,0,0,yes,no
insights,human-mouse-s2_aml_15k_p24,172,5,3,6,2,60.0,0,0,0,0,0,0,0,yes,no
insights,human-mouse-s2_aml_15k_p24,173,9,6,22,3,66.7,0,0,0,2,0,0,2,yes,no
insights,human-mouse-s2_aml_15k_p24,174,10,8,16,2,80.0,0,0,0,0,0,0,0,yes,no
insights,human-mouse-s2_aml_15k_p24,175,3,2,8,1,66.7,0,0,0,0,0,0,0,yes,no
insights,human-mouse-s2_aml_15k_p24,176,5,3,10,2,60.0,0,0,0,0,0,0,0,yes,no
insights,human-mouse-s2_aml_15k_p24,177,5,3,8,2,60.0,0,0,0,0,0,0,0,yes,no
insights,human-mouse-s2_aml_15k_p24,178,16,13,7,3,81.2,0,0,0,0,0,0,0,yes,no
insights,human-mouse-s2_aml_15k_p24,179,23,20,27,3,87.0,0,0,0,3,0,0,3,yes,no
insights,human-mouse-s2_aml_15k_p24,180,3,2,0,1,66.7,0,0,0,0,0,0,0,yes,no
insights,human-mouse-s2_aml_15k_p24,181,14,11,18,3,78.6,0,0,0,0,0,0,0,yes,no
insights,human-mouse-s2_aml_15k_p24,182,8,6,14,2,75.0,0,0,0,3,0,0,3,yes,no
insights,human-mouse-s2_aml_15k_p24,183,5,3,9,2,60.0,0,0,0,0,0,0,0,yes,no
insights,human-mouse-s2_aml_15k_p24,184,6,4,11,2,66.7,0,0,0,3,0,0,3,yes,no
insights,human-mouse-s2_aml_15k_p24,185,5,3,8,2,60.0,0,0,0,0,0,0,0,yes,no
insights,human-mouse-s2_aml_15k_p24,186,12,10,4,2,83.3,0,0,0,0,0,0,0,yes,no
insights,human-mouse-s2_aml_15k_p24,187,6,3,9,3,50.0,0,0,0,0,0,0,0,yes,no
insights,human-mouse-s2_aml_15k_p24,188,5,3,13,2,60.0,0,0,0,0,0,0,0,yes,no
insights,human-mouse-s2_aml_15k_p24,189,10,9,9,1,90.0,0,0,0,5,0,0,5,yes,no
insights,human-mouse-s2_aml_15k_p24,190,8,4,6,4,50.0,0,0,0,0,0,0,0,yes,no
insights,human-mouse-s2_aml_15k_p24,191,11,9,9,2,81.8,0,0,0,0,0,0,0,yes,no
insights,human-mouse-s2_aml_15k_p24,192,12,9,25,3,75.0,0,0,0,6,0,0,6,yes,no
insights,human-mouse-s2_aml_15k_p24,193,5,3,6,2,60.0,0,0,0,0,0,0,0,yes,no
insights,human-mouse-s2_aml_15k_p24,194,5,3,11,2,60.0,0,0,0,0,0,0,0,yes,no
insights,human-mouse-s2_aml_15k_p24,195,5,3,12,2,60.0,0,0,0,0,0,0,0,yes,no
insights,human-mouse-s2_aml_15k_p24,196,11,7,17,4,63.6,0,0,0,0,0,0,0,yes,no
insights,human-mouse-s2_aml_15k_p24,197,3,2,3,1,66.7,0,0,0,0,0,0,0,yes,no
insights,human-mouse-s2_aml_15k_p24,198,5,3,12,2,60.0,0,0,0,0,0,0,0,yes,no
insights,human-mouse-s2_aml_15k_p24,199,18,11,3,7,61.1,0,0,0,4,0,0,4,yes,no
insights,human-mouse-s2_aml_15k_p24,200,5,4,5,1,80.0,0,0,0,0,0,0,0,yes,no
insights,human-mouse-s2_aml_15k_p24,201,8,3,14,5,37.5,0,0,0,0,0,0,0,yes,no
insights,human-mouse-s2_aml_15k_p24,202,6,4,11,2,66.7,0,0,0,0,0,0,0,yes,no
insights,human-mouse-s2_aml_15k_p24,203,7,6,2,1,85.7,0,0,0,0,0,0,0,yes,no
insights,human-mouse-s2_aml_15k_p24,204,5,3,3,2,60.0,0,0,0,0,0,0,0,yes,no
insights,human-mouse-s2_aml_15k_p24,205,19,11,30,8,57.9,0,0,0,0,0,0,0,yes,no
insights,human-mouse-s2_aml_15k_p24,206,6,5,6,1,83.3,0,0,0,0,0,0,0,yes,no
insights,human-mouse-s2_aml_15k_p24,207,5,3,10,2,60.0,0,0,0,0,0,0,0,yes,no
insights,human-mouse-s2_aml_15k_p24,208,5,3,9,2,60.0,0,0,0,0,0,0,0,yes,no
insights,human-mouse-s2_aml_15k_p24,209,5,3,14,2,60.0,0,0,0,0,0,0,0,yes,no
insights,human-mouse-s2_aml_15k_p24,210,7,3,18,4,42.9,0,0,0,1,0,0,1,yes,no
insights,human-mouse-s2_aml_15k_p24,211,14,12,9,2,85.7,0,0,0,0,0,0,0,yes,no
insights,human-mouse-s2_aml_15k_p24,212,6,4,13,2,66.7,0,0,0,0,0,0,0,yes,no
insights,human-mouse-s2_aml_15k_p24,213,6,3,3,3,50.0,0,0,0,0,0,0,0,yes,no
insights,human-mouse-s2_aml_15k_p24,214,15,12,15,3,80.0,0,4,4,0,0,0,0,yes,no
insights,human-mouse-s2_aml_15k_p24,215,6,4,11,2,66.7,0,0,0,0,0,0,0,yes,no
insights,human-mouse-s2_aml_15k_p24,216,14,12,12,2,85.7,0,0,0,0,0,0,0,yes,no
insights,human-mouse-s2_aml_15k_p24,217,6,4,6,2,66.7,0,0,0,0,0,0,0,yes,no
insights,human-mouse-s2_aml_15k_p24,218,6,3,8,3,50.0,0,0,0,0,0,0,0,yes,no
insights,human-mouse-s2_aml_15k_p24,219,19,16,15,3,84.2,0,0,0,0,0,0,0,yes,no
insights,human-mouse-s2_aml_15k_p24,220,12,10,15,2,83.3,0,2,2,4,0,0,4,yes,no
insights,human-mouse-s2_aml_15k_p24,221,6,4,8,2,66.7,0,0,0,0,0,0,0,yes,no
insights,human-mouse-s2_aml_15k_p24,222,5,3,9,2,60.0,0,0,0,0,0,0,0,yes,no
insights,human-mouse-s2_aml_15k_p24,223,5,3,7,2,60.0,0,0,0,0,0,0,0,yes,no
insights,human-mouse-s2_aml_15k_p24,224,6,3,11,3,50.0,0,0,0,0,0,0,0,yes,no
insights,human-mouse-s2_aml_15k_p24,225,11,9,8,2,81.8,0,0,0,0,0,0,0,yes,no
insights,human-mouse-s2_aml_15k_p24,226,5,3,14,2,60.0,0,0,0,1,0,0,1,yes,no
insights,human-mouse-s2_aml_15k_p24,227,7,3,11,4,42.9,0,0,0,0,0,0,0,yes,no
insights,human-mouse-s2_aml_15k_p24,228,33,31,41,2,93.9,0,0,0,2,0,0,2,yes,no
insights,human-mouse-s2_aml_15k_p24,229,6,4,11,2,66.7,0,0,0,0,0,0,0,yes,no
insights,human-mouse-s2_aml_15k_p24,230,6,4,13,2,66.7,0,4,4,0,0,0,0,yes,no
insights,human-mouse-s2_aml_15k_p24,231,23,20,16,3,87.0,0,2,2,0,0,0,0,yes,no
insights,human-mouse-s2_aml_15k_p24,232,124,122,3,2,98.4,0,0,0,0,0,0,0,yes,no
insights,human-mouse-s2_aml_15k_p24,233,27,22,7,5,81.5,0,0,0,0,0,0,0,yes,no
insights,human-mouse-s2_aml_15k_p24,234,6,4,7,2,66.7,0,0,0,0,0,0,0,yes,no
insights,human-mouse-s2_aml_15k_p24,235,6,4,7,2,66.7,0,0,0,0,0,0,0,yes,no
insights,human-mouse-s2_aml_15k_p24,236,5,5,7,0,100.0,0,0,0,0,0,0,0,yes,no
insights,human-mouse-s2_aml_15k_p24,237,5,3,8,2,60.0,0,0,0,1,0,0,1,yes,no
insights,human-mouse-s2_aml_15k_p24,238,4,3,4,1,75.0,0,0,0,0,0,0,0,yes,no
insights,human-mouse-s2_aml_15k_p24,239,11,8,14,3,72.7,0,0,0,0,0,0,0,yes,no
insights,human-mouse-s2_aml_15k_p24,240,25,23,4,2,92.0,0,0,0,0,0,0,0,yes,no
insights,human-mouse-s2_aml_15k_p24,241,5,5,9,0,100.0,0,0,0,0,0,0,0,yes,no
insights,human-mouse-s2_aml_15k_p24,242,8,6,7,2,75.0,0,0,0,0,0,0,0,yes,no
insights,human-mouse-s2_aml_15k_p24,243,6,3,10,3,50.0,0,0,0,0,0,0,0,yes,no
insights,human-mouse-s2_aml_15k_p24,244,5,3,7,2,60.0,0,0,0,0,0,0,0,yes,no
insights,human-mouse-s2_aml_15k_p24,245,20,16,8,4,80.0,0,0,0,0,0,0,0,yes,no
insights,human-mouse-s2_aml_15k_p24,246,5,5,11,0,100.0,0,0,0,1,0,0,1,no,no
insights,human-mouse-s2_aml_15k_p24,247,6,4,8,2,66.7,0,0,0,2,0,0,2,yes,no
insights,human-mouse-s2_aml_15k_p24,248,5,3,9,2,60.0,0,0,0,0,0,0,0,yes,no
insights,human-mouse-s2_aml_15k_p24,249,5,3,14,2,60.0,0,0,0,0,0,0,0,yes,no
insights,human-mouse-s2_aml_15k_p24,250,5,3,9,2,60.0,0,0,0,0,0,0,0,yes,no
insights,human-mouse-s2_aml_15k_p24,251,7,5,3,2,71.4,0,0,0,0,0,0,0,yes,no
insights,human-mouse-s2_aml_15k_p24,252,7,5,8,2,71.4,0,0,0,2,0,0,2,yes,no
insights,human-mouse-s2_aml_15k_p24,253,11,8,33,3,72.7,0,0,0,1,0,0,1,yes,no
insights,human-mouse-s2_aml_15k_p24,254,7,3,11,4,42.9,0,0,0,0,0,0,0,yes,no
insights,human-mouse-s2_aml_15k_p24,255,7,5,11,2,71.4,0,0,0,0,0,0,0,yes,no
insights,human-mouse-s2_aml_15k_p24,256,20,12,21,8,60.0,0,0,0,0,0,0,0,yes,no
insights,human-mouse-s2_aml_15k_p24,257,5,3,10,2,60.0,0,0,0,1,0,0,1,yes,no
insights,human-mouse-s2_aml_15k_p24,258,13,9,11,4,69.2,0,0,0,0,0,0,0,yes,no
insights,human-mouse-s2_aml_15k_p24,259,7,5,11,2,71.4,0,0,0,2,0,0,2,yes,no
insights,human-mouse-s2_aml_15k_p24,260,5,3,7,2,60.0,0,0,0,0,0,0,0,yes,no
insights,human-mouse-s2_aml_15k_p24,261,5,3,10,2,60.0,0,0,0,0,0,0,0,yes,no
insights,human-mouse-s2_aml_15k_p24,262,5,3,6,2,60.0,0,0,0,2,0,0,2,yes,no
insights,human-mouse-s2_aml_15k_p24,263,5,3,4,2,60.0,0,0,0,0,0,0,0,yes,no
insights,human-mouse-s2_aml_15k_p24,264,5,5,6,0,100.0,0,0,0,0,0,0,0,yes,no
insights,human-mouse-s2_aml_15k_p24,265,5,3,10,2,60.0,0,0,0,0,0,0,0,yes,no
insights,human-mouse-s2_aml_15k_p24,266,5,3,12,2,60.0,0,0,0,1,0,0,1,yes,no
insights,human-mouse-s2_aml_15k_p24,267,5,3,4,2,60.0,0,0,0,0,0,0,0,yes,no
insights,human-mouse-s2_aml_15k_p24,268,9,5,6,4,55.6,0,0,0,2,0,0,2,yes,no
insights,human-mouse-s2_aml_15k_p24,269,20,12,38,8,60.0,0,0,0,3,0,0,3,yes,no
insights,human-mouse-s2_aml_15k_p24,270,8,4,9,4,50.0,0,2,2,0,0,0,0,yes,no
insights,human-mouse-s2_aml_15k_p24,271,5,3,6,2,60.0,0,0,0,0,0,0,0,yes,no
insights,human-mouse-s2_aml_15k_p24,272,4,3,0,1,75.0,0,0,0,0,0,0,0,yes,no
insights,human-mouse-s2_aml_15k_p24,273,5,3,5,2,60.0,0,0,0,2,0,0,2,yes,no
insights,human-mouse-s2_aml_15k_p24,274,4,4,8,0,100.0,0,0,0,0,0,0,0,yes,no
insights,human-mouse-s2_aml_15k_p24,275,11,9,7,2,81.8,0,0,0,0,0,0,0,yes,no
insights,human-mouse-s2_aml_15k_p24,276,6,3,4,3,50.0,0,0,0,0,0,0,0,yes,no
insights,human-mouse-s2_aml_15k_p24,277,3,2,3,1,66.7,0,0,0,0,0,0,0,yes,no
insights,human-mouse-s2_aml_15k_p24,278,5,3,15,2,60.0,0,0,0,2,0,0,2,yes,no
insights,human-mouse-s2_aml_15k_p24,279,4,3,4,1,75.0,0,0,0,0,0,0,0,yes,no
insights,human-mouse-s2_aml_15k_p24,280,7,3,12,4,42.9,0,0,0,0,0,0,0,yes,no
insights,human-mouse-s2_aml_15k_p24,281,9,6,12,3,66.7,0,0,0,0,0,0,0,yes,no
insights,human-mouse-s2_aml_15k_p24,282,5,3,14,2,60.0,0,0,0,0,0,0,0,yes,no
insights,human-mouse-s2_aml_15k_p24,283,4,3,3,1,75.0,0,0,0,0,0,0,0,yes,no
insights,human-mouse-s2_aml_15k_p24,284,5,3,10,2,60.0,0,0,0,0,0,0,0,yes,no
insights,human-mouse-s2_aml_15k_p24,285,11,9,9,2,81.8,0,0,0,3,0,0,3,yes,no
insights,human-mouse-s2_aml_15k_p24,286,5,3,6,2,60.0,0,0,0,0,0,0,0,yes,no
insights,human-mouse-s2_aml_15k_p24,287,6,5,9,1,83.3,0,0,0,0,0,0,0,yes,no
insights,human-mouse-s2_aml_15k_p24,288,8,6,8,2,75.0,0,0,0,0,0,0,0,yes,no
insights,human-mouse-s2_aml_15k_p24,289,6,3,15,3,50.0,0,0,0,0,0,0,0,yes,no
insights,human-mouse-s2_aml_15k_p24,290,6,4,15,2,66.7,0,0,0,0,0,0,0,yes,no
insights,human-mouse-s2_aml_15k_p24,291,10,8,13,2,80.0,0,4,4,0,0,0,0,yes,no
insights,human-mouse-s2_aml_15k_p24,292,9,7,18,2,77.8,0,0,0,3,0,0,3,yes,no
insights,human-mouse-s2_aml_15k_p24,293,8,5,3,3,62.5,0,0,0,0,0,0,0,yes,no
insights,human-mouse-s2_aml_15k_p24,294,9,7,13,2,77.8,0,2,2,0,0,0,0,yes,no
insights,human-mouse-s2_aml_15k_p24,295,3,2,0,1,66.7,0,0,0,0,0,0,0,yes,no
insights,human-mouse-s2_aml_15k_p24,296,12,8,6,4,66.7,0,0,0,0,0,0,0,yes,no
insights,human-mouse-s2_aml_15k_p24,297,5,3,8,2,60.0,0,0,0,0,0,0,0,yes,no
insights,human-mouse-s2_aml_15k_p24,298,8,6,7,2,75.0,0,0,0,0,0,0,0,yes,no
insights,human-mouse-s2_aml_15k_p24,299,5,3,7,2,60.0,0,0,0,2,0,0,2,yes,no
insights,human-mouse-s2_aml_15k_p24,300,16,14,34,2,87.5,0,0,0,0,0,0,0,yes,no
insights,human-mouse-s2_aml_15k_p24,301,15,12,20,3,80.0,0,0,0,0,0,0,0,yes,no
insights,human-mouse-s2_aml_15k_p24,302,6,5,6,1,83.3,0,0,0,2,0,0,2,yes,no
insights,human-mouse-s2_aml_15k_p24,303,8,5,11,3,62.5,0,0,0,1,0,0,1,yes,no
insights,human-mouse-s2_aml_15k_p24,304,5,3,14,2,60.0,0,0,0,2,0,0,2,yes,no
insights,human-mouse-s2_aml_15k_p24,305,5,3,9,2,60.0,0,0,0,0,0,0,0,yes,no
insights,human-mouse-s2_aml_15k_p24,306,5,4,6,1,80.0,0,0,0,2,0,0,2,yes,no
insights,human-mouse-s2_aml_15k_p24,307,5,3,15,2,60.0,0,0,0,2,0,0,2,yes,no
insights,human-mouse-s2_aml_15k_p24,308,10,8,10,2,80.0,0,0,0,0,0,0,0,yes,no
insights,human-mouse-s2_aml_15k_p24,309,12,9,13,3,75.0,0,0,0,0,0,0,0,yes,no
insights,human-mouse-s2_aml_15k_p24,310,7,4,8,3,57.1,0,0,0,3,0,0,3,yes,no
insights,human-mouse-s2_aml_15k_p24,311,9,5,12,4,55.6,0,0,0,0,0,0,0,yes,no
insights,human-mouse-s2_aml_15k_p24,312,3,2,1,1,66.7,0,0,0,0,0,0,0,yes,no
insights,human-mouse-s2_aml_15k_p24,313,5,3,8,2,60.0,0,0,0,0,0,0,0,yes,no
insights,human-mouse-s2_aml_15k_p24,314,5,3,4,2,60.0,0,0,0,0,0,0,0,yes,no
insights,human-mouse-s2_aml_15k_p24,315,13,9,15,4,69.2,0,0,0,0,0,0,0,yes,no
insights,human-mouse-s2_aml_15k_p24,316,7,4,15,3,57.1,0,0,0,0,0,0,0,yes,no
insights,human-mouse-s2_aml_15k_p24,317,6,4,9,2,66.7,0,0,0,2,0,0,2,yes,no
insights,human-mouse-s2_aml_15k_p24,318,6,4,5,2,66.7,0,0,0,0,0,0,0,yes,no
insights,human-mouse-s2_aml_15k_p24,319,28,23,2,5,82.1,0,0,0,7,0,0,7,yes,no
insights,human-mouse-s2_aml_15k_p24,320,11,6,12,5,54.5,0,0,0,0,0,0,0,yes,no
insights,human-mouse-s2_aml_15k_p24,321,13,11,3,2,84.6,0,0,0,0,0,0,0,yes,no
insights,human-mouse-s2_aml_15k_p24,322,14,11,8,3,78.6,0,0,0,0,0,0,0,yes,no
insights,human-mouse-s2_aml_15k_p24,323,9,5,8,4,55.6,0,0,0,0,0,0,0,yes,no
insights,human-mouse-s2_aml_15k_p24,324,7,4,17,3,57.1,0,3,3,0,0,0,0,yes,no
insights,human-mouse-s2_aml_15k_p24,325,8,8,7,0,100.0,0,0,0,0,0,0,0,yes,no
insights,human-mouse-s2_aml_15k_p24,326,6,4,5,2,66.7,0,0,0,0,0,0,0,yes,no
insights,human-mouse-s2_aml_15k_p24,327,5,3,12,2,60.0,0,0,0,0,0,0,0,yes,no
insights,human-mouse-s2_aml_15k_p24,328,5,3,14,2,60.0,0,0,0,0,0,0,0,yes,no
insights,human-mouse-s2_aml_15k_p24,329,9,8,4,1,88.9,0,0,0,0,0,0,0,yes,no
insights,human-mouse-s2_aml_15k_p24,330,10,8,5,2,80.0,0,0,0,0,0,0,0,yes,no
insights,human-mouse-s2_aml_15k_p24,331,5,3,13,2,60.0,0,0,0,2,0,0,2,yes,no
insights,human-mouse-s2_aml_15k_p24,332,5,3,10,2,60.0,0,0,0,0,0,0,0,yes,no
insights,human-mouse-s2_aml_15k_p24,333,5,3,7,2,60.0,0,0,0,1,0,0,1,yes,no
insights,human-mouse-s2_aml_15k_p24,334,5,3,6,2,60.0,0,0,0,0,0,0,0,yes,no
insights,human-mouse-s2_aml_15k_p24,335,6,5,10,1,83.3,0,0,0,0,0,0,0,yes,no
insights,human-mouse-s2_aml_15k_p24,336,4,2,5,2,50.0,0,0,0,0,0,0,0,yes,no
insights,human-mouse-s2_aml_15k_p24,337,5,3,8,2,60.0,0,0,0,2,0,0,2,yes,no
insights,human-mouse-s2_aml_15k_p24,338,5,4,19,1,80.0,0,0,0,1,0,0,1,yes,no
insights,human-mouse-s2_aml_15k_p24,339,161,159,2,2,98.8,0,0,0,0,0,0,0,yes,no
insights,human-mouse-s2_aml_15k_p24,340,4,2,1,2,50.0,0,0,0,0,0,0,0,yes,no
insights,human-mouse-s2_aml_15k_p24,341,6,2,12,4,33.3,0,0,0,0,0,0,0,yes,no
insights,human-mouse-s2_aml_15k_p24,342,4,3,3,1,75.0,0,0,0,0,0,0,0,yes,no
insights,human-mouse-s2_aml_15k_p24,343,11,9,14,2,81.8,0,0,0,0,0,0,0,yes,no
insights,human-mouse-s2_aml_15k_p24,344,5,0,11,5,0.0,0,0,0,0,0,0,0,yes,no
insights,human-mouse-s2_aml_15k_p24,345,5,3,16,2,60.0,0,0,0,1,0,0,1,yes,no
insights,human-mouse-s2_aml_15k_p24,346,11,9,7,2,81.8,0,0,0,0,0,0,0,yes,no
insights,human-mouse-s2_aml_15k_p24,347,7,5,8,2,71.4,0,2,2,0,0,0,0,yes,no
insights,human-mouse-s2_aml_15k_p24,348,6,4,8,2,66.7,0,0,0,0,0,0,0,yes,no
insights,human-mouse-s2_aml_15k_p24,349,4,3,3,1,75.0,0,0,0,0,0,0,0,yes,no
insights,human-mouse-s2_aml_15k_p24,350,6,4,9,2,66.7,0,0,0,2,0,0,2,yes,no
insights,human-mouse-s2_aml_15k_p24,351,7,5,5,2,71.4,0,0,0,3,0,0,3,yes,no
insights,human-mouse-s2_aml_15k_p24,352,6,3,13,3,50.0,0,0,0,2,0,0,2,yes,no
insights,human-mouse-s2_aml_15k_p24,353,6,4,7,2,66.7,0,0,0,2,0,0,2,yes,no
insights,human-mouse-s2_aml_15k_p24,354,16,13,7,3,81.2,0,0,0,0,0,0,0,yes,no
insights,human-mouse-s2_aml_15k_p24,355,51,51,5,0,100.0,0,0,0,0,0,0,0,yes,no
insights,human-mouse-s2_aml_15k_p24,356,5,3,9,2,60.0,0,0,0,1,0,0,1,yes,no
insights,human-mouse-s2_aml_15k_p24,357,5,3,9,2,60.0,0,0,0,0,0,0,0,yes,no
insights,human-mouse-s2_aml_15k_p24,358,8,4,16,4,50.0,0,0,0,1,0,0,1,yes,no
insights,human-mouse-s2_aml_15k_p24,359,6,3,7,3,50.0,0,0,0,0,0,0,0,yes,no
insights,human-mouse-s2_aml_15k_p24,360,6,3,9,3,50.0,0,0,0,2,0,0,2,yes,no
insights,human-mouse-s2_aml_15k_p24,361,4,2,2,2,50.0,0,0,0,0,0,0,0,yes,no
insights,human-mouse-s2_aml_15k_p24,362,3,2,2,1,66.7,0,0,0,0,0,0,0,yes,no
insights,human-mouse-s2_aml_15k_p24,363,5,3,6,2,60.0,0,0,0,0,0,0,0,yes,no
insights,human-mouse-s2_aml_15k_p24,364,8,5,21,3,62.5,0,0,0,2,0,0,2,yes,no
insights,human-mouse-s2_aml_15k_p24,365,3,2,2,1,66.7,0,0,0,0,0,0,0,yes,no
insights,human-mouse-s2_aml_15k_p24,366,16,16,28,0,100.0,0,0,0,0,0,0,0,yes,no
insights,human-mouse-s2_aml_15k_p24,367,41,39,3,2,95.1,0,0,0,0,0,0,0,yes,no
insights,human-mouse-s2_aml_15k_p24,368,10,4,22,6,40.0,0,0,0,1,0,0,1,yes,no
insights,human-mouse-s2_aml_15k_p24,369,8,6,6,2,75.0,0,0,0,0,0,0,0,yes,no
insights,human-mouse-s2_aml_15k_p24,370,18,14,32,4,77.8,0,0,0,0,0,0,0,yes,no
insights,human-mouse-s2_aml_15k_p24,371,13,11,24,2,84.6,0,0,0,0,0,0,0,yes,no
insights,human-mouse-s2_aml_15k_p24,372,5,3,8,2,60.0,0,0,0,0,0,0,0,yes,no
insights,human-mouse-s2_aml_15k_p24,373,11,9,9,2,81.8,0,0,0,3,0,0,3,yes,no
insights,human-mouse-s2_aml_15k_p24,374,5,2,5,3,40.0,0,0,0,2,0,0,2,yes,no
insights,human-mouse-s2_aml_15k_p24,375,6,3,16,3,50.0,0,0,0,2,0,0,2,yes,no
insights,human-mouse-s2_aml_15k_p24,376,5,3,8,2,60.0,0,0,0,1,0,0,1,yes,no
insights,human-mouse-s2_aml_15k_p24,377,21,12,2,9,57.1,0,0,0,0,0,0,0,yes,no
insights,human-mouse-s2_aml_15k_p24,378,5,3,13,2,60.0,0,0,0,3,0,0,3,yes,no
insights,human-mouse-s2_aml_15k_p24,379,6,4,22,2,66.7,0,0,0,0,0,0,0,yes,no
insights,human-mouse-s2_aml_15k_p24,380,6,4,9,2,66.7,0,0,0,0,0,0,0,yes,no
insights,human-mouse-s2_aml_15k_p24,381,5,4,14,1,80.0,0,0,0,2,0,0,2,yes,no
insights,human-mouse-s2_aml_15k_p24,382,5,5,8,0,100.0,0,0,0,0,0,0,0,yes,no
insights,human-mouse-s2_aml_15k_p24,383,6,4,10,2,66.7,0,0,0,0,0,0,0,yes,no
insights,human-mouse-s2_aml_15k_p24,384,5,3,9,2,60.0,0,0,0,0,0,0,0,yes,no
insights,human-mouse-s2_aml_15k_p24,385,5,3,8,2,60.0,0,0,0,0,0,0,0,yes,no
insights,human-mouse-s2_aml_15k_p24,386,4,3,5,1,75.0,0,0,0,0,0,0,0,yes,no
insights,human-mouse-s2_aml_15k_p24,387,4,3,4,1,75.0,0,0,0,0,0,0,0,yes,no
insights,human-mouse-s2_aml_15k_p24,388,20,17,4,3,85.0,0,0,0,0,0,0,0,yes,no
insights,human-mouse-s2_aml_15k_p24,389,6,4,12,2,66.7,0,0,0,0,0,0,0,yes,no
insights,human-mouse-s2_aml_15k_p24,390,11,6,18,5,54.5,0,0,0,0,0,0,0,yes,no
insights,human-mouse-s2_aml_15k_p24,391,5,3,9,2,60.0,0,0,0,0,0,0,0,yes,no
insights,human-mouse-s2_aml_15k_p24,392,5,3,9,2,60.0,0,0,0,0,0,0,0,yes,no
insights,human-mouse-s2_aml_15k_p24,393,25,21,23,4,84.0,0,0,0,3,0,0,3,yes,no
insights,human-mouse-s2_aml_15k_p24,394,8,6,4,2,75.0,0,0,0,0,0,0,0,yes,no
insights,human-mouse-s2_aml_15k_p24,395,5,3,24,2,60.0,0,0,0,0,0,0,0,yes,no
insights,human-mouse-s2_aml_15k_p24,396,10,8,10,2,80.0,0,0,0,0,0,0,0,yes,no
insights,human-mouse-s2_aml_15k_p24,397,5,4,9,1,80.0,0,0,0,0,0,0,0,yes,no
insights,human-mouse-s2_aml_15k_p24,398,10,8,10,2,80.0,0,0,0,0,0,0,0,yes,no
insights,human-mouse-s2_aml_15k_p24,399,11,7,11,4,63.6,0,0,0,0,0,0,0,yes,no
insights,human-mouse-s2_aml_15k_p24,400,5,3,6,2,60.0,0,0,0,0,0,0,0,yes,no
insights,human-mouse-s2_aml_15k_p24,401,5,3,11,2,60.0,0,0,0,2,0,0,2,yes,no
insights,human-mouse-s2_aml_15k_p24,402,5,3,12,2,60.0,0,0,0,1,0,0,1,yes,no
insights,human-mouse-s2_aml_15k_p24,403,5,3,6,2,60.0,0,0,0,2,0,0,2,yes,no
insights,human-mouse-s2_aml_15k_p24,404,6,3,14,3,50.0,0,0,0,0,0,0,0,yes,no
insights,human-mouse-s2_aml_15k_p24,405,6,4,6,2,66.7,0,0,0,2,0,0,2,yes,no
insights,human-mouse-s2_aml_15k_p24,406,5,5,8,0,100.0,0,0,0,0,0,0,0,yes,no
insights,human-mouse-s2_aml_15k_p24,407,4,3,4,1,75.0,0,0,0,0,0,0,0,yes,no
insights,human-mouse-s2_aml_15k_p24,408,5,3,7,2,60.0,0,0,0,0,0,0,0,yes,no
insights,human-mouse-s2_aml_15k_p24,409,5,3,8,2,60.0,0,0,0,0,0,0,0,yes,no
insights,human-mouse-s2_aml_15k_p24,410,6,3,21,3,50.0,0,0,0,0,0,0,0,yes,no
insights,human-mouse-s2_aml_15k_p24,411,5,3,7,2,60.0,0,0,0,2,0,0,2,yes,no
insights,human-mouse-s2_aml_15k_p24,412,9,6,12,3,66.7,0,0,0,0,0,0,0,yes,no
insights,human-mouse-s2_aml_15k_p24,413,4,3,2,1,75.0,0,0,0,0,0,0,0,yes,no
insights,human-mouse-s2_aml_15k_p24,414,4,3,14,1,75.0,0,0,0,0,0,0,0,yes,no
insights,human-mouse-s2_aml_15k_p24,415,10,8,3,2,80.0,0,0,0,0,0,0,0,yes,no
insights,human-mouse-s2_aml_15k_p24,416,9,5,22,4,55.6,0,0,0,0,0,0,0,yes,no
insights,human-mouse-s2_aml_15k_p24,417,5,3,10,2,60.0,0,0,0,0,0,0,0,yes,no
insights,human-mouse-s2_aml_15k_p24,418,14,10,26,4,71.4,0,0,0,8,0,0,8,yes,no
insights,human-mouse-s2_aml_15k_p24,419,16,14,13,2,87.5,0,0,0,0,0,0,0,yes,no
insights,human-mouse-s2_aml_15k_p24,420,7,3,13,4,42.9,0,0,0,0,0,0,0,yes,no
insights,human-mouse-s2_aml_15k_p24,421,5,3,12,2,60.0,0,0,0,0,0,0,0,yes,no
insights,human-mouse-s2_aml_15k_p24,422,3,2,6,1,66.7,0,0,0,0,0,0,0,yes,no
insights,human-mouse-s2_aml_15k_p24,423,5,3,11,2,60.0,0,2,2,0,0,0,0,yes,no
insights,human-mouse-s2_aml_15k_p24,424,5,2,7,3,40.0,0,0,0,2,0,0,2,yes,no
insights,human-mouse-s2_aml_15k_p24,425,5,3,11,2,60.0,0,0,0,1,0,0,1,yes,no
insights,human-mouse-s2_aml_15k_p24,426,8,7,8,1,87.5,0,0,0,0,0,0,0,yes,no
insights,human-mouse-s2_aml_15k_p24,427,32,29,9,3,90.6,0,0,0,0,0,0,0,yes,no
insights,human-mouse-s2_aml_15k_p24,428,6,6,6,0,100.0,0,0,0,0,0,0,0,no,no
insights,human-mouse-s2_aml_15k_p24,429,59,56,2,3,94.9,0,0,0,0,0,0,0,yes,no
insights,human-mouse-s2_aml_15k_p24,430,16,6,13,10,37.5,0,0,0,0,0,0,0,yes,no
insights,human-mouse-s2_aml_15k_p24,431,8,4,20,4,50.0,0,0,0,2,0,0,2,yes,no
insights,human-mouse-s2_aml_15k_p24,432,6,4,11,2,66.7,0,0,0,0,0,0,0,yes,no
insights,human-mouse-s2_aml_15k_p24,433,5,3,8,2,60.0,0,0,0,2,0,0,2,yes,no
insights,human-mouse-s2_aml_15k_p24,434,5,3,6,2,60.0,0,0,0,0,0,0,0,yes,no
insights,human-mouse-s2_aml_15k_p24,435,4,3,5,1,75.0,0,0,0,0,0,0,0,yes,no
insights,human-mouse-s2_aml_15k_p24,436,74,71,5,3,95.9,0,0,0,4,0,0,4,yes,no
insights,human-mouse-s2_aml_15k_p24,437,5,3,13,2,60.0,0,0,0,0,0,0,0,yes,no
insights,human-mouse-s2_aml_15k_p24,438,5,2,17,3,40.0,0,0,0,0,0,0,0,yes,no
insights,human-mouse-s2_aml_15k_p24,439,5,3,8,2,60.0,0,0,0,0,0,0,0,yes,no
insights,human-mouse-s2_aml_15k_p24,440,51,49,18,2,96.1,0,0,0,0,0,0,0,yes,no
insights,human-mouse-s2_aml_15k_p24,441,10,6,14,4,60.0,0,2,2,0,0,0,0,yes,no
insights,human-mouse-s2_aml_15k_p24,442,5,5,4,0,100.0,0,0,0,0,0,0,0,yes,no
insights,human-mouse-s2_aml_15k_p24,443,8,6,11,2,75.0,0,0,0,1,0,0,1,yes,no
insights,human-mouse-s2_aml_15k_p24,444,5,4,1,1,80.0,0,0,0,0,0,0,0,yes,no
insights,human-mouse-s2_aml_15k_p24,445,5,3,9,2,60.0,0,0,0,0,0,0,0,yes,no
insights,human-mouse-s2_aml_15k_p24,446,4,3,6,1,75.0,0,0,0,0,0,0,0,yes,no
insights,human-mouse-s2_aml_15k_p24,447,5,3,8,2,60.0,0,0,0,0,0,0,0,yes,no
insights,human-mouse-s2_aml_15k_p24,448,7,5,1,2,71.4,0,0,0,0,0,0,0,yes,no
insights,human-mouse-s2_aml_15k_p24,449,14,10,17,4,71.4,0,0,0,0,0,0,0,yes,no
insights,human-mouse-s2_aml_15k_p24,450,6,4,7,2,66.7,0,0,0,0,0,0,0,yes,no
insights,human-mouse-s2_aml_15k_p24,451,5,3,4,2,60.0,0,0,0,0,0,0,0,yes,no
insights,human-mouse-s2_aml_15k_p24,452,5,3,11,2,60.0,0,0,0,1,0,0,1,yes,no
insights,human-mouse-s2_aml_15k_p24,453,5,3,11,2,60.0,0,0,0,0,0,0,0,yes,no
insights,human-mouse-s2_aml_15k_p24,454,42,31,33,11,73.8,0,0,0,0,0,0,0,yes,no
insights,human-mouse-s2_aml_15k_p24,455,4,3,12,1,75.0,0,0,0,0,0,0,0,yes,no
insights,human-mouse-s2_aml_15k_p24,456,5,3,14,2,60.0,0,0,0,0,0,0,0,yes,no
insights,human-mouse-s2_aml_15k_p24,457,24,19,7,5,79.2,0,0,0,0,0,0,0,yes,no
insights,human-mouse-s2_aml_15k_p24,458,10,8,5,2,80.0,0,0,0,0,0,0,0,yes,no
insights,human-mouse-s2_aml_15k_p24,459,5,3,17,2,60.0,0,0,0,0,0,0,0,yes,no
insights,human-mouse-s2_aml_15k_p24,460,5,4,9,1,80.0,0,0,0,0,0,0,0,yes,no
insights,human-mouse-s2_aml_15k_p24,461,6,5,14,1,83.3,0,0,0,1,0,0,1,yes,no
insights,human-mouse-s2_aml_15k_p24,462,10,10,7,0,100.0,0,0,0,0,0,0,0,yes,no
insights,human-mouse-s2_aml_15k_p24,463,6,5,2,1,83.3,0,0,0,0,0,0,0,yes,no
insights,human-mouse-s2_aml_15k_p24,464,5,5,13,0,100.0,0,0,0,1,0,0,1,yes,no
insights,human-mouse-s2_aml_15k_p24,465,9,7,15,2,77.8,0,3,3,0,0,0,0,yes,no
insights,human-mouse-s2_aml_15k_p24,466,48,46,1,2,95.8,0,0,0,0,0,0,0,yes,no
insights,human-mouse-s2_aml_15k_p24,467,5,3,13,2,60.0,0,0,0,0,0,0,0,yes,no
insights,human-mouse-s2_aml_15k_p24,468,24,20,18,4,83.3,0,0,0,0,0,0,0,yes,no
insights,human-mouse-s2_aml_15k_p24,469,10,6,5,4,60.0,0,0,0,0,0,0,0,yes,no
insights,human-mouse-s2_aml_15k_p24,470,5,3,9,2,60.0,0,0,0,0,0,0,0,yes,no
insights,human-mouse-s2_aml_15k_p24,471,5,3,11,2,60.0,0,0,0,0,0,0,0,yes,no
insights,human-mouse-s2_aml_15k_p24,472,30,28,90,2,93.3,0,0,0,0,0,0,0,yes,no
insights,human-mouse-s2_aml_15k_p24,473,6,5,0,1,83.3,0,0,0,0,0,0,0,yes,no
insights,human-mouse-s2_aml_15k_p24,474,5,3,11,2,60.0,0,0,0,0,0,0,0,yes,no
insights,human-mouse-s2_aml_15k_p24,475,5,3,9,2,60.0,0,0,0,0,0,0,0,yes,no
insights,human-mouse-s2_aml_15k_p24,476,5,3,10,2,60.0,0,0,0,2,0,0,2,yes,no
insights,human-mouse-s2_aml_15k_p24,477,13,9,5,4,69.2,0,0,0,0,0,0,0,yes,no
insights,human-mouse-s2_aml_15k_p24,478,6,4,17,2,66.7,0,0,0,3,0,0,3,yes,no
insights,human-mouse-s2_aml_15k_p24,479,14,10,14,4,71.4,0,0,0,0,0,0,0,yes,no
insights,human-mouse-s2_aml_15k_p24,480,133,114,33,19,85.7,0,0,0,0,0,0,0,yes,no
insights,human-mouse-s2_aml_15k_p24,481,8,6,7,2,75.0,0,0,0,0,0,0,0,yes,no
insights,human-mouse-s2_aml_15k_p24,482,5,3,7,2,60.0,0,0,0,0,0,0,0,yes,no
insights,human-mouse-s2_aml_15k_p24,483,7,5,8,2,71.4,0,0,0,0,0,0,0,yes,no
insights,human-mouse-s2_aml_15k_p24,484,6,3,12,3,50.0,0,0,0,0,0,0,0,yes,no
insights,human-mouse-s2_aml_15k_p24,485,4,4,7,0,100.0,0,0,0,0,0,0,0,yes,no
insights,human-mouse-s2_aml_15k_p24,486,5,3,5,2,60.0,0,0,0,0,0,0,0,yes,no
insights,human-mouse-s2_aml_15k_p24,487,8,6,7,2,75.0,0,0,0,3,0,0,3,yes,no
insights,human-mouse-s2_aml_15k_p24,488,5,3,11,2,60.0,0,0,0,0,0,0,0,yes,no
insights,human-mouse-s2_aml_15k_p24,489,5,3,9,2,60.0,0,0,0,2,0,0,2,yes,no
insights,human-mouse-s2_aml_15k_p24,490,5,3,14,2,60.0,0,0,0,0,0,0,0,yes,no
insights,human-mouse-s2_aml_15k_p24,491,10,7,5,3,70.0,0,0,0,0,0,0,0,yes,no
insights,human-mouse-s2_aml_15k_p24,492,125,118,13,7,94.4,3,3,0,0,0,0,0,yes,no
insights,human-mouse-s2_aml_15k_p24,493,29,21,41,8,72.4,0,0,0,0,0,0,0,yes,no
insights,human-mouse-s2_aml_15k_p24,494,10,9,6,1,90.0,0,0,0,0,0,0,0,yes,no
insights,human-mouse-s2_aml_15k_p24,495,5,4,0,1,80.0,0,0,0,0,0,0,0,yes,no
insights,human-mouse-s2_aml_15k_p24,496,7,4,12,3,57.1,0,0,0,0,0,0,0,yes,no
insights,human-mouse-s2_aml_15k_p24,497,3,2,0,1,66.7,0,0,0,0,0,0,0,yes,no
insights,human-mouse-s2_aml_15k_p24,498,5,3,6,2,60.0,0,0,0,2,0,0,2,yes,no
insights,human-mouse-s2_aml_15k_p24,499,8,5,11,3,62.5,0,2,2,0,0,0,0,yes,no
insights,human-mouse-s2_aml_15k_p24,500,5,3,8,2,60.0,0,0,0,0,0,0,0,yes,no
insights,human-mouse-s2_aml_15k_p24,501,5,3,5,2,60.0,0,0,0,0,0,0,0,yes,no
insights,human-mouse-s2_aml_15k_p24,502,7,5,20,2,71.4,0,3,3,2,0,0,2,yes,no
insights,human-mouse-s2_aml_15k_p24,503,5,3,8,2,60.0,0,0,0,0,0,0,0,yes,no
insights,human-mouse-s2_aml_15k_p24,504,21,19,47,2,90.5,0,0,0,0,0,0,0,yes,no
insights,human-mouse-s2_aml_15k_p24,505,5,3,11,2,60.0,0,0,0,0,0,0,0,yes,no
insights,human-mouse-s2_aml_15k_p24,506,5,3,6,2,60.0,0,0,0,0,0,0,0,yes,no
insights,human-mouse-s2_aml_15k_p24,507,11,9,1,2,81.8,0,0,0,0,0,0,0,yes,no
insights,human-mouse-s2_aml_15k_p24,508,29,27,48,2,93.1,0,0,0,0,0,0,0,yes,no
insights,human-mouse-s2_aml_15k_p24,509,5,4,8,1,80.0,0,0,0,0,0,0,0,yes,no
insights,human-mouse-s2_aml_15k_p24,510,9,5,10,4,55.6,0,0,0,0,0,0,0,yes,no
insights,human-mouse-s2_aml_15k_p24,511,6,3,27,3,50.0,0,0,0,0,0,0,0,yes,no
insights,human-mouse-s2_aml_15k_p24,512,5,3,7,2,60.0,0,0,0,0,0,0,0,yes,no
insights,human-mouse-s2_aml_15k_p24,513,5,3,7,2,60.0,0,0,0,0,0,0,0,yes,no
insights,human-mouse-s2_aml_15k_p24,514,33,25,25,8,75.8,0,0,0,0,0,0,0,yes,no
insights,human-mouse-s2_aml_15k_p24,515,5,3,9,2,60.0,0,0,0,0,0,0,0,yes,no
insights,human-mouse-s2_aml_15k_p24,516,5,3,8,2,60.0,0,0,0,0,0,0,0,yes,no
insights,human-mouse-s2_aml_15k_p24,517,8,4,12,4,50.0,0,0,0,0,0,0,0,yes,no
insights,human-mouse-s2_aml_15k_p24,518,6,4,7,2,66.7,0,0,0,1,0,0,1,yes,no
insights,human-mouse-s2_aml_15k_p24,519,4,2,1,2,50.0,0,0,0,0,0,0,0,yes,no
insights,human-mouse-s2_aml_15k_p24,520,5,3,11,2,60.0,0,0,0,0,0,0,0,yes,no
insights,human-mouse-s2_aml_15k_p24,521,47,35,9,12,74.5,0,0,0,0,0,0,0,yes,no
insights,human-mouse-s2_aml_15k_p24,522,5,4,19,1,80.0,0,0,0,0,0,0,0,yes,no
insights,human-mouse-s2_aml_15k_p24,523,9,6,6,3,66.7,0,0,0,0,0,0,0,yes,no
insights,human-mouse-s2_aml_15k_p24,524,10,8,7,2,80.0,0,0,0,3,0,0,3,yes,no
insights,human-mouse-s2_aml_15k_p24,525,9,6,17,3,66.7,0,3,3,0,0,0,0,yes,no
insights,human-mouse-s2_aml_15k_p24,526,6,3,17,3,50.0,0,0,0,2,0,0,2,yes,no
insights,human-mouse-s2_aml_15k_p24,527,33,30,28,3,90.9,2,1,-1,1,0,0,1,yes,no
insights,human-mouse-s2_aml_15k_p24,528,6,3,12,3,50.0,0,0,0,0,0,0,0,yes,no
insights,human-mouse-s2_aml_15k_p24,529,5,3,6,2,60.0,0,0,0,0,0,0,0,yes,no
insights,human-mouse-s2_aml_15k_p24,530,7,5,8,2,71.4,0,0,0,0,0,0,0,yes,no
insights,human-mouse-s2_aml_15k_p24,531,103,101,1,2,98.1,0,0,0,0,0,0,0,yes,no
insights,human-mouse-s2_aml_15k_p24,532,5,3,6,2,60.0,0,0,0,0,0,0,0,yes,no
insights,human-mouse-s2_aml_15k_p24,533,6,3,7,3,50.0,0,0,0,0,0,0,0,yes,no
insights,human-mouse-s2_aml_15k_p24,534,5,3,8,2,60.0,0,0,0,1,0,0,1,yes,no
insights,human-mouse-s2_aml_15k_p24,535,5,3,9,2,60.0,0,0,0,0,0,0,0,yes,no
insights,human-mouse-s2_aml_15k_p24,536,9,6,5,3,66.7,0,0,0,0,0,0,0,yes,no
insights,human-mouse-s2_aml_15k_p24,537,15,12,9,3,80.0,0,0,0,0,0,0,0,yes,no
insights,human-mouse-s2_aml_15k_p24,538,5,3,13,2,60.0,0,0,0,1,0,0,1,yes,no
insights,human-mouse-s2_aml_15k_p24,539,17,16,0,1,94.1,0,0,0,0,0,0,0,yes,no
insights,human-mouse-s2_aml_15k_p24,540,10,8,16,2,80.0,0,0,0,0,0,0,0,yes,no
insights,human-mouse-s2_aml_15k_p24,541,6,3,14,3,50.0,0,0,0,1,0,0,1,yes,no
insights,human-mouse-s2_aml_15k_p24,542,7,5,4,2,71.4,0,0,0,0,0,0,0,yes,no
insights,human-mouse-s2_aml_15k_p24,543,11,8,18,3,72.7,0,0,0,0,0,0,0,yes,no
insights,human-mouse-s2_aml_15k_p24,544,19,13,17,6,68.4,0,0,0,0,0,0,0,yes,no
insights,human-mouse-s2_aml_15k_p24,545,5,3,4,2,60.0,0,0,0,0,0,0,0,yes,no
insights,human-mouse-s2_aml_15k_p24,546,5,3,9,2,60.0,0,0,0,0,0,0,0,yes,no
insights,human-mouse-s2_aml_15k_p24,547,9,7,12,2,77.8,0,0,0,3,0,0,3,yes,no
insights,human-mouse-s2_aml_15k_p24,548,5,3,16,2,60.0,0,0,0,3,0,0,3,yes,no
insights,human-mouse-s2_aml_15k_p24,549,5,3,8,2,60.0,0,0,0,0,0,0,0,yes,no
insights,human-mouse-s2_aml_15k_p24,550,5,3,8,2,60.0,0,0,0,0,0,0,0,yes,no
insights,human-mouse-s2_aml_15k_p24,551,31,30,19,1,96.8,0,0,0,0,0,0,0,yes,no
insights,human-mouse-s2_aml_15k_p24,552,6,2,11,4,33.3,0,0,0,2,0,0,2,yes,no
insights,human-mouse-s2_aml_15k_p24,553,18,16,9,2,88.9,0,0,0,0,0,0,0,yes,no
insights,human-mouse-s2_aml_15k_p24,554,5,3,7,2,60.0,0,0,0,2,0,0,2,yes,no
insights,human-mouse-s2_aml_15k_p24,555,6,3,7,3,50.0,0,0,0,3,0,0,3,yes,no
insights,human-mouse-s2_aml_15k_p24,556,7,4,5,3,57.1,0,0,0,0,0,0,0,yes,no
insights,human-mouse-s2_aml_15k_p24,557,5,3,9,2,60.0,0,0,0,0,0,0,0,yes,no
insights,human-mouse-s2_aml_15k_p24,558,5,4,16,1,80.0,0,0,0,0,0,0,0,yes,no
insights,human-mouse-s2_aml_15k_p24,559,5,4,2,1,80.0,0,0,0,0,0,0,0,yes,no
insights,human-mouse-s2_aml_15k_p24,560,5,3,8,2,60.0,0,0,0,0,0,0,0,yes,no
insights,human-mouse-s2_aml_15k_p24,561,3,2,4,1,66.7,0,0,0,0,0,0,0,yes,no
insights,human-mouse-s2_aml_15k_p24,562,14,11,17,3,78.6,0,0,0,3,0,0,3,yes,no
insights,human-mouse-s2_aml_15k_p24,563,13,9,21,4,69.2,0,0,0,5,0,0,5,yes,no
insights,human-mouse-s2_aml_15k_p24,564,20,14,26,6,70.0,0,0,0,0,0,0,0,yes,no
insights,human-mouse-s2_aml_15k_p24,565,5,3,9,2,60.0,0,0,0,0,0,0,0,yes,no
insights,human-mouse-s2_aml_15k_p24,566,4,3,5,1,75.0,0,0,0,0,0,0,0,yes,no
insights,human-mouse-s2_aml_15k_p24,567,5,4,4,1,80.0,0,0,0,0,0,0,0,yes,no
insights,human-mouse-s2_aml_15k_p24,568,6,3,10,3,50.0,0,0,0,1,0,0,1,yes,no
insights,human-mouse-s2_aml_15k_p24,569,5,3,9,2,60.0,0,0,0,0,0,0,0,yes,no
insights,human-mouse-s2_aml_15k_p24,570,39,29,17,10,74.4,0,0,0,0,0,0,0,yes,no
insights,human-mouse-s2_aml_15k_p24,571,6,4,3,2,66.7,0,0,0,0,0,0,0,yes,no
insights,human-mouse-s2_aml_15k_p24,572,5,3,6,2,60.0,0,0,0,2,0,0,2,yes,no
insights,human-mouse-s2_aml_15k_p24,573,5,5,11,0,100.0,0,0,0,1,0,0,1,yes,no
insights,human-mouse-s2_aml_15k_p24,574,5,3,9,2,60.0,0,0,0,0,0,0,0,yes,no
insights,human-mouse-s2_aml_15k_p24,575,3,2,0,1,66.7,0,0,0,0,0,0,0,yes,no
insights,human-mouse-s2_aml_15k_p24,576,9,6,11,3,66.7,0,0,0,0,0,0,0,yes,no
insights,human-mouse-s2_aml_15k_p24,577,11,7,17,4,63.6,0,0,0,0,0,0,0,yes,no
insights,human-mouse-s2_aml_15k_p24,578,40,38,4,2,95.0,0,0,0,0,0,0,0,yes,no
insights,human-mouse-s2_aml_15k_p24,579,14,9,3,5,64.3,0,0,0,0,0,0,0,yes,no
insights,human-mouse-s2_aml_15k_p24,580,5,3,11,2,60.0,0,0,0,3,0,0,3,yes,no
insights,human-mouse-s2_aml_15k_p24,581,6,3,11,3,50.0,0,0,0,2,0,0,2,yes,no
insights,human-mouse-s2_aml_15k_p24,582,6,6,6,0,100.0,0,0,0,0,0,0,0,yes,no
insights,human-mouse-s2_aml_15k_p24,583,48,46,2,2,95.8,0,0,0,0,0,0,0,yes,no
insights,human-mouse-s2_aml_15k_p24,584,6,3,5,3,50.0,0,0,0,0,0,0,0,yes,no
insights,human-mouse-s2_aml_15k_p24,585,5,3,15,2,60.0,0,0,0,0,0,0,0,yes,no
insights,human-mouse-s2_aml_15k_p24,586,9,7,6,2,77.8,0,0,0,0,0,0,0,yes,no
insights,human-mouse-s2_aml_15k_p24,587,6,4,9,2,66.7,0,0,0,0,0,0,0,yes,no
insights,human-mouse-s2_aml_15k_p24,588,5,3,3,2,60.0,0,0,0,0,0,0,0,yes,no
insights,human-mouse-s2_aml_15k_p24,589,5,3,1,2,60.0,0,0,0,0,0,0,0,yes,no
insights,human-mouse-s2_aml_15k_p24,590,3,2,0,1,66.7,0,0,0,0,0,0,0,yes,no
insights,human-mouse-s2_aml_15k_p24,591,5,2,5,3,40.0,0,0,0,0,0,0,0,yes,no
insights,human-mouse-s2_aml_15k_p24,592,5,3,11,2,60.0,0,0,0,0,0,0,0,yes,no
insights,human-mouse-s2_aml_15k_p24,593,5,2,4,3,40.0,0,0,0,1,0,0,1,yes,no
insights,human-mouse-s2_aml_15k_p24,594,9,6,6,3,66.7,0,0,0,0,0,0,0,yes,no
insights,human-mouse-s2_aml_15k_p24,595,5,3,12,2,60.0,0,0,0,1,0,0,1,yes,no
insights,human-mouse-s2_aml_15k_p24,596,4,2,1,2,50.0,0,0,0,0,0,0,0,yes,no
insights,human-mouse-s2_aml_15k_p24,597,5,3,11,2,60.0,0,0,0,0,0,0,0,yes,no
insights,human-mouse-s2_aml_15k_p24,598,7,5,25,2,71.4,0,2,2,3,0,0,3,yes,no
insights,human-mouse-s2_aml_15k_p24,599,5,3,9,2,60.0,0,0,0,0,0,0,0,yes,no
insights,human-mouse-s2_aml_15k_p24,600,6,5,14,1,83.3,0,0,0,0,0,0,0,yes,no
insights,human-mouse-s2_aml_15k_p24,601,5,3,6,2,60.0,0,0,0,0,0,0,0,yes,no
insights,human-mouse-s2_aml_15k_p24,602,18,15,8,3,83.3,0,0,0,0,0,0,0,yes,no
insights,human-mouse-s2_aml_15k_p24,603,5,3,6,2,60.0,0,0,0,0,0,0,0,yes,no
insights,human-mouse-s2_aml_15k_p24,604,7,5,4,2,71.4,0,0,0,0,0,0,0,yes,no
insights,human-mouse-s2_aml_15k_p24,605,5,3,8,2,60.0,0,0,0,0,0,0,0,yes,no
insights,human-mouse-s2_aml_15k_p24,606,8,6,8,2,75.0,0,0,0,0,0,0,0,yes,no
insights,human-mouse-s2_aml_15k_p24,607,8,8,11,0,100.0,0,2,2,0,0,0,0,yes,no
insights,human-mouse-s2_aml_15k_p24,608,3,2,0,1,66.7,0,0,0,0,0,0,0,yes,no
insights,human-mouse-s2_aml_15k_p24,609,20,14,19,6,70.0,0,0,0,0,0,0,0,yes,no
insights,human-mouse-s2_aml_15k_p24,610,5,3,10,2,60.0,0,0,0,0,0,0,0,yes,no
insights,human-mouse-s2_aml_15k_p24,611,12,8,11,4,66.7,0,0,0,2,0,0,2,yes,no
insights,human-mouse-s2_aml_15k_p24,612,13,11,13,2,84.6,0,4,4,0,0,0,0,yes,no
insights,human-mouse-s2_aml_15k_p24,613,5,3,6,2,60.0,0,0,0,0,0,0,0,yes,no
insights,human-mouse-s2_aml_15k_p24,614,9,5,17,4,55.6,0,0,0,2,0,0,2,yes,no
insights,human-mouse-s2_aml_15k_p24,615,10,9,13,1,90.0,0,0,0,0,0,0,0,yes,no
insights,human-mouse-s2_aml_15k_p24,616,7,5,10,2,71.4,0,0,0,2,0,0,2,yes,no
insights,human-mouse-s2_aml_15k_p24,617,13,10,18,3,76.9,0,2,2,0,0,0,0,yes,no
insights,human-mouse-s2_aml_15k_p24,618,12,8,13,4,66.7,0,0,0,0,0,0,0,yes,no
insights,human-mouse-s2_aml_15k_p24,619,16,14,12,2,87.5,0,0,0,0,0,0,0,yes,no
insights,human-mouse-s2_aml_15k_p24,620,17,15,3,2,88.2,0,0,0,0,0,0,0,yes,no
insights,human-mouse-s2_aml_15k_p24,621,5,3,12,2,60.0,0,0,0,2,0,0,2,yes,no
insights,human-mouse-s2_aml_15k_p24,622,5,3,6,2,60.0,0,0,0,0,0,0,0,yes,no
insights,human-mouse-s2_aml_15k_p24,623,5,3,5,2,60.0,0,0,0,0,0,0,0,yes,no
insights,human-mouse-s2_aml_15k_p24,624,6,4,6,2,66.7,0,0,0,0,0,0,0,yes,no
insights,human-mouse-s2_aml_15k_p24,625,7,4,13,3,57.1,0,0,0,0,0,0,0,yes,no
insights,human-mouse-s2_aml_15k_p24,626,6,3,6,3,50.0,0,0,0,0,0,0,0,yes,no
insights,human-mouse-s2_aml_15k_p24,627,5,3,6,2,60.0,0,0,0,0,0,0,0,yes,no
insights,human-mouse-s2_aml_15k_p24,628,3,2,0,1,66.7,0,0,0,0,0,0,0,yes,no
insights,human-mouse-s2_aml_15k_p24,629,5,3,13,2,60.0,0,0,0,1,0,0,1,yes,no
insights,human-mouse-s2_aml_15k_p24,630,5,3,8,2,60.0,0,0,0,0,0,0,0,yes,no
insights,human-mouse-s2_aml_15k_p24,631,6,4,11,2,66.7,0,0,0,2,0,0,2,yes,no
insights,human-mouse-s2_aml_15k_p24,632,8,6,13,2,75.0,0,0,0,2,0,0,2,yes,no
insights,human-mouse-s2_aml_15k_p24,633,10,8,13,2,80.0,0,0,0,0,0,0,0,yes,no
insights,human-mouse-s2_aml_15k_p24,634,6,4,8,2,66.7,0,0,0,0,0,0,0,yes,no
insights,human-mouse-s2_aml_15k_p24,635,3,2,3,1,66.7,0,0,0,0,0,0,0,yes,no
insights,human-mouse-s2_aml_15k_p24,636,7,5,9,2,71.4,0,0,0,0,0,0,0,yes,no
insights,human-mouse-s2_aml_15k_p24,637,5,4,9,1,80.0,0,0,0,0,0,0,0,yes,no
insights,human-mouse-s2_aml_15k_p24,638,3,2,2,1,66.7,0,0,0,0,0,0,0,yes,no
insights,human-mouse-s2_aml_15k_p24,639,3,3,5,0,100.0,0,0,0,0,0,0,0,yes,no
insights,human-mouse-s2_aml_15k_p24,640,3,2,0,1,66.7,0,0,0,0,0,0,0,yes,no
insights,human-mouse-s2_aml_15k_p24,641,5,5,11,0,100.0,0,0,0,1,0,0,1,yes,no
insights,human-mouse-s2_aml_15k_p24,642,5,3,15,2,60.0,0,0,0,0,0,0,0,yes,no
insights,human-mouse-s2_aml_15k_p24,643,7,5,9,2,71.4,0,0,0,2,0,0,2,yes,no
insights,human-mouse-s2_aml_15k_p24,644,8,4,7,4,50.0,0,0,0,0,0,0,0,yes,no
insights,human-mouse-s2_aml_15k_p24,645,142,140,38,2,98.6,0,0,0,0,0,0,0,yes,no
insights,human-mouse-s2_aml_15k_p24,646,18,14,8,4,77.8,0,0,0,0,0,0,0,yes,no
insights,human-mouse-s2_aml_15k_p24,647,5,3,8,2,60.0,0,0,0,0,0,0,0,yes,no
insights,human-mouse-s2_aml_15k_p24,648,5,3,12,2,60.0,0,0,0,1,0,0,1,yes,no
insights,human-mouse-s2_aml_15k_p24,649,8,6,8,2,75.0,0,0,0,0,0,0,0,yes,no
insights,human-mouse-s2_aml_15k_p24,650,12,9,19,3,75.0,0,0,0,0,0,0,0,yes,no
insights,human-mouse-s2_aml_15k_p24,651,5,5,0,0,100.0,0,0,0,0,0,0,0,yes,no
insights,human-mouse-s2_aml_15k_p24,652,5,3,9,2,60.0,0,0,0,0,0,0,0,yes,no
insights,human-mouse-s2_aml_15k_p24,653,4,2,2,2,50.0,0,0,0,0,0,0,0,yes,no
insights,human-mouse-s2_aml_15k_p24,654,9,7,17,2,77.8,0,0,0,0,0,0,0,yes,no
insights,human-mouse-s2_aml_15k_p24,655,6,3,5,3,50.0,0,0,0,0,0,0,0,yes,no
insights,human-mouse-s2_aml_15k_p24,656,5,3,7,2,60.0,0,0,0,0,0,0,0,yes,no
insights,human-mouse-s2_aml_15k_p24,657,6,4,12,2,66.7,0,0,0,0,0,0,0,yes,no
insights,human-mouse-s2_aml_15k_p24,658,7,4,11,3,57.1,0,3,3,0,0,0,0,yes,no
insights,human-mouse-s2_aml_15k_p24,659,16,13,5,3,81.2,0,0,0,0,0,0,0,yes,no
insights,human-mouse-s2_aml_15k_p24,660,6,4,9,2,66.7,0,0,0,3,0,0,3,yes,no
insights,human-mouse-s2_aml_15k_p24,661,5,3,7,2,60.0,0,0,0,0,0,0,0,yes,no
insights,human-mouse-s2_aml_15k_p24,662,5,3,14,2,60.0,0,0,0,0,0,0,0,yes,no
insights,human-mouse-s2_aml_15k_p24,663,36,34,46,2,94.4,0,0,0,0,0,0,0,yes,no
insights,human-mouse-s2_aml_15k_p24,664,5,4,8,1,80.0,0,0,0,0,0,0,0,yes,no
insights,human-mouse-s2_aml_15k_p24,665,5,3,6,2,60.0,0,0,0,2,0,0,2,yes,no
insights,human-mouse-s2_aml_15k_p24,666,6,4,3,2,66.7,0,0,0,0,0,0,0,yes,no
insights,human-mouse-s2_aml_15k_p24,667,5,3,9,2,60.0,0,0,0,0,0,0,0,yes,no
insights,human-mouse-s2_aml_15k_p24,668,11,9,4,2,81.8,0,0,0,0,0,0,0,yes,no
insights,human-mouse-s2_aml_15k_p24,669,5,3,6,2,60.0,0,0,0,0,0,0,0,yes,no
insights,human-mouse-s2_aml_15k_p24,670,21,17,15,4,81.0,0,0,0,2,0,0,2,yes,no
insights,human-mouse-s2_aml_15k_p24,671,5,3,6,2,60.0,0,0,0,0,0,0,0,yes,no
insights,human-mouse-s2_aml_15k_p24,672,7,4,10,3,57.1,0,0,0,2,0,0,2,yes,no
insights,human-mouse-s2_aml_15k_p24,673,5,3,12,2,60.0,0,0,0,3,0,0,3,yes,no
insights,human-mouse-s2_aml_15k_p24,674,18,16,6,2,88.9,0,0,0,0,0,0,0,yes,no
insights,human-mouse-s2_aml_15k_p24,675,15,10,11,5,66.7,0,0,0,0,0,0,0,yes,no
insights,human-mouse-s2_aml_15k_p24,676,12,10,8,2,83.3,0,0,0,0,0,0,0,yes,no
insights,human-mouse-s2_aml_15k_p24,677,3,2,2,1,66.7,0,0,0,0,0,0,0,yes,no
insights,human-mouse-s2_aml_15k_p24,678,6,3,14,3,50.0,0,0,0,2,0,0,2,yes,no
insights,human-mouse-s2_aml_15k_p24,679,14,7,11,7,50.0,0,0,0,2,0,0,2,yes,no
insights,human-mouse-s2_aml_15k_p24,680,6,3,2,3,50.0,0,0,0,0,0,0,0,yes,no
insights,human-mouse-s2_aml_15k_p24,681,5,3,9,2,60.0,0,0,0,0,0,0,0,yes,no
insights,human-mouse-s2_aml_15k_p24,682,7,4,24,3,57.1,0,0,0,2,0,0,2,yes,no
insights,human-mouse-s2_aml_15k_p24,683,5,3,5,2,60.0,0,0,0,0,0,0,0,yes,no
insights,human-mouse-s2_aml_15k_p24,684,5,3,18,2,60.0,0,0,0,3,0,0,3,yes,no
insights,human-mouse-s2_aml_15k_p24,685,5,3,8,2,60.0,0,0,0,0,0,0,0,yes,no
insights,human-mouse-s2_aml_15k_p24,686,24,22,6,2,91.7,0,0,0,0,0,0,0,yes,no
insights,human-mouse-s2_aml_15k_p24,687,6,4,18,2,66.7,0,0,0,2,0,0,2,yes,no
insights,human-mouse-s2_aml_15k_p24,688,6,4,4,2,66.7,0,0,0,0,0,0,0,yes,no
insights,human-mouse-s2_aml_15k_p24,689,5,3,6,2,60.0,0,0,0,0,0,0,0,yes,no
insights,human-mouse-s2_aml_15k_p24,690,5,3,18,2,60.0,0,0,0,1,0,0,1,yes,no
insights,human-mouse-s2_aml_15k_p24,691,5,3,14,2,60.0,0,0,0,0,0,0,0,yes,no
insights,human-mouse-s2_aml_15k_p24,692,9,5,15,4,55.6,0,0,0,0,0,0,0,yes,no
insights,human-mouse-s2_aml_15k_p24,693,7,4,4,3,57.1,0,0,0,0,0,0,0,yes,no
insights,human-mouse-s2_aml_15k_p24,694,3,2,2,1,66.7,0,0,0,0,0,0,0,yes,no
insights,human-mouse-s2_aml_15k_p24,695,5,3,7,2,60.0,0,0,0,0,0,0,0,yes,no
insights,human-mouse-s2_aml_15k_p24,696,9,6,12,3,66.7,0,0,0,2,0,0,2,yes,no
insights,human-mouse-s2_aml_15k_p24,697,5,3,7,2,60.0,0,0,0,0,0,0,0,yes,no
insights,human-mouse-s2_aml_15k_p24,698,7,4,5,3,57.1,0,0,0,0,0,0,0,yes,no
insights,human-mouse-s2_aml_15k_p24,699,6,3,16,3,50.0,0,0,0,3,0,0,3,yes,no
insights,human-mouse-s2_aml_15k_p24,700,5,3,15,2,60.0,0,0,0,0,0,0,0,yes,no
insights,human-mouse-s2_aml_15k_p24,701,6,3,7,3,50.0,0,0,0,0,0,0,0,yes,no
insights,human-mouse-s2_aml_15k_p24,702,5,3,9,2,60.0,0,0,0,0,0,0,0,yes,no
insights,human-mouse-s2_aml_15k_p24,703,5,4,7,1,80.0,0,0,0,1,0,0,1,yes,no
insights,human-mouse-s2_aml_15k_p24,704,3,2,0,1,66.7,0,0,0,0,0,0,0,yes,no
insights,human-mouse-s2_aml_15k_p24,705,5,3,9,2,60.0,0,0,0,0,0,0,0,yes,no
insights,human-mouse-s2_aml_15k_p24,706,5,3,6,2,60.0,0,0,0,0,0,0,0,yes,no
insights,human-mouse-s2_aml_15k_p24,707,9,5,7,4,55.6,0,0,0,0,0,0,0,yes,no
insights,human-mouse-s2_aml_15k_p24,708,5,3,6,2,60.0,0,0,0,0,0,0,0,yes,no
insights,human-mouse-s2_aml_15k_p24,709,32,30,23,2,93.8,0,0,0,3,0,0,3,yes,no
insights,human-mouse-s2_aml_15k_p24,710,5,3,10,2,60.0,0,0,0,0,0,0,0,yes,no
insights,human-mouse-s2_aml_15k_p24,711,13,11,19,2,84.6,0,0,0,4,0,0,4,yes,no
insights,human-mouse-s2_aml_15k_p24,712,22,12,30,10,54.5,0,0,0,0,0,0,0,yes,no
insights,human-mouse-s2_aml_15k_p24,713,19,17,7,2,89.5,0,0,0,0,0,0,0,yes,no
insights,human-mouse-s2_aml_15k_p24,714,26,24,16,2,92.3,0,0,0,0,0,0,0,yes,no
insights,human-mouse-s2_aml_15k_p24,715,13,13,7,0,100.0,0,0,0,4,0,0,4,no,no
insights,human-mouse-s2_aml_15k_p24,716,8,5,16,3,62.5,0,0,0,2,0,0,2,yes,no
insights,human-mouse-s2_aml_15k_p24,717,7,4,10,3,57.1,0,0,0,0,0,0,0,yes,no
insights,human-mouse-s2_aml_15k_p24,718,5,3,8,2,60.0,0,0,0,0,0,0,0,yes,no
insights,human-mouse-s2_aml_15k_p24,719,5,3,7,2,60.0,0,0,0,0,0,0,0,yes,no
insights,human-mouse-s2_aml_15k_p24,720,22,17,21,5,77.3,0,3,3,0,0,0,0,yes,no
insights,human-mouse-s2_aml_15k_p24,721,5,3,8,2,60.0,0,0,0,0,0,0,0,yes,no
insights,human-mouse-s2_aml_15k_p24,722,11,8,12,3,72.7,0,2,2,0,0,0,0,yes,no
insights,human-mouse-s2_aml_15k_p24,723,5,3,11,2,60.0,0,5,5,0,0,0,0,yes,no
insights,human-mouse-s2_aml_15k_p24,724,16,16,1,0,100.0,0,0,0,0,0,0,0,yes,no
insights,human-mouse-s2_aml_15k_p24,725,6,3,6,3,50.0,0,0,0,0,0,0,0,yes,no
insights,human-mouse-s2_aml_15k_p24,726,5,3,7,2,60.0,0,0,0,1,0,0,1,yes,no
insights,human-mouse-s2_aml_15k_p24,727,5,3,10,2,60.0,0,0,0,0,0,0,0,yes,no
insights,human-mouse-s2_aml_15k_p24,728,28,25,14,3,89.3,0,0,0,5,0,0,5,yes,no
insights,human-mouse-s2_aml_15k_p24,729,7,4,12,3,57.1,0,0,0,1,0,0,1,yes,no
insights,human-mouse-s2_aml_15k_p24,730,11,7,24,4,63.6,0,0,0,6,0,0,6,yes,no
insights,human-mouse-s2_aml_15k_p24,731,5,3,13,2,60.0,0,0,0,1,0,0,1,yes,no
insights,human-mouse-s2_aml_15k_p24,732,24,23,9,1,95.8,0,0,0,0,0,0,0,yes,no
insights,human-mouse-s2_aml_15k_p24,733,5,3,8,2,60.0,0,0,0,2,0,0,2,yes,no
insights,human-mouse-s2_aml_15k_p24,734,5,3,11,2,60.0,0,0,0,0,0,0,0,yes,no
insights,human-mouse-s2_aml_15k_p24,735,5,3,9,2,60.0,0,0,0,0,0,0,0,yes,no
insights,human-mouse-s2_aml_15k_p24,736,6,5,8,1,83.3,0,2,2,0,0,0,0,yes,no
insights,human-mouse-s2_aml_15k_p24,737,5,3,8,2,60.0,0,0,0,0,0,0,0,yes,no
insights,human-mouse-s2_aml_15k_p24,738,8,6,11,2,75.0,0,2,2,0,0,0,0,yes,no
insights,human-mouse-s2_aml_15k_p24,739,6,5,6,1,83.3,0,0,0,0,0,0,0,yes,no
insights,human-mouse-s2_aml_15k_p24,740,5,3,12,2,60.0,0,0,0,0,0,0,0,yes,no
insights,human-mouse-s2_aml_15k_p24,741,17,11,19,6,64.7,0,0,0,0,0,0,0,yes,no
insights,human-mouse-s2_aml_15k_p24,742,29,27,10,2,93.1,0,2,2,0,0,0,0,yes,no
insights,human-mouse-s2_aml_15k_p24,743,7,4,11,3,57.1,0,0,0,2,0,0,2,yes,no
insights,human-mouse-s2_aml_15k_p24,744,7,5,10,2,71.4,0,2,2,0,0,0,0,yes,no
insights,human-mouse-s2_aml_15k_p24,745,6,4,9,2,66.7,0,0,0,2,0,0,2,yes,no
insights,human-mouse-s2_aml_15k_p24,746,14,12,6,2,85.7,0,0,0,0,0,0,0,yes,no
insights,human-mouse-s2_aml_15k_p24,747,5,2,8,3,40.0,0,0,0,0,0,0,0,yes,no
insights,human-mouse-s2_aml_15k_p24,748,25,23,7,2,92.0,0,0,0,0,0,0,0,yes,no
insights,human-mouse-s2_aml_15k_p24,749,6,3,9,3,50.0,0,0,0,0,0,0,0,yes,no
insights,human-mouse-s2_aml_15k_p24,750,6,3,9,3,50.0,0,0,0,0,0,0,0,yes,no
insights,human-mouse-s2_aml_15k_p24,751,5,3,10,2,60.0,0,0,0,2,0,0,2,yes,no
insights,human-mouse-s2_aml_15k_p24,752,6,3,9,3,50.0,0,5,5,0,0,0,0,yes,no
insights,human-mouse-s2_aml_15k_p24,753,3,2,2,1,66.7,0,0,0,0,0,0,0,yes,no
insights,human-mouse-s2_aml_15k_p24,754,11,7,17,4,63.6,0,0,0,0,0,0,0,yes,no
insights,human-mouse-s2_aml_15k_p24,755,9,7,8,2,77.8,0,0,0,0,0,0,0,yes,no
insights,human-mouse-s2_aml_15k_p24,756,19,13,22,6,68.4,0,0,0,0,0,0,0,yes,no
insights,human-mouse-s2_aml_15k_p24,757,3,3,0,0,100.0,0,0,0,0,0,0,0,yes,no
insights,human-mouse-s2_aml_15k_p24,758,7,5,9,2,71.4,0,0,0,2,0,0,2,yes,no
insights,human-mouse-s2_aml_15k_p24,759,5,2,7,3,40.0,0,0,0,0,0,0,0,yes,no
insights,human-mouse-s2_aml_15k_p24,760,5,3,0,2,60.0,0,0,0,0,0,0,0,yes,no
insights,human-mouse-s2_aml_15k_p24,761,3,2,4,1,66.7,0,0,0,0,0,0,0,yes,no
insights,human-mouse-s2_aml_15k_p24,762,76,73,33,3,96.1,0,0,0,0,0,0,0,yes,no
insights,human-mouse-s2_aml_15k_p24,763,7,4,5,3,57.1,0,0,0,0,0,0,0,yes,no
insights,human-mouse-s2_aml_15k_p24,764,16,14,13,2,87.5,0,0,0,0,0,0,0,yes,no
insights,human-mouse-s2_aml_15k_p24,765,28,25,26,3,89.3,0,0,0,0,0,0,0,yes,no
insights,human-mouse-s2_aml_15k_p24,766,4,3,2,1,75.0,0,0,0,2,0,0,2,yes,no
insights,human-mouse-s2_aml_15k_p24,767,5,3,10,2,60.0,0,0,0,0,0,0,0,yes,no
insights,human-mouse-s2_aml_15k_p24,768,5,3,13,2,60.0,0,0,0,0,0,0,0,yes,no
insights,human-mouse-s2_aml_15k_p24,769,3,2,7,1,66.7,0,0,0,0,0,0,0,yes,no
insights,human-mouse-s2_aml_15k_p24,770,17,14,35,3,82.4,0,0,0,3,0,0,3,yes,no
insights,human-mouse-s2_aml_15k_p24,771,11,9,11,2,81.8,0,0,0,0,0,0,0,yes,no
insights,human-mouse-s2_aml_15k_p24,772,3,2,0,1,66.7,0,0,0,0,0,0,0,yes,no
insights,human-mouse-s2_aml_15k_p24,773,5,3,11,2,60.0,0,5,5,0,0,0,0,yes,no
insights,human-mouse-s2_aml_15k_p24,774,6,3,10,3,50.0,0,0,0,0,0,0,0,yes,no
insights,human-mouse-s2_aml_15k_p24,775,6,3,18,3,50.0,0,0,0,0,0,0,0,yes,no
insights,human-mouse-s2_aml_15k_p24,776,4,3,2,1,75.0,0,0,0,0,0,0,0,yes,no
insights,human-mouse-s2_aml_15k_p24,777,6,4,6,2,66.7,0,0,0,3,0,0,3,yes,no
insights,human-mouse-s2_aml_15k_p24,778,4,4,2,0,100.0,0,0,0,0,0,0,0,yes,no
insights,human-mouse-s2_aml_15k_p24,779,6,3,16,3,50.0,0,0,0,2,0,0,2,yes,no
insights,human-mouse-s2_aml_15k_p24,780,4,2,2,2,50.0,0,0,0,0,0,0,0,yes,no
insights,human-mouse-s2_aml_15k_p24,781,10,6,4,4,60.0,0,0,0,1,0,0,1,yes,no
insights,human-mouse-s2_aml_15k_p24,782,13,9,11,4,69.2,0,0,0,0,0,0,0,yes,no
insights,human-mouse-s2_aml_15k_p24,783,5,3,5,2,60.0,0,0,0,0,0,0,0,yes,no
insights,human-mouse-s2_aml_15k_p24,784,5,4,5,1,80.0,0,0,0,0,0,0,0,yes,no
insights,human-mouse-s2_aml_15k_p24,785,12,9,15,3,75.0,0,0,0,1,0,0,1,yes,no
insights,human-mouse-s2_aml_15k_p24,786,5,3,5,2,60.0,0,0,0,1,0,0,1,yes,no
insights,human-mouse-s2_aml_15k_p24,787,5,3,7,2,60.0,0,0,0,0,0,0,0,yes,no
insights,human-mouse-s2_aml_15k_p24,788,5,3,7,2,60.0,0,0,0,1,0,1,2,yes,no
insights,human-mouse-s2_aml_15k_p24,789,22,19,8,3,86.4,0,0,0,0,0,0,0,yes,no
insights,human-mouse-s2_aml_15k_p24,790,6,4,12,2,66.7,0,0,0,0,0,0,0,yes,no
insights,human-mouse-s2_aml_15k_p24,791,3,2,6,1,66.7,0,0,0,0,0,0,0,yes,no
insights,human-mouse-s2_aml_15k_p24,792,3,2,3,1,66.7,0,0,0,0,0,0,0,yes,no
insights,human-mouse-s2_aml_15k_p24,793,3,2,1,1,66.7,0,0,0,0,0,0,0,yes,no
insights,human-mouse-s2_aml_15k_p24,794,5,3,11,2,60.0,0,0,0,0,0,0,0,yes,no
insights,human-mouse-s2_aml_15k_p24,795,7,4,14,3,57.1,0,0,0,0,0,0,0,yes,no
insights,human-mouse-s2_aml_15k_p24,796,3,2,2,1,66.7,0,0,0,0,0,0,0,yes,no
insights,human-mouse-s2_aml_15k_p24,797,14,10,6,4,71.4,0,0,0,2,0,0,2,yes,no
insights,human-mouse-s2_aml_15k_p24,798,3,2,2,1,66.7,0,0,0,0,0,0,0,yes,no
insights,human-mouse-s2_aml_15k_p24,799,3,2,0,1,66.7,0,0,0,0,0,0,0,yes,no
insights,human-mouse-s2_aml_15k_p24,800,10,7,9,3,70.0,0,2,2,0,0,0,0,yes,no
insights,human-mouse-s2_aml_15k_p24,801,6,5,6,1,83.3,0,0,0,0,0,0,0,yes,no
insights,human-mouse-s2_aml_15k_p24,802,3,2,2,1,66.7,0,0,0,0,0,0,0,yes,no
insights,human-mouse-s2_aml_15k_p24,803,3,2,6,1,66.7,0,0,0,0,0,0,0,yes,no
insights,human-mouse-s2_aml_15k_p24,804,3,2,1,1,66.7,0,0,0,0,0,0,0,yes,no
insights,human-mouse-s2_aml_15k_p24,805,3,2,6,1,66.7,0,0,0,0,0,0,0,yes,no
insights,human-mouse-s2_aml_15k_p24,806,16,10,25,6,62.5,0,0,0,5,0,0,5,yes,no
insights,human-mouse-s2_aml_15k_p24,807,11,8,13,3,72.7,0,2,2,0,0,0,0,yes,no
insights,human-mouse-s2_aml_15k_p24,808,8,6,21,2,75.0,0,0,0,0,0,0,0,yes,no
insights,human-mouse-s2_aml_15k_p24,809,6,4,15,2,66.7,0,0,0,0,0,0,0,yes,no
insights,human-mouse-s2_aml_15k_p24,810,3,3,2,0,100.0,0,0,0,0,0,0,0,yes,no
insights,human-mouse-s2_aml_15k_p24,811,5,3,12,2,60.0,0,0,0,0,0,0,0,yes,no
insights,human-mouse-s2_aml_15k_p24,812,7,4,4,3,57.1,0,0,0,0,0,0,0,yes,no
insights,human-mouse-s2_aml_15k_p24,813,4,2,1,2,50.0,0,0,0,0,0,0,0,yes,no
insights,human-mouse-s2_aml_15k_p24,814,4,2,2,2,50.0,0,0,0,0,0,0,0,yes,no
insights,human-mouse-s2_aml_15k_p24,815,3,2,1,1,66.7,0,0,0,0,0,0,0,yes,no
insights,human-mouse-s2_aml_15k_p24,816,7,4,9,3,57.1,0,0,0,0,0,0,0,yes,no
insights,human-mouse-s2_aml_15k_p24,817,3,2,3,1,66.7,0,0,0,0,0,0,0,yes,no
insights,human-mouse-s2_aml_15k_p24,818,3,2,0,1,66.7,0,0,0,0,0,0,0,yes,no
insights,human-mouse-s2_aml_15k_p24,819,7,5,8,2,71.4,0,0,0,1,0,0,1,yes,no
insights,human-mouse-s2_aml_15k_p24,820,7,5,10,2,71.4,0,0,0,4,0,0,4,yes,no
insights,human-mouse-s2_aml_15k_p24,821,5,3,4,2,60.0,0,0,0,0,0,0,0,yes,no
insights,human-mouse-s2_aml_15k_p24,822,7,5,2,2,71.4,0,0,0,0,0,0,0,yes,no
insights,human-mouse-s2_aml_15k_p24,823,4,4,1,0,100.0,0,0,0,0,0,0,0,yes,no
insights,human-mouse-s2_aml_15k_p24,824,7,5,16,2,71.4,0,0,0,2,0,0,2,yes,no
insights,human-mouse-s2_aml_15k_p24,825,9,6,37,3,66.7,0,0,0,0,0,0,0,yes,no
insights,human-mouse-s2_aml_15k_p24,826,7,4,22,3,57.1,0,0,0,2,0,0,2,yes,no
insights,human-mouse-s2_aml_15k_p24,827,7,5,8,2,71.4,0,0,0,0,0,0,0,yes,no
insights,human-mouse-s2_aml_15k_p24,828,4,2,2,2,50.0,0,0,0,0,0,0,0,yes,no
insights,human-mouse-s2_aml_15k_p24,829,5,3,10,2,60.0,0,0,0,1,0,0,1,yes,no
insights,human-mouse-s2_aml_15k_p24,830,24,20,8,4,83.3,0,0,0,4,0,0,4,yes,no
insights,human-mouse-s2_aml_15k_p24,831,3,2,1,1,66.7,0,0,0,0,0,0,0,yes,no
insights,human-mouse-s2_aml_15k_p24,832,4,3,4,1,75.0,0,0,0,0,0,0,0,yes,no
insights,human-mouse-s2_aml_15k_p24,833,3,2,0,1,66.7,0,0,0,0,0,0,0,yes,no
insights,human-mouse-s2_aml_15k_p24,834,7,5,8,2,71.4,0,2,2,0,0,0,0,yes,no
insights,human-mouse-s2_aml_15k_p24,835,8,5,4,3,62.5,0,0,0,0,0,0,0,yes,no
insights,human-mouse-s2_aml_15k_p24,836,5,3,6,2,60.0,0,0,0,2,0,0,2,yes,no
insights,human-mouse-s2_aml_15k_p24,837,8,0,20,8,0.0,0,0,0,0,0,0,0,yes,no
insights,human-mouse-s2_aml_15k_p24,838,5,3,12,2,60.0,0,0,0,0,0,0,0,yes,no
insights,human-mouse-s2_aml_15k_p24,839,5,3,3,2,60.0,0,0,0,0,0,0,0,yes,no
insights,human-mouse-s2_aml_15k_p24,840,5,3,9,2,60.0,0,0,0,2,0,0,2,yes,no
insights,human-mouse-s2_aml_15k_p24,841,5,3,10,2,60.0,0,0,0,3,0,0,3,yes,no
insights,human-mouse-s2_aml_15k_p24,842,9,7,12,2,77.8,0,2,2,0,0,1,1,yes,no
insights,human-mouse-s2_aml_15k_p24,843,6,4,10,2,66.7,0,0,0,0,0,0,0,yes,no
insights,human-mouse-s2_aml_15k_p24,844,3,2,0,1,66.7,0,0,0,0,0,0,0,yes,no
insights,human-mouse-s2_aml_15k_p24,845,76,74,21,2,97.4,0,0,0,0,0,0,0,yes,no
insights,human-mouse-s2_aml_15k_p24,846,8,6,15,2,75.0,0,0,0,0,0,0,0,yes,no
insights,human-mouse-s2_aml_15k_p24,847,10,8,3,2,80.0,0,0,0,2,0,0,2,yes,no
insights,human-mouse-s2_aml_15k_p24,848,12,10,18,2,83.3,0,4,4,0,0,0,0,yes,no
insights,human-mouse-s2_aml_15k_p24,849,7,5,6,2,71.4,0,0,0,0,0,0,0,yes,no
insights,human-mouse-s2_aml_15k_p24,850,10,6,21,4,60.0,0,0,0,0,0,0,0,yes,no
insights,human-mouse-s2_aml_15k_p24,851,5,3,1,2,60.0,0,0,0,0,0,0,0,yes,no
insights,human-mouse-s2_aml_15k_p24,852,5,3,8,2,60.0,0,0,0,0,0,0,0,yes,no
insights,human-mouse-s2_aml_15k_p24,853,9,5,5,4,55.6,0,0,0,0,0,0,0,yes,no
insights,human-mouse-s2_aml_15k_p24,854,6,4,11,2,66.7,0,2,2,0,0,0,0,yes,no
insights,human-mouse-s2_aml_15k_p24,855,13,11,3,2,84.6,0,0,0,0,0,0,0,yes,no
insights,human-mouse-s2_aml_15k_p24,856,11,7,14,4,63.6,0,0,0,0,0,0,0,yes,no
insights,human-mouse-s2_aml_15k_p24,857,7,5,4,2,71.4,0,0,0,0,0,0,0,yes,no
insights,human-mouse-s2_aml_15k_p24,858,8,6,14,2,75.0,0,5,5,0,0,0,0,yes,no
insights,human-mouse-s2_aml_15k_p24,859,3,2,0,1,66.7,0,0,0,0,0,0,0,yes,no
insights,human-mouse-s2_aml_15k_p24,860,6,4,5,2,66.7,0,0,0,0,0,0,0,yes,no
insights,human-mouse-s2_aml_15k_p24,861,5,3,7,2,60.0,0,0,0,0,0,0,0,yes,no
insights,human-mouse-s2_aml_15k_p24,862,4,2,4,2,50.0,0,0,0,0,0,0,0,yes,no
insights,human-mouse-s2_aml_15k_p24,863,7,5,10,2,71.4,0,0,0,0,0,0,0,yes,no
insights,human-mouse-s2_aml_15k_p24,864,4,3,2,1,75.0,0,0,0,0,0,0,0,yes,no
insights,human-mouse-s2_aml_15k_p24,865,8,6,6,2,75.0,0,0,0,2,0,0,2,yes,no
insights,human-mouse-s2_aml_15k_p24,866,14,10,11,4,71.4,0,0,0,0,0,0,0,yes,no
insights,human-mouse-s2_aml_15k_p24,867,6,4,9,2,66.7,0,0,0,0,0,0,0,yes,no
insights,human-mouse-s2_aml_15k_p24,868,61,45,62,16,73.8,6,11,5,0,0,0,0,yes,no
insights,human-mouse-s2_aml_15k_p24,869,20,19,5,1,95.0,0,0,0,0,0,0,0,yes,no
insights,human-mouse-s2_aml_15k_p24,870,69,62,20,7,89.9,0,0,0,0,0,0,0,yes,no
insights,human-mouse-s2_aml_15k_p24,871,7,3,5,4,42.9,0,0,0,0,0,0,0,yes,no
insights,human-mouse-s2_aml_15k_p24,872,7,5,12,2,71.4,0,0,0,0,0,0,0,yes,no
insights,human-mouse-s2_aml_15k_p24,873,7,4,6,3,57.1,0,0,0,0,0,0,0,yes,no
insights,human-mouse-s2_aml_15k_p24,874,15,13,4,2,86.7,0,0,0,0,0,0,0,yes,no
insights,human-mouse-s2_aml_15k_p24,875,6,4,8,2,66.7,0,0,0,0,0,0,0,yes,no
insights,human-mouse-s2_aml_15k_p24,876,9,6,9,3,66.7,0,0,0,0,0,0,0,yes,no
insights,human-mouse-s2_aml_15k_p24,877,4,4,8,0,100.0,0,0,0,1,0,0,1,yes,no
insights,human-mouse-s2_aml_15k_p24,878,9,5,12,4,55.6,0,0,0,5,0,0,5,yes,no
insights,human-mouse-s2_aml_15k_p24,879,7,5,6,2,71.4,0,0,0,0,0,0,0,yes,no
insights,human-mouse-s2_aml_15k_p24,880,8,6,4,2,75.0,0,0,0,0,0,0,0,yes,no
insights,human-mouse-s2_aml_15k_p24,881,6,4,8,2,66.7,0,0,0,1,0,0,1,yes,no
insights,human-mouse-s2_aml_15k_p24,882,4,2,10,2,50.0,0,0,0,0,0,0,0,yes,no
insights,human-mouse-s2_aml_15k_p24,883,6,4,11,2,66.7,0,0,0,0,0,0,0,yes,no
insights,human-mouse-s2_aml_15k_p24,884,7,4,10,3,57.1,0,0,0,0,0,0,0,yes,no
insights,human-mouse-s2_aml_15k_p24,885,5,3,4,2,60.0,0,0,0,0,0,0,0,yes,no
insights,human-mouse-s2_aml_15k_p24,886,6,4,10,2,66.7,0,0,0,0,0,0,0,yes,no
insights,human-mouse-s2_aml_15k_p24,887,5,3,8,2,60.0,0,0,0,0,0,0,0,yes,no
insights,human-mouse-s2_aml_15k_p24,888,7,5,7,2,71.4,0,0,0,0,0,0,0,yes,no
insights,human-mouse-s2_aml_15k_p24,889,10,6,13,4,60.0,0,0,0,0,0,0,0,yes,no
insights,human-mouse-s2_aml_15k_p24,890,8,5,4,3,62.5,0,0,0,0,0,0,0,yes,no
insights,human-mouse-s2_aml_15k_p24,891,17,13,9,4,76.5,0,0,0,0,0,0,0,yes,no
insights,human-mouse-s2_aml_15k_p24,892,15,6,6,9,40.0,0,0,0,0,0,0,0,yes,no
insights,human-mouse-s2_aml_15k_p24,893,6,2,12,4,33.3,0,0,0,4,0,0,4,yes,no
insights,human-mouse-s2_aml_15k_p24,894,6,4,1,2,66.7,0,0,0,0,0,0,0,yes,no
insights,human-mouse-s2_aml_15k_p24,895,4,3,2,1,75.0,0,0,0,0,0,0,0,yes,no
insights,human-mouse-s2_aml_15k_p24,896,5,3,8,2,60.0,0,0,0,0,0,0,0,yes,no
insights,human-mouse-s2_aml_15k_p24,897,5,3,16,2,60.0,0,0,0,0,0,0,0,yes,no
insights,human-mouse-s2_aml_15k_p24,898,6,4,7,2,66.7,0,0,0,3,0,0,3,yes,no
insights,human-mouse-s2_aml_15k_p24,899,6,4,16,2,66.7,0,0,0,0,0,0,0,yes,no
insights,human-mouse-s2_aml_15k_p24,900,116,115,99,1,99.1,0,0,0,0,0,0,0,yes,no
insights,human-mouse-s2_aml_15k_p24,901,7,4,7,3,57.1,0,0,0,0,0,0,0,yes,no
insights,human-mouse-s2_aml_15k_p24,902,10,8,10,2,80.0,0,1,1,0,0,0,0,yes,no
insights,human-mouse-s2_aml_15k_p24,903,6,4,15,2,66.7,0,0,0,1,0,0,1,yes,no
insights,human-mouse-s2_aml_15k_p24,904,6,2,9,4,33.3,0,0,0,0,0,0,0,yes,no
insights,human-mouse-s2_aml_15k_p24,905,5,2,6,3,40.0,0,0,0,0,0,0,0,yes,no
insights,human-mouse-s2_aml_15k_p24,906,5,3,6,2,60.0,0,0,0,1,0,0,1,yes,no
insights,human-mouse-s2_aml_15k_p24,907,12,7,8,5,58.3,0,0,0,0,0,0,0,yes,no
insights,human-mouse-s2_aml_15k_p24,908,12,8,3,4,66.7,0,0,0,0,0,0,0,yes,no
insights,human-mouse-s2_aml_15k_p24,909,37,37,4,0,100.0,0,0,0,0,0,0,0,no,no
insights,human-mouse-s2_aml_15k_p24,910,6,3,8,3,50.0,0,0,0,0,0,0,0,yes,no
insights,human-mouse-s2_aml_15k_p24,911,12,10,26,2,83.3,0,0,0,5,0,0,5,yes,no
insights,human-mouse-s2_aml_15k_p24,912,14,11,5,3,78.6,0,0,0,0,0,0,0,yes,no
insights,human-mouse-s2_aml_15k_p24,913,10,8,20,2,80.0,0,1,1,0,0,0,0,yes,no
insights,human-mouse-s2_aml_15k_p24,914,3,2,4,1,66.7,0,0,0,0,0,0,0,yes,no
insights,human-mouse-s2_aml_15k_p24,915,5,3,10,2,60.0,0,0,0,0,0,0,0,yes,no
insights,human-mouse-s2_aml_15k_p24,916,7,5,11,2,71.4,0,0,0,0,0,0,0,yes,no
insights,human-mouse-s2_aml_15k_p24,917,9,7,10,2,77.8,0,0,0,3,0,0,3,yes,no
insights,human-mouse-s2_aml_15k_p24,918,5,3,9,2,60.0,0,0,0,0,0,0,0,yes,no
insights,human-mouse-s2_aml_15k_p24,919,5,3,17,2,60.0,0,0,0,1,0,0,1,yes,no
insights,human-mouse-s2_aml_15k_p24,920,5,5,7,0,100.0,0,0,0,0,0,0,0,no,no
insights,human-mouse-s2_aml_15k_p24,921,21,19,14,2,90.5,0,0,0,1,0,0,1,yes,no
insights,human-mouse-s2_aml_15k_p24,922,5,3,9,2,60.0,0,0,0,0,0,0,0,yes,no
insights,human-mouse-s2_aml_15k_p24,923,5,3,8,2,60.0,0,0,0,2,0,0,2,yes,no
insights,human-mouse-s2_aml_15k_p24,924,14,10,16,4,71.4,0,1,1,0,0,0,0,yes,no
insights,human-mouse-s2_aml_15k_p24,925,5,3,4,2,60.0,0,0,0,0,0,0,0,yes,no
insights,human-mouse-s2_aml_15k_p24,926,3,2,3,1,66.7,0,0,0,0,0,0,0,yes,no
insights,human-mouse-s2_aml_15k_p24,927,15,13,10,2,86.7,0,0,0,5,0,0,5,yes,no
insights,human-mouse-s2_aml_15k_p24,928,7,4,19,3,57.1,0,0,0,5,0,0,5,yes,no
insights,human-mouse-s2_aml_15k_p24,929,12,9,11,3,75.0,0,0,0,0,0,0,0,yes,no
insights,human-mouse-s2_aml_15k_p24,930,6,4,9,2,66.7,0,0,0,0,0,0,0,yes,no
insights,human-mouse-s2_aml_15k_p24,931,11,9,19,2,81.8,0,0,0,0,0,0,0,yes,no
insights,human-mouse-s2_aml_15k_p24,932,5,3,9,2,60.0,0,0,0,1,0,0,1,yes,no
insights,human-mouse-s2_aml_15k_p24,933,3,2,2,1,66.7,0,0,0,0,0,0,0,yes,no
insights,human-mouse-s2_aml_15k_p24,934,3,2,5,1,66.7,0,0,0,0,0,0,0,yes,no
insights,human-mouse-s2_aml_15k_p24,935,3,2,9,1,66.7,0,0,0,0,0,0,0,yes,no
insights,human-mouse-s2_aml_15k_p24,936,3,2,3,1,66.7,0,0,0,0,0,0,0,yes,no
insights,human-mouse-s2_aml_15k_p24,937,3,2,4,1,66.7,0,0,0,0,0,0,0,yes,no
insights,human-mouse-s2_aml_15k_p24,938,6,5,12,1,83.3,0,0,0,0,0,0,0,no,no
insights,human-mouse-s2_aml_15k_p24,939,35,30,5,5,85.7,0,0,0,0,0,0,0,yes,no
insights,human-mouse-s2_aml_15k_p24,940,8,6,5,2,75.0,0,0,0,0,0,0,0,yes,no
insights,human-mouse-s2_aml_15k_p24,941,3,1,3,2,33.3,0,0,0,0,0,0,0,yes,no
insights,human-mouse-s2_aml_15k_p24,942,74,74,8,0,100.0,0,0,0,0,0,0,0,yes,no
insights,human-mouse-s2_aml_15k_p24,943,3,2,0,1,66.7,0,0,0,0,0,0,0,yes,no
insights,human-mouse-s2_aml_15k_p24,944,7,4,13,3,57.1,0,0,0,0,0,0,0,yes,no
insights,human-mouse-s2_aml_15k_p24,945,3,2,4,1,66.7,0,0,0,0,0,0,0,yes,no
insights,human-mouse-s2_aml_15k_p24,946,3,2,4,1,66.7,0,0,0,0,0,0,0,yes,no
insights,human-mouse-s2_aml_15k_p24,947,3,2,0,1,66.7,0,0,0,0,0,0,0,yes,no
insights,human-mouse-s2_aml_15k_p24,948,3,2,2,1,66.7,0,0,0,0,0,0,0,yes,no
insights,human-mouse-s2_aml_15k_p24,949,8,5,11,3,62.5,0,0,0,0,0,0,0,yes,no
insights,human-mouse-s2_aml_15k_p24,950,3,2,2,1,66.7,0,0,0,0,0,0,0,yes,no
insights,human-mouse-s2_aml_15k_p24,951,12,10,7,2,83.3,0,0,0,0,0,0,0,yes,no
insights,human-mouse-s2_aml_15k_p24,952,7,5,8,2,71.4,0,0,0,0,0,0,0,yes,no
insights,human-mouse-s2_aml_15k_p24,953,3,2,2,1,66.7,0,0,0,0,0,0,0,yes,no
insights,human-mouse-s2_aml_15k_p24,954,3,2,0,1,66.7,0,0,0,0,0,0,0,yes,no
insights,human-mouse-s2_aml_15k_p24,955,3,2,0,1,66.7,0,0,0,0,0,0,0,yes,no
insights,human-mouse-s2_aml_15k_p24,956,3,3,1,0,100.0,0,0,0,0,0,0,0,yes,no
insights,human-mouse-s2_aml_15k_p24,957,3,2,4,1,66.7,0,0,0,0,0,0,0,yes,no
insights,human-mouse-s2_aml_15k_p24,958,3,2,2,1,66.7,0,0,0,0,0,0,0,yes,no
insights,human-mouse-s2_aml_15k_p24,959,3,2,3,1,66.7,0,0,0,0,0,0,0,yes,no
insights,human-mouse-s2_aml_15k_p24,960,3,2,5,1,66.7,0,0,0,0,0,0,0,yes,no
insights,human-mouse-s2_aml_15k_p24,961,5,3,11,2,60.0,0,0,0,1,0,0,1,yes,no
insights,human-mouse-s2_aml_15k_p24,962,5,3,5,2,60.0,0,0,0,0,0,0,0,yes,no
insights,human-mouse-s2_aml_15k_p24,963,7,5,10,2,71.4,0,0,0,0,0,0,0,yes,no
insights,human-mouse-s2_aml_15k_p24,964,9,6,3,3,66.7,0,0,0,0,0,0,0,yes,no
insights,human-mouse-s2_aml_15k_p24,965,9,7,10,2,77.8,0,1,1,0,0,0,0,yes,no
insights,human-mouse-s2_aml_15k_p24,966,26,23,2,3,88.5,0,0,0,0,0,0,0,yes,no
insights,human-mouse-s2_aml_15k_p24,967,20,15,16,5,75.0,0,0,0,7,0,0,7,yes,no
insights,human-mouse-s2_aml_15k_p24,968,144,141,37,3,97.9,0,0,0,0,0,0,0,yes,no
insights,human-mouse-s2_aml_15k_p24,969,6,5,3,1,83.3,0,0,0,0,0,0,0,yes,no
insights,human-mouse-s2_aml_15k_p24,970,3,2,2,1,66.7,0,0,0,0,0,0,0,yes,no
insights,human-mouse-s2_aml_15k_p24,971,3,2,3,1,66.7,0,0,0,0,0,0,0,yes,no
insights,human-mouse-s2_aml_15k_p24,972,3,2,0,1,66.7,0,0,0,0,0,0,0,yes,no
insights,human-mouse-s2_aml_15k_p24,973,8,6,18,2,75.0,0,0,0,0,0,0,0,yes,no
insights,human-mouse-s2_aml_15k_p24,974,3,2,5,1,66.7,0,0,0,0,0,0,0,yes,no
insights,human-mouse-s2_aml_15k_p24,975,4,3,3,1,75.0,0,0,0,0,0,0,0,yes,no
insights,human-mouse-s2_aml_15k_p24,976,5,3,9,2,60.0,0,0,0,0,0,0,0,yes,no
insights,human-mouse-s2_aml_15k_p24,977,11,9,14,2,81.8,0,0,0,0,0,0,0,yes,no
insights,human-mouse-s2_aml_15k_p24,978,5,3,14,2,60.0,0,0,0,0,0,0,0,yes,no
insights,human-mouse-s2_aml_15k_p24,979,9,5,12,4,55.6,0,0,0,3,0,0,3,yes,no
insights,human-mouse-s2_aml_15k_p24,980,7,4,7,3,57.1,0,0,0,0,0,0,0,yes,no
insights,human-mouse-s2_aml_15k_p24,981,6,4,12,2,66.7,0,0,0,1,0,0,1,yes,no
insights,human-mouse-s2_aml_15k_p24,982,3,2,2,1,66.7,0,0,0,0,0,0,0,yes,no
insights,human-mouse-s2_aml_15k_p24,983,9,7,10,2,77.8,0,0,0,0,0,0,0,yes,no
insights,human-mouse-s2_aml_15k_p24,984,7,6,21,1,85.7,0,0,0,0,0,0,0,yes,no
insights,human-mouse-s2_aml_15k_p24,985,5,3,10,2,60.0,0,0,0,2,0,0,2,yes,no
insights,human-mouse-s2_aml_15k_p24,986,4,3,2,1,75.0,0,0,0,0,0,0,0,yes,no
insights,human-mouse-s2_aml_15k_p24,987,7,4,6,3,57.1,0,0,0,0,0,0,0,yes,no
insights,human-mouse-s2_aml_15k_p24,988,5,4,5,1,80.0,0,0,0,1,0,0,1,yes,no
insights,human-mouse-s2_aml_15k_p24,989,5,3,7,2,60.0,0,0,0,0,0,0,0,yes,no
insights,human-mouse-s2_aml_15k_p24,990,6,4,6,2,66.7,0,0,0,0,0,0,0,yes,no
insights,human-mouse-s2_aml_15k_p24,991,5,3,7,2,60.0,0,0,0,2,0,0,2,yes,no
insights,human-mouse-s2_aml_15k_p24,992,34,33,31,1,97.1,0,0,0,0,0,0,0,yes,no
insights,human-mouse-s2_aml_15k_p24,993,24,21,9,3,87.5,0,0,0,0,0,0,0,yes,no
insights,human-mouse-s2_aml_15k_p24,994,4,3,8,1,75.0,0,0,0,0,0,0,0,yes,no
insights,human-mouse-s2_aml_15k_p24,995,24,22,11,2,91.7,0,0,0,0,0,0,0,yes,no
insights,human-mouse-s2_aml_15k_p24,996,8,4,9,4,50.0,0,0,0,0,0,0,0,yes,no
insights,human-mouse-s2_aml_15k_p24,997,8,6,10,2,75.0,0,0,0,1,0,0,1,yes,no
insights,human-mouse-s2_aml_15k_p24,998,7,5,7,2,71.4,0,0,0,0,0,0,0,yes,no
insights,human-mouse-s2_aml_15k_p24,999,4,2,0,2,50.0,0,0,0,0,0,0,0,yes,no
insights,human-mouse-s2_aml_15k_p24,1000,5,3,7,2,60.0,0,0,0,3,0,0,3,yes,no
insights,human-mouse-s2_aml_15k_p24,1001,26,22,8,4,84.6,0,0,0,0,0,0,0,yes,no
insights,human-mouse-s2_aml_15k_p24,1002,3,2,2,1,66.7,0,0,0,0,0,0,0,yes,no
insights,human-mouse-s2_aml_15k_p24,1003,3,2,2,1,66.7,0,0,0,0,0,0,0,yes,no
insights,human-mouse-s2_aml_15k_p24,1004,7,4,4,3,57.1,0,0,0,0,0,0,0,yes,no
insights,human-mouse-s2_aml_15k_p24,1005,3,3,2,0,100.0,0,0,0,0,0,0,0,yes,no
insights,human-mouse-s2_aml_15k_p24,1006,5,0,11,5,0.0,0,0,0,2,0,0,2,yes,no
insights,human-mouse-s2_aml_15k_p24,1007,3,2,2,1,66.7,0,0,0,0,0,0,0,yes,no
insights,human-mouse-s2_aml_15k_p24,1008,5,3,6,2,60.0,0,0,0,0,0,0,0,yes,no
insights,human-mouse-s2_aml_15k_p24,1009,24,22,18,2,91.7,0,0,0,0,0,0,0,yes,no
insights,human-mouse-s2_aml_15k_p24,1010,11,9,5,2,81.8,0,0,0,0,0,0,0,yes,no
insights,human-mouse-s2_aml_15k_p24,1011,6,6,2,0,100.0,0,0,0,0,0,0,0,yes,no
insights,human-mouse-s2_aml_15k_p24,1012,6,4,14,2,66.7,0,0,0,1,0,0,1,yes,no
insights,human-mouse-s2_aml_15k_p24,1013,5,2,7,3,40.0,0,0,0,0,0,0,0,yes,no
insights,human-mouse-s2_aml_15k_p24,1014,5,5,3,0,100.0,0,0,0,0,0,0,0,yes,no
insights,human-mouse-s2_aml_15k_p24,1015,5,2,11,3,40.0,0,0,0,0,0,0,0,yes,no
insights,human-mouse-s2_aml_15k_p24,1016,3,2,6,1,66.7,0,0,0,0,0,0,0,yes,no
insights,human-mouse-s2_aml_15k_p24,1017,5,3,9,2,60.0,0,0,0,1,0,0,1,yes,no
insights,human-mouse-s2_aml_15k_p24,1018,3,1,2,2,33.3,0,0,0,0,0,1,1,yes,no
insights,human-mouse-s2_aml_15k_p24,1019,4,3,2,1,75.0,0,0,0,0,0,0,0,yes,no
insights,human-mouse-s2_aml_15k_p24,1020,6,3,1,3,50.0,0,0,0,0,0,0,0,yes,no
insights,human-mouse-s2_aml_15k_p24,1021,4,2,1,2,50.0,0,0,0,0,0,0,0,yes,no
insights,human-mouse-s2_aml_15k_p24,1022,25,21,11,4,84.0,0,0,0,0,0,0,0,yes,no
insights,human-mouse-s2_aml_15k_p24,1023,6,5,1,1,83.3,0,0,0,0,0,0,0,no,no
insights,human-mouse-s2_aml_15k_p24,1024,9,6,7,3,66.7,0,0,0,0,0,0,0,yes,no
insights,human-mouse-s2_aml_15k_p24,1025,5,3,11,2,60.0,0,0,0,1,0,0,1,yes,no
insights,human-mouse-s2_aml_15k_p24,1026,6,4,1,2,66.7,0,0,0,0,0,0,0,yes,no
insights,human-mouse-s2_aml_15k_p24,1027,3,2,0,1,66.7,0,0,0,0,0,0,0,yes,no
insights,human-mouse-s2_aml_15k_p24,1028,8,6,4,2,75.0,0,0,0,0,0,0,0,yes,no
insights,human-mouse-s2_aml_15k_p24,1029,4,3,4,1,75.0,0,0,0,1,0,0,1,yes,no
insights,human-mouse-s2_aml_15k_p24,1030,9,5,7,4,55.6,0,0,0,0,0,0,0,yes,no
insights,human-mouse-s2_aml_15k_p24,1031,6,4,10,2,66.7,0,0,0,2,0,0,2,yes,no
insights,human-mouse-s2_aml_15k_p24,1032,4,3,6,1,75.0,0,0,0,0,0,0,0,yes,no
insights,human-mouse-s2_aml_15k_p24,1033,6,4,10,2,66.7,0,0,0,0,0,0,0,yes,no
insights,human-mouse-s2_aml_15k_p24,1034,7,4,20,3,57.1,0,0,0,2,0,0,2,yes,no
insights,human-mouse-s2_aml_15k_p24,1035,6,3,10,3,50.0,0,0,0,0,0,0,0,yes,no
insights,human-mouse-s2_aml_15k_p24,1036,6,4,8,2,66.7,0,0,0,0,0,0,0,yes,no
insights,human-mouse-s2_aml_15k_p24,1037,4,2,4,2,50.0,0,0,0,0,0,0,0,yes,no
insights,human-mouse-s2_aml_15k_p24,1038,4,3,2,1,75.0,0,0,0,0,0,0,0,yes,no
insights,human-mouse-s2_aml_15k_p24,1039,13,9,15,4,69.2,0,0,0,0,0,0,0,yes,no
insights,human-mouse-s2_aml_15k_p24,1040,5,3,7,2,60.0,0,0,0,0,0,0,0,yes,no
insights,human-mouse-s2_aml_15k_p24,1041,8,6,7,2,75.0,0,0,0,0,0,0,0,yes,no
insights,human-mouse-s2_aml_15k_p24,1042,4,2,10,2,50.0,0,0,0,0,0,0,0,yes,no
insights,human-mouse-s2_aml_15k_p24,1043,7,5,3,2,71.4,0,0,0,0,0,0,0,yes,no
insights,human-mouse-s2_aml_15k_p24,1044,6,4,12,2,66.7,0,0,0,2,0,0,2,yes,no
insights,human-mouse-s2_aml_15k_p24,1045,10,8,8,2,80.0,0,1,1,0,0,0,0,yes,no
insights,human-mouse-s2_aml_15k_p24,1046,13,8,28,5,61.5,0,4,4,0,0,0,0,yes,no
insights,human-mouse-s2_aml_15k_p24,1047,5,3,6,2,60.0,0,0,0,4,0,0,4,yes,no
insights,human-mouse-s2_aml_15k_p24,1048,5,3,13,2,60.0,0,0,0,2,0,0,2,yes,no
insights,human-mouse-s2_aml_15k_p24,1049,5,4,1,1,80.0,0,0,0,0,0,0,0,yes,no
insights,human-mouse-s2_aml_15k_p24,1050,38,35,23,3,92.1,0,0,0,0,0,0,0,yes,no
insights,human-mouse-s2_aml_15k_p24,1051,2,2,2,0,100.0,0,0,0,0,0,0,0,no,no
insights,human-mouse-s2_aml_15k_p24,1052,4,4,4,0,100.0,0,0,0,0,0,0,0,yes,no
insights,human-mouse-s2_aml_15k_p24,1053,7,6,5,1,85.7,0,0,0,0,0,0,0,yes,no
insights,human-mouse-s2_aml_15k_p24,1054,7,4,4,3,57.1,0,0,0,0,0,0,0,yes,no
insights,human-mouse-s2_aml_15k_p24,1055,37,30,17,7,81.1,0,0,0,0,0,0,0,yes,no
insights,human-mouse-s2_aml_15k_p24,1056,5,3,6,2,60.0,0,0,0,2,0,0,2,yes,no
insights,human-mouse-s2_aml_15k_p24,1057,6,3,18,3,50.0,0,0,0,0,0,0,0,yes,no
insights,human-mouse-s2_aml_15k_p24,1058,12,10,4,2,83.3,0,0,0,0,0,0,0,yes,no
insights,human-mouse-s2_aml_15k_p24,1059,6,4,10,2,66.7,0,0,0,2,0,0,2,yes,no
insights,human-mouse-s2_aml_15k_p24,1060,5,3,12,2,60.0,0,0,0,2,0,0,2,yes,no
insights,human-mouse-s2_aml_15k_p24,1061,8,4,14,4,50.0,0,0,0,2,0,0,2,yes,no
insights,human-mouse-s2_aml_15k_p24,1062,5,3,5,2,60.0,0,0,0,0,0,0,0,yes,no
insights,human-mouse-s2_aml_15k_p24,1063,15,0,23,15,0.0,0,0,0,1,0,0,1,yes,no
insights,human-mouse-s2_aml_15k_p24,1064,6,2,10,4,33.3,0,0,0,2,0,0,2,yes,no
insights,human-mouse-s2_aml_15k_p24,1065,152,100,142,52,65.8,0,0,0,0,0,0,0,yes,no
insights,human-mouse-s2_aml_15k_p24,1066,8,6,5,2,75.0,0,0,0,0,0,0,0,yes,no
insights,human-mouse-s2_aml_15k_p24,1067,5,3,9,2,60.0,0,0,0,2,0,0,2,yes,no
insights,human-mouse-s2_aml_15k_p24,1068,5,3,5,2,60.0,0,0,0,0,0,0,0,yes,no
insights,human-mouse-s2_aml_15k_p24,1069,10,6,16,4,60.0,0,0,0,0,0,0,0,yes,no
insights,human-mouse-s2_aml_15k_p24,1070,9,4,7,5,44.4,0,0,0,0,0,0,0,yes,no
insights,human-mouse-s2_aml_15k_p24,1071,15,12,9,3,80.0,0,0,0,0,0,0,0,yes,no
insights,human-mouse-s2_aml_15k_p24,1072,6,5,14,1,83.3,0,0,0,1,0,0,1,yes,no
insights,human-mouse-s2_aml_15k_p24,1073,8,6,8,2,75.0,0,0,0,0,0,0,0,yes,no
insights,human-mouse-s2_aml_15k_p24,1074,5,3,2,2,60.0,0,0,0,0,0,0,0,yes,no
insights,human-mouse-s2_aml_15k_p24,1075,5,4,3,1,80.0,0,0,0,0,0,0,0,yes,no
insights,human-mouse-s2_aml_15k_p24,1076,6,3,9,3,50.0,0,0,0,2,0,0,2,yes,no
insights,human-mouse-s2_aml_15k_p24,1077,8,6,2,2,75.0,0,0,0,0,0,0,0,yes,no
insights,human-mouse-s2_aml_15k_p24,1078,9,7,12,2,77.8,0,1,1,3,0,0,3,yes,no
insights,human-mouse-s2_aml_15k_p24,1079,6,4,3,2,66.7,0,0,0,0,0,0,0,yes,no
insights,human-mouse-s2_aml_15k_p24,1080,6,4,11,2,66.7,0,4,4,0,0,0,0,yes,no
insights,human-mouse-s2_aml_15k_p24,1081,20,18,13,2,90.0,0,0,0,0,0,0,0,yes,no
insights,human-mouse-s2_aml_15k_p24,1082,6,3,18,3,50.0,0,4,4,1,0,0,1,yes,no
insights,human-mouse-s2_aml_15k_p24,1083,5,3,7,2,60.0,0,0,0,3,0,0,3,yes,no
insights,human-mouse-s2_aml_15k_p24,1084,4,3,3,1,75.0,0,0,0,0,0,0,0,yes,no
insights,human-mouse-s2_aml_15k_p24,1085,5,3,9,2,60.0,0,0,0,1,0,0,1,yes,no
insights,human-mouse-s2_aml_15k_p24,1086,6,3,6,3,50.0,0,0,0,2,0,0,2,yes,no
insights,human-mouse-s2_aml_15k_p24,1087,4,2,1,2,50.0,0,0,0,0,0,0,0,yes,no
insights,human-mouse-s2_aml_15k_p24,1088,36,35,15,1,97.2,0,0,0,0,0,0,0,yes,no
insights,human-mouse-s2_aml_15k_p24,1089,17,12,6,5,70.6,0,0,0,0,0,0,0,yes,no
insights,human-mouse-s2_aml_15k_p24,1090,5,3,6,2,60.0,0,0,0,0,0,0,0,yes,no
insights,human-mouse-s2_aml_15k_p24,1091,5,3,6,2,60.0,0,0,0,2,0,0,2,yes,no
insights,human-mouse-s2_aml_15k_p24,1092,6,5,14,1,83.3,0,0,0,3,0,0,3,yes,no
insights,human-mouse-s2_aml_15k_p24,1093,14,10,13,4,71.4,0,3,3,0,0,0,0,yes,no
insights,human-mouse-s2_aml_15k_p24,1094,5,2,5,3,40.0,0,0,0,2,0,0,2,yes,no
insights,human-mouse-s2_aml_15k_p24,1095,6,4,13,2,66.7,0,0,0,0,0,0,0,yes,no
insights,human-mouse-s2_aml_15k_p24,1096,4,4,0,0,100.0,0,0,0,0,0,0,0,yes,no
insights,human-mouse-s2_aml_15k_p24,1097,47,45,11,2,95.7,0,0,0,0,0,0,0,yes,no
insights,human-mouse-s2_aml_15k_p24,1098,5,3,5,2,60.0,0,0,0,2,0,0,2,yes,no
insights,human-mouse-s2_aml_15k_p24,1099,26,23,10,3,88.5,0,0,0,0,0,0,0,yes,no
insights,human-mouse-s2_aml_15k_p24,1100,5,3,5,2,60.0,0,0,0,0,0,0,0,yes,no
insights,human-mouse-s2_aml_15k_p24,1101,10,7,14,3,70.0,0,0,0,3,0,0,3,yes,no
insights,human-mouse-s2_aml_15k_p24,1102,7,3,26,4,42.9,0,0,0,3,0,0,3,yes,no
insights,human-mouse-s2_aml_15k_p24,1103,7,5,8,2,71.4,0,0,0,0,0,0,0,yes,no
insights,human-mouse-s2_aml_15k_p24,1104,7,5,7,2,71.4,0,0,0,0,0,0,0,yes,no
insights,human-mouse-s2_aml_15k_p24,1105,5,3,9,2,60.0,0,0,0,0,0,0,0,yes,no
insights,human-mouse-s2_aml_15k_p24,1106,13,10,5,3,76.9,0,0,0,0,0,0,0,yes,no
insights,human-mouse-s2_aml_15k_p24,1107,4,2,1,2,50.0,0,0,0,0,0,0,0,yes,no
insights,human-mouse-s2_aml_15k_p24,1108,5,3,5,2,60.0,0,0,0,0,0,0,0,yes,no
insights,human-mouse-s2_aml_15k_p24,1109,5,2,2,3,40.0,0,0,0,0,0,0,0,yes,no
insights,human-mouse-s2_aml_15k_p24,1110,7,4,9,3,57.1,0,0,0,2,0,0,2,yes,no
insights,human-mouse-s2_aml_15k_p24,1111,7,5,19,2,71.4,0,0,0,3,0,0,3,yes,no
insights,human-mouse-s2_aml_15k_p24,1112,6,4,6,2,66.7,0,0,0,1,0,0,1,yes,no
insights,human-mouse-s2_aml_15k_p24,1113,6,3,8,3,50.0,0,0,0,2,0,0,2,yes,no
insights,human-mouse-s2_aml_15k_p24,1114,3,2,5,1,66.7,0,0,0,0,0,0,0,yes,no
insights,human-mouse-s2_aml_15k_p24,1115,5,4,6,1,80.0,0,0,0,0,0,0,0,yes,no
insights,human-mouse-s2_aml_15k_p24,1116,9,6,17,3,66.7,0,0,0,0,0,0,0,yes,no
insights,human-mouse-s2_aml_15k_p24,1117,33,27,30,6,81.8,0,1,1,0,0,0,0,yes,no
insights,human-mouse-s2_aml_15k_p24,1118,4,2,1,2,50.0,0,0,0,0,0,0,0,yes,no
insights,human-mouse-s2_aml_15k_p24,1119,5,3,10,2,60.0,0,4,4,0,0,0,0,yes,no
insights,human-mouse-s2_aml_15k_p24,1120,8,6,6,2,75.0,0,0,0,0,0,0,0,yes,no
insights,human-mouse-s2_aml_15k_p24,1121,6,4,4,2,66.7,0,0,0,0,0,0,0,yes,no
insights,human-mouse-s2_aml_15k_p24,1122,4,3,5,1,75.0,0,0,0,0,0,0,0,yes,no
insights,human-mouse-s2_aml_15k_p24,1123,5,3,11,2,60.0,0,0,0,2,0,0,2,yes,no
insights,human-mouse-s2_aml_15k_p24,1124,5,3,6,2,60.0,0,0,0,0,0,0,0,yes,no
insights,human-mouse-s2_aml_15k_p24,1125,57,55,5,2,96.5,0,0,0,0,0,0,0,yes,no
insights,human-mouse-s2_aml_15k_p24,1126,5,3,5,2,60.0,0,0,0,0,0,0,0,yes,no
insights,human-mouse-s2_aml_15k_p24,1127,5,4,4,1,80.0,0,0,0,0,0,0,0,yes,no
insights,human-mouse-s2_aml_15k_p24,1128,10,7,13,3,70.0,0,0,0,0,0,0,0,yes,no
insights,human-mouse-s2_aml_15k_p24,1129,9,6,4,3,66.7,0,0,0,0,0,0,0,yes,no
insights,human-mouse-s2_aml_15k_p24,1130,4,3,1,1,75.0,0,0,0,0,0,0,0,yes,no
insights,human-mouse-s2_aml_15k_p24,1131,7,4,11,3,57.1,0,4,4,0,0,0,0,yes,no
insights,human-mouse-s2_aml_15k_p24,1132,5,3,13,2,60.0,0,0,0,2,0,0,2,yes,no
insights,human-mouse-s2_aml_15k_p24,1133,14,12,12,2,85.7,0,0,0,0,0,0,0,yes,no
insights,human-mouse-s2_aml_15k_p24,1134,10,8,2,2,80.0,0,0,0,0,0,0,0,yes,no
insights,human-mouse-s2_aml_15k_p24,1135,98,95,25,3,96.9,0,0,0,0,0,0,0,yes,no
insights,human-mouse-s2_aml_15k_p24,1136,5,3,12,2,60.0,0,0,0,4,0,0,4,yes,no
insights,human-mouse-s2_aml_15k_p24,1137,7,4,5,3,57.1,0,0,0,0,0,0,0,yes,no
insights,human-mouse-s2_aml_15k_p24,1138,7,5,11,2,71.4,0,0,0,0,0,0,0,yes,no
insights,human-mouse-s2_aml_15k_p24,1139,9,8,3,1,88.9,0,0,0,0,0,0,0,yes,no
insights,human-mouse-s2_aml_15k_p24,1140,77,74,8,3,96.1,0,0,0,0,0,0,0,yes,no
insights,human-mouse-s2_aml_15k_p24,1141,19,18,8,1,94.7,0,0,0,0,0,0,0,yes,no
insights,human-mouse-s2_aml_15k_p24,1142,5,4,10,1,80.0,0,0,0,2,0,0,2,yes,no
insights,human-mouse-s2_aml_15k_p24,1143,5,3,5,2,60.0,0,0,0,0,0,0,0,yes,no
insights,human-mouse-s2_aml_15k_p24,1144,19,18,14,1,94.7,0,0,0,1,0,0,1,yes,no
insights,human-mouse-s2_aml_15k_p24,1145,4,3,1,1,75.0,0,0,0,0,0,0,0,yes,no
insights,human-mouse-s2_aml_15k_p24,1146,8,5,13,3,62.5,0,0,0,0,0,0,0,yes,no
insights,human-mouse-s2_aml_15k_p24,1147,7,6,0,1,85.7,0,0,0,0,0,0,0,yes,no
insights,human-mouse-s2_aml_15k_p24,1148,5,4,5,1,80.0,0,0,0,0,0,0,0,yes,no
insights,human-mouse-s2_aml_15k_p24,1149,14,12,11,2,85.7,0,0,0,5,0,0,5,yes,no
insights,human-mouse-s2_aml_15k_p24,1150,4,3,6,1,75.0,0,0,0,0,0,0,0,yes,no
insights,human-mouse-s2_aml_15k_p24,1151,16,13,17,3,81.2,0,3,3,0,0,0,0,yes,no
insights,human-mouse-s2_aml_15k_p24,1152,5,4,2,1,80.0,0,0,0,0,0,0,0,yes,no
insights,human-mouse-s2_aml_15k_p24,1153,4,2,4,2,50.0,0,0,0,0,0,0,0,yes,no
insights,human-mouse-s2_aml_15k_p24,1154,8,6,4,2,75.0,0,0,0,0,0,0,0,yes,no
insights,human-mouse-s2_aml_15k_p24,1155,4,2,3,2,50.0,0,0,0,0,0,0,0,yes,no
insights,human-mouse-s2_aml_15k_p24,1156,8,5,12,3,62.5,0,0,0,2,0,0,2,yes,no
insights,human-mouse-s2_aml_15k_p24,1157,10,9,2,1,90.0,0,0,0,0,0,0,0,yes,no
insights,human-mouse-s2_aml_15k_p24,1158,4,2,4,2,50.0,0,0,0,0,0,0,0,yes,no
insights,human-mouse-s2_aml_15k_p24,1159,4,3,4,1,75.0,0,0,0,0,0,0,0,yes,no
insights,human-mouse-s2_aml_15k_p24,1160,8,5,11,3,62.5,0,0,0,4,0,0,4,yes,no
insights,human-mouse-s2_aml_15k_p24,1161,8,5,6,3,62.5,0,0,0,2,0,0,2,yes,no
insights,human-mouse-s2_aml_15k_p24,1162,14,10,10,4,71.4,0,0,0,0,0,0,0,yes,no
insights,human-mouse-s2_aml_15k_p24,1163,5,3,5,2,60.0,0,0,0,0,0,0,0,yes,no
insights,human-mouse-s2_aml_15k_p24,1164,5,3,6,2,60.0,0,0,0,0,0,0,0,yes,no
insights,human-mouse-s2_aml_15k_p24,1165,6,3,6,3,50.0,0,0,0,0,0,0,0,yes,no
insights,human-mouse-s2_aml_15k_p24,1166,10,7,6,3,70.0,0,0,0,2,0,0,2,yes,no
insights,human-mouse-s2_aml_15k_p24,1167,5,3,5,2,60.0,0,0,0,2,0,0,2,yes,no
insights,human-mouse-s2_aml_15k_p24,1168,6,6,6,0,100.0,0,0,0,0,0,0,0,no,no
insights,human-mouse-s2_aml_15k_p24,1169,6,3,6,3,50.0,0,0,0,0,0,0,0,yes,no
insights,human-mouse-s2_aml_15k_p24,1170,4,3,2,1,75.0,0,0,0,0,0,0,0,yes,no
insights,human-mouse-s2_aml_15k_p24,1171,6,3,9,3,50.0,0,0,0,0,0,0,0,yes,no
insights,human-mouse-s2_aml_15k_p24,1172,8,4,5,4,50.0,0,0,0,1,0,0,1,yes,no
insights,human-mouse-s2_aml_15k_p24,1173,4,3,6,1,75.0,0,0,0,1,0,0,1,yes,no
insights,human-mouse-s2_aml_15k_p24,1174,5,3,6,2,60.0,0,0,0,1,0,0,1,yes,no
insights,human-mouse-s2_aml_15k_p24,1175,8,8,13,0,100.0,0,0,0,0,0,0,0,no,no
insights,human-mouse-s2_aml_15k_p24,1176,7,4,25,3,57.1,0,0,0,1,0,0,1,yes,no
insights,human-mouse-s2_aml_15k_p24,1177,12,12,10,0,100.0,0,4,4,0,0,0,0,no,no
insights,human-mouse-s2_aml_15k_p24,1178,10,8,20,2,80.0,0,0,0,0,0,0,0,yes,no
insights,human-mouse-s2_aml_15k_p24,1179,10,6,18,4,60.0,0,0,0,0,0,0,0,yes,no
insights,human-mouse-s2_aml_15k_p24,1180,7,3,6,4,42.9,0,0,0,0,0,0,0,yes,no
insights,human-mouse-s2_aml_15k_p24,1181,6,3,14,3,50.0,0,0,0,3,0,0,3,yes,no
insights,human-mouse-s2_aml_15k_p24,1182,7,5,7,2,71.4,0,0,0,0,0,0,0,yes,no
insights,human-mouse-s2_aml_15k_p24,1183,45,37,4,8,82.2,0,0,0,0,0,0,0,yes,no
insights,human-mouse-s2_aml_15k_p24,1184,4,1,3,3,25.0,0,0,0,0,0,0,0,yes,no
insights,human-mouse-s2_aml_15k_p24,1185,18,18,4,0,100.0,0,0,0,0,0,0,0,yes,no
insights,human-mouse-s2_aml_15k_p24,1186,92,89,28,3,96.7,0,0,0,0,0,0,0,yes,no
insights,human-mouse-s2_aml_15k_p24,1187,5,3,5,2,60.0,0,0,0,2,0,0,2,yes,no
insights,human-mouse-s2_aml_15k_p24,1188,8,5,13,3,62.5,0,0,0,2,0,0,2,yes,no
insights,human-mouse-s2_aml_15k_p24,1189,4,2,2,2,50.0,0,0,0,0,0,0,0,yes,no
insights,human-mouse-s2_aml_15k_p24,1190,13,8,30,5,61.5,0,0,0,4,0,0,4,yes,no
insights,human-mouse-s2_aml_15k_p24,1191,18,18,10,0,100.0,0,0,0,0,0,0,0,no,no
insights,human-mouse-s2_aml_15k_p24,1192,7,5,6,2,71.4,0,0,0,0,0,0,0,yes,no
insights,human-mouse-s2_aml_15k_p24,1193,5,3,1,2,60.0,0,0,0,0,0,0,0,yes,no
insights,human-mouse-s2_aml_15k_p24,1194,15,13,6,2,86.7,0,0,0,0,0,0,0,yes,no
insights,human-mouse-s2_aml_15k_p24,1195,12,8,4,4,66.7,0,0,0,0,0,0,0,yes,no
insights,human-mouse-s2_aml_15k_p24,1196,9,4,4,5,44.4,0,0,0,0,0,0,0,yes,no
insights,human-mouse-s2_aml_15k_p24,1197,4,3,4,1,75.0,0,0,0,2,0,0,2,yes,no
insights,human-mouse-s2_aml_15k_p24,1198,5,3,3,2,60.0,0,0,0,0,0,0,0,yes,no
insights,human-mouse-s2_aml_15k_p24,1199,7,4,6,3,57.1,0,0,0,0,0,0,0,yes,no
insights,human-mouse-s2_aml_15k_p24,1200,7,5,5,2,71.4,0,0,0,0,0,0,0,yes,no
insights,human-mouse-s2_aml_15k_p24,1201,13,11,4,2,84.6,0,0,0,0,0,0,0,yes,no
insights,human-mouse-s2_aml_15k_p24,1202,7,5,18,2,71.4,0,0,0,0,0,0,0,yes,no
insights,human-mouse-s2_aml_15k_p24,1203,9,5,3,4,55.6,0,0,0,0,0,0,0,yes,no
insights,human-mouse-s2_aml_15k_p24,1204,9,5,4,4,55.6,0,0,0,0,0,0,0,yes,no
insights,human-mouse-s2_aml_15k_p24,1205,12,6,6,6,50.0,0,0,0,0,0,0,0,yes,no
insights,human-mouse-s2_aml_15k_p24,1206,8,6,4,2,75.0,0,0,0,0,0,0,0,yes,no
insights,human-mouse-s2_aml_15k_p24,1207,9,6,15,3,66.7,0,0,0,2,0,0,2,yes,no
insights,human-mouse-s2_aml_15k_p24,1208,4,3,0,1,75.0,0,0,0,0,0,0,0,yes,no
insights,human-mouse-s2_aml_15k_p24,1209,4,3,3,1,75.0,0,0,0,0,0,0,0,yes,no
insights,human-mouse-s2_aml_15k_p24,1210,7,7,1,0,100.0,0,0,0,0,0,0,0,no,no
insights,human-mouse-s2_aml_15k_p24,1211,4,3,3,1,75.0,0,0,0,0,0,0,0,yes,no
insights,human-mouse-s2_aml_15k_p24,1212,7,3,6,4,42.9,0,0,0,0,0,0,0,yes,no
insights,human-mouse-s2_aml_15k_p24,1213,5,5,6,0,100.0,0,0,0,2,0,0,2,no,no
insights,human-mouse-s2_aml_15k_p24,1214,8,6,13,2,75.0,0,0,0,0,0,0,0,yes,no
insights,human-mouse-s2_aml_15k_p24,1215,5,3,7,2,60.0,0,0,0,0,0,0,0,yes,no
insights,human-mouse-s2_aml_15k_p24,1216,5,3,26,2,60.0,0,0,0,4,0,0,4,yes,no
insights,human-mouse-s2_aml_15k_p24,1217,10,10,13,0,100.0,0,0,0,0,0,0,0,yes,no
insights,human-mouse-s2_aml_15k_p24,1218,5,3,4,2,60.0,0,0,0,0,0,0,0,yes,no
insights,human-mouse-s2_aml_15k_p24,1219,5,3,6,2,60.0,0,0,0,0,0,0,0,yes,no
insights,human-mouse-s2_aml_15k_p24,1220,5,3,4,2,60.0,0,0,0,0,0,0,0,yes,no
insights,human-mouse-s2_aml_15k_p24,1221,5,2,4,3,40.0,0,0,0,0,0,0,0,yes,no
insights,human-mouse-s2_aml_15k_p24,1222,8,4,10,4,50.0,0,0,0,0,0,0,0,yes,no
insights,human-mouse-s2_aml_15k_p24,1223,11,7,22,4,63.6,0,0,0,2,0,0,2,yes,no
insights,human-mouse-s2_aml_15k_p24,1224,8,8,2,0,100.0,0,0,0,0,0,0,0,yes,no
insights,human-mouse-s2_aml_15k_p24,1225,21,18,7,3,85.7,0,0,0,0,0,0,0,yes,no
insights,human-mouse-s2_aml_15k_p24,1226,20,18,3,2,90.0,0,0,0,0,0,0,0,yes,no
insights,human-mouse-s2_aml_15k_p24,1227,6,4,5,2,66.7,0,0,0,0,0,0,0,yes,no
insights,human-mouse-s2_aml_15k_p24,1228,11,8,14,3,72.7,0,0,0,0,0,0,0,yes,no
insights,human-mouse-s2_aml_15k_p24,1229,7,4,6,3,57.1,0,0,0,1,0,0,1,yes,no
insights,human-mouse-s2_aml_15k_p24,1230,7,7,5,0,100.0,0,0,0,0,0,0,0,no,no
insights,human-mouse-s2_aml_15k_p24,1231,4,2,1,2,50.0,0,0,0,0,0,0,0,yes,no
insights,human-mouse-s2_aml_15k_p24,1232,11,11,6,0,100.0,0,0,0,0,0,0,0,no,no
insights,human-mouse-s2_aml_15k_p24,1233,12,9,10,3,75.0,0,0,0,0,0,0,0,yes,no
insights,human-mouse-s2_aml_15k_p24,1234,5,4,9,1,80.0,0,0,0,0,0,0,0,yes,no
insights,human-mouse-s2_aml_15k_p24,1235,4,2,1,2,50.0,0,0,0,0,0,0,0,yes,no
insights,human-mouse-s2_aml_15k_p24,1236,7,4,12,3,57.1,0,0,0,0,0,0,0,yes,no
insights,human-mouse-s2_aml_15k_p24,1237,7,5,4,2,71.4,0,0,0,0,0,0,0,yes,no
insights,human-mouse-s2_aml_15k_p24,1238,5,2,5,3,40.0,0,0,0,0,0,0,0,yes,no
insights,human-mouse-s2_aml_15k_p24,1239,4,4,3,0,100.0,0,2,2,0,0,0,0,no,no
insights,human-mouse-s2_aml_15k_p24,1240,5,3,5,2,60.0,0,0,0,0,0,0,0,yes,no
insights,human-mouse-s2_aml_15k_p24,1241,6,4,1,2,66.7,0,0,0,0,0,0,0,yes,no
insights,human-mouse-s2_aml_15k_p24,1242,5,3,5,2,60.0,0,0,0,0,0,0,0,yes,no
insights,human-mouse-s2_aml_15k_p24,1243,4,2,4,2,50.0,0,0,0,1,0,0,1,yes,no
insights,human-mouse-s2_aml_15k_p24,1244,5,3,11,2,60.0,0,0,0,3,0,0,3,yes,no
insights,human-mouse-s2_aml_15k_p24,1245,11,9,11,2,81.8,0,0,0,0,0,0,0,yes,no
insights,human-mouse-s2_aml_15k_p24,1246,6,4,1,2,66.7,0,0,0,0,0,0,0,yes,no
insights,human-mouse-s2_aml_15k_p24,1247,9,7,36,2,77.8,0,0,0,3,0,0,3,yes,no
insights,human-mouse-s2_aml_15k_p24,1248,18,15,19,3,83.3,0,0,0,2,0,0,2,yes,no
insights,human-mouse-s2_aml_15k_p24,1249,9,6,13,3,66.7,0,0,0,0,0,0,0,yes,no
insights,human-mouse-s2_aml_15k_p24,1250,5,3,4,2,60.0,0,0,0,0,0,0,0,yes,no
insights,human-mouse-s2_aml_15k_p24,1251,6,4,6,2,66.7,0,0,0,0,0,0,0,yes,no
insights,human-mouse-s2_aml_15k_p24,1252,9,7,13,2,77.8,0,0,0,0,0,0,0,yes,no
insights,human-mouse-s2_aml_15k_p24,1253,6,3,11,3,50.0,0,0,0,2,0,0,2,yes,no
insights,human-mouse-s2_aml_15k_p24,1254,56,54,4,2,96.4,0,0,0,0,0,0,0,yes,no
insights,human-mouse-s2_aml_15k_p24,1255,5,3,7,2,60.0,0,0,0,0,0,0,0,yes,no
insights,human-mouse-s2_aml_15k_p24,1256,12,9,13,3,75.0,0,0,0,0,0,0,0,yes,no
insights,human-mouse-s2_aml_15k_p24,1257,16,14,12,2,87.5,0,0,0,0,0,0,0,yes,no
insights,human-mouse-s2_aml_15k_p24,1258,14,11,6,3,78.6,0,0,0,0,0,0,0,yes,no
insights,human-mouse-s2_aml_15k_p24,1259,4,2,3,2,50.0,0,0,0,0,0,0,0,yes,no
insights,human-mouse-s2_aml_15k_p24,1260,7,4,5,3,57.1,0,0,0,0,0,0,0,yes,no
insights,human-mouse-s2_aml_15k_p24,1261,9,7,10,2,77.8,0,0,0,0,0,0,0,yes,no
insights,human-mouse-s2_aml_15k_p24,1262,8,5,20,3,62.5,0,0,0,2,0,0,2,yes,no
insights,human-mouse-s2_aml_15k_p24,1263,5,5,12,0,100.0,0,0,0,0,0,0,0,no,no
insights,human-mouse-s2_aml_15k_p24,1264,2,2,0,0,100.0,0,0,0,0,0,0,0,no,no
insights,human-mouse-s2_aml_15k_p24,1265,6,3,9,3,50.0,0,0,0,2,0,0,2,yes,no
insights,human-mouse-s2_aml_15k_p24,1266,5,2,6,3,40.0,0,0,0,0,0,0,0,yes,no
insights,human-mouse-s2_aml_15k_p24,1267,5,3,6,2,60.0,0,0,0,0,0,0,0,yes,no
insights,human-mouse-s2_aml_15k_p24,1268,34,31,3,3,91.2,0,0,0,0,0,0,0,yes,no
insights,human-mouse-s2_aml_15k_p24,1269,5,2,6,3,40.0,0,0,0,3,0,0,3,yes,no
insights,human-mouse-s2_aml_15k_p24,1270,6,6,5,0,100.0,0,0,0,0,0,0,0,no,no
insights,human-mouse-s2_aml_15k_p24,1271,142,140,37,2,98.6,0,0,0,0,0,0,0,yes,no
insights,human-mouse-s2_aml_15k_p24,1272,9,9,7,0,100.0,0,0,0,0,0,0,0,no,no
insights,human-mouse-s2_aml_15k_p24,1273,5,4,8,1,80.0,0,0,0,0,0,0,0,yes,no
insights,human-mouse-s2_aml_15k_p24,1274,9,5,2,4,55.6,0,0,0,3,0,0,3,yes,no
insights,human-mouse-s2_aml_15k_p24,1275,5,3,3,2,60.0,0,0,0,0,0,0,0,yes,no
insights,human-mouse-s2_aml_15k_p24,1276,22,19,6,3,86.4,0,0,0,0,0,0,0,yes,no
insights,human-mouse-s2_aml_15k_p24,1277,5,3,8,2,60.0,0,0,0,2,0,0,2,yes,no
insights,human-mouse-s2_aml_15k_p24,1278,4,1,6,3,25.0,0,0,0,0,0,0,0,yes,no
insights,human-mouse-s2_aml_15k_p24,1279,33,29,21,4,87.9,0,0,0,0,0,0,0,yes,no
insights,human-mouse-s2_aml_15k_p24,1280,4,3,2,1,75.0,0,0,0,0,0,0,0,yes,no
insights,human-mouse-s2_aml_15k_p24,1281,4,3,4,1,75.0,0,0,0,0,0,0,0,yes,no
insights,human-mouse-s2_aml_15k_p24,1282,151,150,47,1,99.3,0,0,0,0,0,2,2,yes,no
insights,human-mouse-s2_aml_15k_p24,1283,5,3,6,2,60.0,0,0,0,0,0,0,0,yes,no
insights,human-mouse-s2_aml_15k_p24,1284,5,4,4,1,80.0,0,0,0,0,0,0,0,yes,no
insights,human-mouse-s2_aml_15k_p24,1285,5,3,6,2,60.0,0,0,0,0,0,0,0,yes,no
insights,human-mouse-s2_aml_15k_p24,1286,6,4,2,2,66.7,0,0,0,0,0,0,0,yes,no
insights,human-mouse-s2_aml_15k_p24,1287,4,2,3,2,50.0,0,0,0,0,0,0,0,yes,no
insights,human-mouse-s2_aml_15k_p24,1288,4,2,5,2,50.0,0,0,0,3,0,0,3,yes,no
insights,human-mouse-s2_aml_15k_p24,1289,12,8,0,4,66.7,0,0,0,0,0,0,0,yes,no
insights,human-mouse-s2_aml_15k_p24,1290,3,3,4,0,100.0,0,0,0,0,0,0,0,yes,no
insights,human-mouse-s2_aml_15k_p24,1291,3,3,0,0,100.0,0,0,0,0,0,0,0,yes,no
insights,human-mouse-s2_aml_15k_p24,1292,5,3,6,2,60.0,0,0,0,0,0,0,0,yes,no
insights,human-mouse-s2_aml_15k_p24,1293,3,2,0,1,66.7,0,0,0,0,0,0,0,yes,no
insights,human-mouse-s2_aml_15k_p24,1294,4,2,2,2,50.0,0,0,0,0,0,0,0,yes,no
insights,human-mouse-s2_aml_15k_p24,1295,9,9,5,0,100.0,0,2,2,0,0,0,0,no,no
insights,human-mouse-s2_aml_15k_p24,1296,5,3,4,2,60.0,0,0,0,0,0,0,0,yes,no
insights,human-mouse-s2_aml_15k_p24,1297,7,7,5,0,100.0,0,0,0,0,0,0,0,no,no
insights,human-mouse-s2_aml_15k_p24,1298,5,3,4,2,60.0,0,0,0,0,0,0,0,yes,no
insights,human-mouse-s2_aml_15k_p24,1299,5,3,4,2,60.0,0,0,0,0,0,0,0,yes,no
insights,human-mouse-s2_aml_15k_p24,1300,9,4,1,5,44.4,0,0,0,0,0,0,0,yes,no
insights,human-mouse-s2_aml_15k_p24,1301,6,4,6,2,66.7,0,0,0,0,0,0,0,yes,no
insights,human-mouse-s2_aml_15k_p24,1302,17,13,6,4,76.5,0,0,0,0,0,0,0,yes,no
insights,human-mouse-s2_aml_15k_p24,1303,5,3,22,2,60.0,0,0,0,2,0,0,2,yes,no
insights,human-mouse-s2_aml_15k_p24,1304,5,3,9,2,60.0,0,0,0,3,0,0,3,yes,no
insights,human-mouse-s2_aml_15k_p24,1305,75,71,17,4,94.7,0,0,0,0,0,0,0,yes,no
insights,human-mouse-s2_aml_15k_p24,1306,24,22,7,2,91.7,0,0,0,0,0,0,0,yes,no
insights,human-mouse-s2_aml_15k_p24,1307,15,14,4,1,93.3,0,0,0,0,0,0,0,yes,no
insights,human-mouse-s2_aml_15k_p24,1308,22,17,21,5,77.3,0,0,0,0,0,0,0,yes,no
insights,human-mouse-s2_aml_15k_p24,1309,25,23,2,2,92.0,0,1,1,0,0,0,0,no,no
insights,human-mouse-s2_aml_15k_p24,1310,3,3,0,0,100.0,0,0,0,0,0,0,0,yes,no
insights,human-mouse-s2_aml_15k_p24,1311,8,6,5,2,75.0,0,0,0,0,0,0,0,no,no
insights,human-mouse-s2_aml_15k_p24,1312,5,4,0,1,80.0,0,0,0,0,0,0,0,yes,no
insights,human-mouse-s2_aml_15k_p24,1313,18,18,5,0,100.0,0,0,0,0,0,0,0,no,no
insights,human-mouse-s2_aml_15k_p24,1314,5,5,0,0,100.0,0,0,0,0,0,0,0,yes,no
insights,human-mouse-s2_aml_15k_p24,1315,9,6,5,3,66.7,0,0,0,4,0,0,4,yes,no
insights,human-mouse-s2_aml_15k_p24,1316,6,4,10,2,66.7,0,0,0,0,0,0,0,yes,no
insights,human-mouse-s2_aml_15k_p24,1317,5,3,7,2,60.0,0,0,0,0,0,0,0,yes,no
insights,human-mouse-s2_aml_15k_p24,1318,5,3,6,2,60.0,0,0,0,0,0,0,0,yes,no
insights,human-mouse-s2_aml_15k_p24,1319,18,16,6,2,88.9,0,0,0,0,0,0,0,yes,no
insights,human-mouse-s2_aml_15k_p24,1320,6,4,5,2,66.7,0,0,0,0,0,0,0,yes,no
insights,human-mouse-s2_aml_15k_p24,1321,4,4,3,0,100.0,0,0,0,0,0,0,0,no,no
insights,human-mouse-s2_aml_15k_p24,1322,12,10,2,2,83.3,0,0,0,0,0,0,0,yes,no
insights,human-mouse-s2_aml_15k_p24,1323,8,4,5,4,50.0,0,0,0,0,0,0,0,yes,no
insights,human-mouse-s2_aml_15k_p24,1324,5,4,2,1,80.0,0,0,0,0,0,0,0,yes,no
insights,human-mouse-s2_aml_15k_p24,1325,5,3,3,2,60.0,0,0,0,0,0,0,0,yes,no
insights,human-mouse-s2_aml_15k_p24,1326,5,4,0,1,80.0,0,0,0,0,0,0,0,yes,no
insights,human-mouse-s2_aml_15k_p24,1327,26,22,14,4,84.6,0,0,0,0,0,0,0,yes,no
insights,human-mouse-s2_aml_15k_p24,1328,3,2,2,1,66.7,0,0,0,0,0,0,0,yes,no
insights,human-mouse-s2_aml_15k_p24,1329,6,6,9,0,100.0,0,0,0,0,0,0,0,yes,no
insights,human-mouse-s2_aml_15k_p24,1330,5,2,3,3,40.0,0,0,0,0,0,0,0,yes,no
insights,human-mouse-s2_aml_15k_p24,1331,6,3,2,3,50.0,0,0,0,0,0,0,0,yes,no
insights,human-mouse-s2_aml_15k_p24,1332,5,3,3,2,60.0,0,0,0,0,0,0,0,yes,no
insights,human-mouse-s2_aml_15k_p24,1333,7,4,13,3,57.1,0,0,0,3,0,0,3,yes,no
insights,human-mouse-s2_aml_15k_p24,1334,6,4,18,2,66.7,0,4,4,2,0,0,2,yes,no
insights,human-mouse-s2_aml_15k_p24,1335,5,4,6,1,80.0,0,0,0,2,0,0,2,yes,no
insights,human-mouse-s2_aml_15k_p24,1336,5,3,7,2,60.0,0,0,0,0,0,0,0,yes,no
insights,human-mouse-s2_aml_15k_p24,1337,5,3,7,2,60.0,0,0,0,0,0,0,0,yes,no
insights,human-mouse-s2_aml_15k_p24,1338,4,2,1,2,50.0,0,0,0,0,0,0,0,yes,no
insights,human-mouse-s2_aml_15k_p24,1339,7,4,7,3,57.1,0,0,0,0,0,0,0,yes,no
insights,human-mouse-s2_aml_15k_p24,1340,4,2,1,2,50.0,0,0,0,0,0,0,0,yes,no
insights,human-mouse-s2_aml_15k_p24,1341,6,5,3,1,83.3,0,0,0,0,0,0,0,yes,no
insights,human-mouse-s2_aml_15k_p24,1342,3,2,0,1,66.7,0,0,0,0,0,0,0,yes,no
insights,human-mouse-s2_aml_15k_p24,1343,15,13,4,2,86.7,0,0,0,0,0,0,0,yes,no
insights,human-mouse-s2_aml_15k_p24,1344,8,5,8,3,62.5,0,0,0,1,0,0,1,yes,no
insights,human-mouse-s2_aml_15k_p24,1345,11,9,5,2,81.8,0,0,0,0,0,0,0,yes,no
insights,human-mouse-s2_aml_15k_p24,1346,7,5,3,2,71.4,0,0,0,0,0,0,0,yes,no
insights,human-mouse-s2_aml_15k_p24,1347,6,4,3,2,66.7,0,0,0,0,0,0,0,yes,no
insights,human-mouse-s2_aml_15k_p24,1348,6,4,3,2,66.7,0,0,0,0,0,0,0,yes,no
insights,human-mouse-s2_aml_15k_p24,1349,7,4,4,3,57.1,0,0,0,0,0,0,0,yes,no
insights,human-mouse-s2_aml_15k_p24,1350,5,3,6,2,60.0,0,0,0,2,0,0,2,yes,no
insights,human-mouse-s2_aml_15k_p24,1351,8,5,15,3,62.5,0,0,0,2,0,0,2,yes,no
insights,human-mouse-s2_aml_15k_p24,1352,6,4,6,2,66.7,0,0,0,0,0,0,0,yes,no
insights,human-mouse-s2_aml_15k_p24,1353,3,1,0,2,33.3,0,0,0,0,0,0,0,yes,no
insights,human-mouse-s2_aml_15k_p24,1354,7,5,7,2,71.4,0,0,0,0,0,0,0,yes,no
insights,human-mouse-s2_aml_15k_p24,1355,5,4,4,1,80.0,0,0,0,0,0,0,0,yes,no
insights,human-mouse-s2_aml_15k_p24,1356,7,6,8,1,85.7,0,0,0,0,0,0,0,no,no
insights,human-mouse-s2_aml_15k_p24,1357,3,2,0,1,66.7,0,0,0,0,0,0,0,yes,no
insights,human-mouse-s2_aml_15k_p24,1358,5,0,11,5,0.0,0,0,0,0,0,0,0,yes,no
insights,human-mouse-s2_aml_15k_p24,1359,5,3,12,2,60.0,0,0,0,2,0,0,2,yes,no
insights,human-mouse-s2_aml_15k_p24,1360,8,6,7,2,75.0,0,0,0,0,0,0,0,yes,no
insights,human-mouse-s2_aml_15k_p24,1361,13,6,26,7,46.2,0,0,0,0,0,0,0,yes,no
insights,human-mouse-s2_aml_15k_p24,1362,6,2,6,4,33.3,0,0,0,0,0,0,0,yes,no
insights,human-mouse-s2_aml_15k_p24,1363,14,14,24,0,100.0,0,0,0,0,0,0,0,no,no
insights,human-mouse-s2_aml_15k_p24,1364,5,4,6,1,80.0,0,0,0,2,0,0,2,yes,no
insights,human-mouse-s2_aml_15k_p24,1365,11,10,0,1,90.9,0,0,0,0,0,0,0,yes,no
insights,human-mouse-s2_aml_15k_p24,1366,9,6,9,3,66.7,0,0,0,0,0,0,0,yes,no
insights,human-mouse-s2_aml_15k_p24,1367,4,2,1,2,50.0,0,0,0,0,0,0,0,yes,no
insights,human-mouse-s2_aml_15k_p24,1368,4,3,2,1,75.0,0,0,0,1,0,0,1,yes,no
insights,human-mouse-s2_aml_15k_p24,1369,9,7,5,2,77.8,0,0,0,0,0,0,0,yes,no
insights,human-mouse-s2_aml_15k_p24,1370,5,5,4,0,100.0,0,0,0,0,0,0,0,no,no
insights,human-mouse-s2_aml_15k_p24,1371,16,13,4,3,81.2,0,0,0,0,0,0,0,yes,no
insights,human-mouse-s2_aml_15k_p24,1372,4,4,5,0,100.0,0,0,0,0,0,0,0,no,no
insights,human-mouse-s2_aml_15k_p24,1373,8,5,13,3,62.5,0,0,0,2,0,0,2,yes,no
insights,human-mouse-s2_aml_15k_p24,1374,129,113,33,16,87.6,0,0,0,0,0,0,0,yes,no
insights,human-mouse-s2_aml_15k_p24,1375,25,24,4,1,96.0,0,0,0,0,0,0,0,yes,no
insights,human-mouse-s2_aml_15k_p24,1376,7,5,3,2,71.4,0,0,0,1,0,0,1,yes,no
insights,human-mouse-s2_aml_15k_p24,1377,3,3,3,0,100.0,0,0,0,0,0,0,0,no,no
insights,human-mouse-s2_aml_15k_p24,1378,12,7,1,5,58.3,0,0,0,0,0,0,0,yes,no
insights,human-mouse-s2_aml_15k_p24,1379,7,6,4,1,85.7,0,0,0,0,0,0,0,yes,no
insights,human-mouse-s2_aml_15k_p24,1380,6,4,8,2,66.7,0,0,0,1,0,0,1,yes,no
insights,human-mouse-s2_aml_15k_p24,1381,5,2,7,3,40.0,0,0,0,0,0,0,0,yes,no
insights,human-mouse-s2_aml_15k_p24,1382,16,14,5,2,87.5,0,0,0,0,0,0,0,yes,no
insights,human-mouse-s2_aml_15k_p24,1383,9,9,9,0,100.0,0,0,0,0,0,0,0,no,no
insights,human-mouse-s2_aml_15k_p24,1384,10,10,5,0,100.0,0,0,0,2,0,0,2,no,no
insights,human-mouse-s2_aml_15k_p24,1385,8,7,0,1,87.5,0,0,0,0,0,0,0,yes,no
insights,human-mouse-s2_aml_15k_p24,1386,8,6,1,2,75.0,0,0,0,0,0,0,0,yes,no
insights,human-mouse-s2_aml_15k_p24,1387,10,7,11,3,70.0,0,0,0,3,0,0,3,yes,no
insights,human-mouse-s2_aml_15k_p24,1388,6,6,10,0,100.0,0,0,0,0,0,0,0,no,no
insights,human-mouse-s2_aml_15k_p24,1389,5,3,8,2,60.0,0,0,0,3,0,0,3,yes,no
insights,human-mouse-s2_aml_15k_p24,1390,22,21,0,1,95.5,0,0,0,0,0,0,0,yes,no
insights,human-mouse-s2_aml_15k_p24,1391,21,19,16,2,90.5,0,0,0,0,0,0,0,yes,no
insights,human-mouse-s2_aml_15k_p24,1392,17,11,14,6,64.7,0,0,0,0,0,0,0,yes,no
insights,human-mouse-s2_aml_15k_p24,1393,15,12,18,3,80.0,0,0,0,0,0,0,0,yes,no
insights,human-mouse-s2_aml_15k_p24,1394,17,12,11,5,70.6,0,0,0,0,0,0,0,yes,no
insights,human-mouse-s2_aml_15k_p24,1395,4,1,1,3,25.0,0,0,0,0,0,0,0,yes,no
insights,human-mouse-s2_aml_15k_p24,1396,6,3,11,3,50.0,0,0,0,3,0,0,3,yes,no
insights,human-mouse-s2_aml_15k_p24,TOTAL,15068,11756,13559,3312,78.0,17,202,185,668,0,6,674,1361/1396,0/1396

# section: comparison (merged_ontology metric values across scenarios)
metric,human-mouse-s2_aml_15k_p24_baseline
ARC,1020.0
cycle_count,157.0
syntactic_uniqueness_ratio,0.9905
structural_redundancy,0.169172
ALC,4136.0
cross_onto_relations_count,3320.0
corc_per_applied_alignment,2.4394
new_cross_onto_relations_count,1061.0
new_intra_onto_relations_count,1024.0
triple_count_delta,5230.0
cross_onto_subclassof_count,2108.0
connectivity_ratio,0.813
average_depth,2.5894
max_depth,10.0
average_breadth,4.7758
max_breadth,182.0
triple_preservation_ratio,0.9164
applied_alignments,1361.0
multi_domain_range_change_per_alignment,0.0
multi_domain_range_count,0.0
annotation_coverage_ratio,0.8126
comment_coverage_ratio,0.7981

# section: comparison (boomer_ontology metric values across scenarios)
metric,human-mouse-s2_aml_15k_p24_baseline
ARC,605.0
cycle_count,0.0
syntactic_uniqueness_ratio,1.0
structural_redundancy,0.089267
ALC,3659.0
cross_onto_relations_count,4932.0
corc_per_applied_alignment,3.5431
new_cross_onto_relations_count,0.0
new_intra_onto_relations_count,0.0
triple_count_delta,-1850.0
cross_onto_subclassof_count,2336.0
connectivity_ratio,0.8699
average_depth,3.1021
max_depth,10.0
average_breadth,5.1616
max_breadth,168.0
triple_preservation_ratio,1.0
applied_alignments,1392.0
multi_domain_range_change_per_alignment,0.0
multi_domain_range_count,0.0
annotation_coverage_ratio,0.9968
comment_coverage_ratio,0.0

# section: comparison (arom_ontology metric values across scenarios)
metric,human-mouse-s2_aml_15k_p24_baseline
ARC,603.0
cycle_count,0.0
syntactic_uniqueness_ratio,1.0
structural_redundancy,0.089343
ALC,3655.0
cross_onto_relations_count,4934.0
corc_per_applied_alignment,3.5344
new_cross_onto_relations_count,4.0
new_intra_onto_relations_count,0.0
triple_count_delta,-12004.0
cross_onto_subclassof_count,2336.0
connectivity_ratio,0.8702
average_depth,3.1022
max_depth,10.0
average_breadth,5.1606
max_breadth,168.0
triple_preservation_ratio,0.9988
applied_alignments,1396.0
multi_domain_range_change_per_alignment,0.0
multi_domain_range_count,0.0
annotation_coverage_ratio,0.997
comment_coverage_ratio,0.0

# section: comparison (comerger_ontology metric values across scenarios)
metric,human-mouse-s2_aml_15k_p24_baseline
ARC,603.0
cycle_count,0.0
syntactic_uniqueness_ratio,1.0
structural_redundancy,0.089343
ALC,3655.0
cross_onto_relations_count,4919.0
corc_per_applied_alignment,3.5338
new_cross_onto_relations_count,6.0
new_intra_onto_relations_count,1.0
triple_count_delta,-1884.0
cross_onto_subclassof_count,2334.0
connectivity_ratio,0.8702
average_depth,3.1022
max_depth,10.0
average_breadth,5.1606
max_breadth,168.0
triple_preservation_ratio,0.9974
applied_alignments,1392.0
multi_domain_range_change_per_alignment,0.0
multi_domain_range_count,0.0
annotation_coverage_ratio,0.9968
comment_coverage_ratio,0.0
