"# section: metrics (per scenario, per metric, per graph)"
section,scenario,metric,graph,value,suspected
metrics,human-mouse_aml_15000c_p1000_deepseek_deepseek-v4-flash,ARC,union_input,1057.0,
metrics,human-mouse_aml_15000c_p1000_deepseek_deepseek-v4-flash,cycle_count,union_input,0.0,
metrics,human-mouse_aml_15000c_p1000_deepseek_deepseek-v4-flash,syntactic_uniqueness_ratio,union_input,1.0,
metrics,human-mouse_aml_15000c_p1000_deepseek_deepseek-v4-flash,cross_onto_subclassof_count,union_input,0.0,
metrics,human-mouse_aml_15000c_p1000_deepseek_deepseek-v4-flash,new_cross_onto_relations_count,union_input,0.0,
metrics,human-mouse_aml_15000c_p1000_deepseek_deepseek-v4-flash,cross_onto_relations_count,union_input,0.0,
metrics,human-mouse_aml_15000c_p1000_deepseek_deepseek-v4-flash,corc_per_applied_alignment,union_input,0.0,
metrics,human-mouse_aml_15000c_p1000_deepseek_deepseek-v4-flash,new_intra_onto_relations_count,union_input,0.0,
metrics,human-mouse_aml_15000c_p1000_deepseek_deepseek-v4-flash,triple_count_delta,union_input,0.0,
metrics,human-mouse_aml_15000c_p1000_deepseek_deepseek-v4-flash,connectivity_ratio,union_input,0.825,
metrics,human-mouse_aml_15000c_p1000_deepseek_deepseek-v4-flash,triple_preservation_ratio,union_input,1.0,
metrics,human-mouse_aml_15000c_p1000_deepseek_deepseek-v4-flash,annotation_coverage_ratio,union_input,0.9975,
metrics,human-mouse_aml_15000c_p1000_deepseek_deepseek-v4-flash,comment_coverage_ratio,union_input,0.0,
metrics,human-mouse_aml_15000c_p1000_deepseek_deepseek-v4-flash,multi_domain_range_count,union_input,0.0,
metrics,human-mouse_aml_15000c_p1000_deepseek_deepseek-v4-flash,multi_domain_range_change_per_alignment,union_input,0.0,
metrics,human-mouse_aml_15000c_p1000_deepseek_deepseek-v4-flash,structural_redundancy,union_input,0.029134,
metrics,human-mouse_aml_15000c_p1000_deepseek_deepseek-v4-flash,ALC,union_input,4886.0,
metrics,human-mouse_aml_15000c_p1000_deepseek_deepseek-v4-flash,average_depth,union_input,3.8034,
metrics,human-mouse_aml_15000c_p1000_deepseek_deepseek-v4-flash,max_depth,union_input,10.0,
metrics,human-mouse_aml_15000c_p1000_deepseek_deepseek-v4-flash,average_breadth,union_input,4.8208,
metrics,human-mouse_aml_15000c_p1000_deepseek_deepseek-v4-flash,max_breadth,union_input,151.0,
metrics,human-mouse_aml_15000c_p1000_deepseek_deepseek-v4-flash,unsatisfiable_classes,union_input,,
metrics,human-mouse_aml_15000c_p1000_deepseek_deepseek-v4-flash,applied_alignments,union_input,0.0,
metrics,human-mouse_aml_15000c_p1000_deepseek_deepseek-v4-flash,ARC,merged_ontology,1293.0,
metrics,human-mouse_aml_15000c_p1000_deepseek_deepseek-v4-flash,cycle_count,merged_ontology,135.0,
metrics,human-mouse_aml_15000c_p1000_deepseek_deepseek-v4-flash,syntactic_uniqueness_ratio,merged_ontology,0.9879,
metrics,human-mouse_aml_15000c_p1000_deepseek_deepseek-v4-flash,cross_onto_subclassof_count,merged_ontology,2309.0,
metrics,human-mouse_aml_15000c_p1000_deepseek_deepseek-v4-flash,new_cross_onto_relations_count,merged_ontology,914.0,
metrics,human-mouse_aml_15000c_p1000_deepseek_deepseek-v4-flash,cross_onto_relations_count,merged_ontology,2899.0,
metrics,human-mouse_aml_15000c_p1000_deepseek_deepseek-v4-flash,corc_per_applied_alignment,merged_ontology,2.1538,
metrics,human-mouse_aml_15000c_p1000_deepseek_deepseek-v4-flash,new_intra_onto_relations_count,merged_ontology,891.0,
metrics,human-mouse_aml_15000c_p1000_deepseek_deepseek-v4-flash,triple_count_delta,merged_ontology,5764.0,
metrics,human-mouse_aml_15000c_p1000_deepseek_deepseek-v4-flash,connectivity_ratio,merged_ontology,0.776,
metrics,human-mouse_aml_15000c_p1000_deepseek_deepseek-v4-flash,triple_preservation_ratio,merged_ontology,0.9338,
metrics,human-mouse_aml_15000c_p1000_deepseek_deepseek-v4-flash,annotation_coverage_ratio,merged_ontology,0.8201,
metrics,human-mouse_aml_15000c_p1000_deepseek_deepseek-v4-flash,comment_coverage_ratio,merged_ontology,0.8165,
metrics,human-mouse_aml_15000c_p1000_deepseek_deepseek-v4-flash,multi_domain_range_count,merged_ontology,1.0,
metrics,human-mouse_aml_15000c_p1000_deepseek_deepseek-v4-flash,multi_domain_range_change_per_alignment,merged_ontology,0.000743,
metrics,human-mouse_aml_15000c_p1000_deepseek_deepseek-v4-flash,structural_redundancy,merged_ontology,0.161816,
metrics,human-mouse_aml_15000c_p1000_deepseek_deepseek-v4-flash,ALC,merged_ontology,4476.0,
metrics,human-mouse_aml_15000c_p1000_deepseek_deepseek-v4-flash,average_depth,merged_ontology,2.5028,
metrics,human-mouse_aml_15000c_p1000_deepseek_deepseek-v4-flash,max_depth,merged_ontology,10.0,
metrics,human-mouse_aml_15000c_p1000_deepseek_deepseek-v4-flash,average_breadth,merged_ontology,5.0255,
metrics,human-mouse_aml_15000c_p1000_deepseek_deepseek-v4-flash,max_breadth,merged_ontology,169.0,
metrics,human-mouse_aml_15000c_p1000_deepseek_deepseek-v4-flash,unsatisfiable_classes,merged_ontology,,
metrics,human-mouse_aml_15000c_p1000_deepseek_deepseek-v4-flash,applied_alignments,merged_ontology,1346.0,
metrics,human-mouse_aml_15000c_p1000_deepseek_deepseek-v4-flash,ARC,applied_alignments,603.0,
metrics,human-mouse_aml_15000c_p1000_deepseek_deepseek-v4-flash,cycle_count,applied_alignments,0.0,
metrics,human-mouse_aml_15000c_p1000_deepseek_deepseek-v4-flash,syntactic_uniqueness_ratio,applied_alignments,1.0,
metrics,human-mouse_aml_15000c_p1000_deepseek_deepseek-v4-flash,cross_onto_subclassof_count,applied_alignments,2336.0,0
metrics,human-mouse_aml_15000c_p1000_deepseek_deepseek-v4-flash,new_cross_onto_relations_count,applied_alignments,2.0,
metrics,human-mouse_aml_15000c_p1000_deepseek_deepseek-v4-flash,cross_onto_relations_count,applied_alignments,4934.0,0
metrics,human-mouse_aml_15000c_p1000_deepseek_deepseek-v4-flash,corc_per_applied_alignment,applied_alignments,3.5344,
metrics,human-mouse_aml_15000c_p1000_deepseek_deepseek-v4-flash,new_intra_onto_relations_count,applied_alignments,0.0,
metrics,human-mouse_aml_15000c_p1000_deepseek_deepseek-v4-flash,triple_count_delta,applied_alignments,-1855.0,
metrics,human-mouse_aml_15000c_p1000_deepseek_deepseek-v4-flash,connectivity_ratio,applied_alignments,0.8702,
metrics,human-mouse_aml_15000c_p1000_deepseek_deepseek-v4-flash,triple_preservation_ratio,applied_alignments,0.9996,
metrics,human-mouse_aml_15000c_p1000_deepseek_deepseek-v4-flash,annotation_coverage_ratio,applied_alignments,0.9968,
metrics,human-mouse_aml_15000c_p1000_deepseek_deepseek-v4-flash,comment_coverage_ratio,applied_alignments,0.0,
metrics,human-mouse_aml_15000c_p1000_deepseek_deepseek-v4-flash,multi_domain_range_count,applied_alignments,0.0,
metrics,human-mouse_aml_15000c_p1000_deepseek_deepseek-v4-flash,multi_domain_range_change_per_alignment,applied_alignments,0.0,
metrics,human-mouse_aml_15000c_p1000_deepseek_deepseek-v4-flash,structural_redundancy,applied_alignments,0.089324,
metrics,human-mouse_aml_15000c_p1000_deepseek_deepseek-v4-flash,ALC,applied_alignments,3656.0,
metrics,human-mouse_aml_15000c_p1000_deepseek_deepseek-v4-flash,average_depth,applied_alignments,3.1022,
metrics,human-mouse_aml_15000c_p1000_deepseek_deepseek-v4-flash,max_depth,applied_alignments,10.0,
metrics,human-mouse_aml_15000c_p1000_deepseek_deepseek-v4-flash,average_breadth,applied_alignments,5.1616,
metrics,human-mouse_aml_15000c_p1000_deepseek_deepseek-v4-flash,max_breadth,applied_alignments,168.0,
metrics,human-mouse_aml_15000c_p1000_deepseek_deepseek-v4-flash,unsatisfiable_classes,applied_alignments,,
metrics,human-mouse_aml_15000c_p1000_deepseek_deepseek-v4-flash,applied_alignments,applied_alignments,1396.0,50
metrics,human-mouse_aml_15000c_p1000_deepseek_deepseek-v4-flash,ARC,arom_ontology,603.0,
metrics,human-mouse_aml_15000c_p1000_deepseek_deepseek-v4-flash,cycle_count,arom_ontology,0.0,
metrics,human-mouse_aml_15000c_p1000_deepseek_deepseek-v4-flash,syntactic_uniqueness_ratio,arom_ontology,1.0,
metrics,human-mouse_aml_15000c_p1000_deepseek_deepseek-v4-flash,cross_onto_subclassof_count,arom_ontology,2336.0,
metrics,human-mouse_aml_15000c_p1000_deepseek_deepseek-v4-flash,new_cross_onto_relations_count,arom_ontology,4.0,
metrics,human-mouse_aml_15000c_p1000_deepseek_deepseek-v4-flash,cross_onto_relations_count,arom_ontology,4934.0,
metrics,human-mouse_aml_15000c_p1000_deepseek_deepseek-v4-flash,corc_per_applied_alignment,arom_ontology,3.5344,
metrics,human-mouse_aml_15000c_p1000_deepseek_deepseek-v4-flash,new_intra_onto_relations_count,arom_ontology,0.0,
metrics,human-mouse_aml_15000c_p1000_deepseek_deepseek-v4-flash,triple_count_delta,arom_ontology,-12004.0,
metrics,human-mouse_aml_15000c_p1000_deepseek_deepseek-v4-flash,connectivity_ratio,arom_ontology,0.8702,
metrics,human-mouse_aml_15000c_p1000_deepseek_deepseek-v4-flash,triple_preservation_ratio,arom_ontology,0.9988,
metrics,human-mouse_aml_15000c_p1000_deepseek_deepseek-v4-flash,annotation_coverage_ratio,arom_ontology,0.997,
metrics,human-mouse_aml_15000c_p1000_deepseek_deepseek-v4-flash,comment_coverage_ratio,arom_ontology,0.0,
metrics,human-mouse_aml_15000c_p1000_deepseek_deepseek-v4-flash,multi_domain_range_count,arom_ontology,0.0,
metrics,human-mouse_aml_15000c_p1000_deepseek_deepseek-v4-flash,multi_domain_range_change_per_alignment,arom_ontology,0.0,
metrics,human-mouse_aml_15000c_p1000_deepseek_deepseek-v4-flash,structural_redundancy,arom_ontology,0.089343,
metrics,human-mouse_aml_15000c_p1000_deepseek_deepseek-v4-flash,ALC,arom_ontology,3655.0,
metrics,human-mouse_aml_15000c_p1000_deepseek_deepseek-v4-flash,average_depth,arom_ontology,3.1022,
metrics,human-mouse_aml_15000c_p1000_deepseek_deepseek-v4-flash,max_depth,arom_ontology,10.0,
metrics,human-mouse_aml_15000c_p1000_deepseek_deepseek-v4-flash,average_breadth,arom_ontology,5.1606,
metrics,human-mouse_aml_15000c_p1000_deepseek_deepseek-v4-flash,max_breadth,arom_ontology,168.0,
metrics,human-mouse_aml_15000c_p1000_deepseek_deepseek-v4-flash,unsatisfiable_classes,arom_ontology,,
metrics,human-mouse_aml_15000c_p1000_deepseek_deepseek-v4-flash,applied_alignments,arom_ontology,1396.0,
metrics,human-mouse_aml_15000c_p1000_deepseek_deepseek-v4-flash,ARC,comerger_ontology,603.0,
metrics,human-mouse_aml_15000c_p1000_deepseek_deepseek-v4-flash,cycle_count,comerger_ontology,0.0,
metrics,human-mouse_aml_15000c_p1000_deepseek_deepseek-v4-flash,syntactic_uniqueness_ratio,comerger_ontology,1.0,
metrics,human-mouse_aml_15000c_p1000_deepseek_deepseek-v4-flash,cross_onto_subclassof_count,comerger_ontology,2334.0,
metrics,human-mouse_aml_15000c_p1000_deepseek_deepseek-v4-flash,new_cross_onto_relations_count,comerger_ontology,6.0,
metrics,human-mouse_aml_15000c_p1000_deepseek_deepseek-v4-flash,cross_onto_relations_count,comerger_ontology,4919.0,
metrics,human-mouse_aml_15000c_p1000_deepseek_deepseek-v4-flash,corc_per_applied_alignment,comerger_ontology,3.5338,
metrics,human-mouse_aml_15000c_p1000_deepseek_deepseek-v4-flash,new_intra_onto_relations_count,comerger_ontology,1.0,
metrics,human-mouse_aml_15000c_p1000_deepseek_deepseek-v4-flash,triple_count_delta,comerger_ontology,-1884.0,
metrics,human-mouse_aml_15000c_p1000_deepseek_deepseek-v4-flash,connectivity_ratio,comerger_ontology,0.8702,
metrics,human-mouse_aml_15000c_p1000_deepseek_deepseek-v4-flash,triple_preservation_ratio,comerger_ontology,0.9974,
metrics,human-mouse_aml_15000c_p1000_deepseek_deepseek-v4-flash,annotation_coverage_ratio,comerger_ontology,0.9968,
metrics,human-mouse_aml_15000c_p1000_deepseek_deepseek-v4-flash,comment_coverage_ratio,comerger_ontology,0.0,
metrics,human-mouse_aml_15000c_p1000_deepseek_deepseek-v4-flash,multi_domain_range_count,comerger_ontology,0.0,
metrics,human-mouse_aml_15000c_p1000_deepseek_deepseek-v4-flash,multi_domain_range_change_per_alignment,comerger_ontology,0.0,
metrics,human-mouse_aml_15000c_p1000_deepseek_deepseek-v4-flash,structural_redundancy,comerger_ontology,0.089343,
metrics,human-mouse_aml_15000c_p1000_deepseek_deepseek-v4-flash,ALC,comerger_ontology,3655.0,
metrics,human-mouse_aml_15000c_p1000_deepseek_deepseek-v4-flash,average_depth,comerger_ontology,3.1022,
metrics,human-mouse_aml_15000c_p1000_deepseek_deepseek-v4-flash,max_depth,comerger_ontology,10.0,
metrics,human-mouse_aml_15000c_p1000_deepseek_deepseek-v4-flash,average_breadth,comerger_ontology,5.1606,
metrics,human-mouse_aml_15000c_p1000_deepseek_deepseek-v4-flash,max_breadth,comerger_ontology,168.0,
metrics,human-mouse_aml_15000c_p1000_deepseek_deepseek-v4-flash,unsatisfiable_classes,comerger_ontology,,
metrics,human-mouse_aml_15000c_p1000_deepseek_deepseek-v4-flash,applied_alignments,comerger_ontology,1392.0,
metrics,human-mouse_aml_15000c_p1000_deepseek_deepseek-v4-flash,ARC,boomer_ontology,605.0,
metrics,human-mouse_aml_15000c_p1000_deepseek_deepseek-v4-flash,cycle_count,boomer_ontology,0.0,
metrics,human-mouse_aml_15000c_p1000_deepseek_deepseek-v4-flash,syntactic_uniqueness_ratio,boomer_ontology,1.0,
metrics,human-mouse_aml_15000c_p1000_deepseek_deepseek-v4-flash,cross_onto_subclassof_count,boomer_ontology,2336.0,
metrics,human-mouse_aml_15000c_p1000_deepseek_deepseek-v4-flash,new_cross_onto_relations_count,boomer_ontology,0.0,
metrics,human-mouse_aml_15000c_p1000_deepseek_deepseek-v4-flash,cross_onto_relations_count,boomer_ontology,4932.0,
metrics,human-mouse_aml_15000c_p1000_deepseek_deepseek-v4-flash,corc_per_applied_alignment,boomer_ontology,3.5431,
metrics,human-mouse_aml_15000c_p1000_deepseek_deepseek-v4-flash,new_intra_onto_relations_count,boomer_ontology,0.0,
metrics,human-mouse_aml_15000c_p1000_deepseek_deepseek-v4-flash,triple_count_delta,boomer_ontology,-1850.0,
metrics,human-mouse_aml_15000c_p1000_deepseek_deepseek-v4-flash,connectivity_ratio,boomer_ontology,0.8699,
metrics,human-mouse_aml_15000c_p1000_deepseek_deepseek-v4-flash,triple_preservation_ratio,boomer_ontology,1.0,
metrics,human-mouse_aml_15000c_p1000_deepseek_deepseek-v4-flash,annotation_coverage_ratio,boomer_ontology,0.9968,
metrics,human-mouse_aml_15000c_p1000_deepseek_deepseek-v4-flash,comment_coverage_ratio,boomer_ontology,0.0,
metrics,human-mouse_aml_15000c_p1000_deepseek_deepseek-v4-flash,multi_domain_range_count,boomer_ontology,0.0,
metrics,human-mouse_aml_15000c_p1000_deepseek_deepseek-v4-flash,multi_domain_range_change_per_alignment,boomer_ontology,0.0,
metrics,human-mouse_aml_15000c_p1000_deepseek_deepseek-v4-flash,structural_redundancy,boomer_ontology,0.089267,
metrics,human-mouse_aml_15000c_p1000_deepseek_deepseek-v4-flash,ALC,boomer_ontology,3659.0,
metrics,human-mouse_aml_15000c_p1000_deepseek_deepseek-v4-flash,average_depth,boomer_ontology,3.1021,
metrics,human-mouse_aml_15000c_p1000_deepseek_deepseek-v4-flash,max_depth,boomer_ontology,10.0,
metrics,human-mouse_aml_15000c_p1000_deepseek_deepseek-v4-flash,average_breadth,boomer_ontology,5.1616,
metrics,human-mouse_aml_15000c_p1000_deepseek_deepseek-v4-flash,max_breadth,boomer_ontology,168.0,
metrics,human-mouse_aml_15000c_p1000_deepseek_deepseek-v4-flash,unsatisfiable_classes,boomer_ontology,,
metrics,human-mouse_aml_15000c_p1000_deepseek_deepseek-v4-flash,applied_alignments,boomer_ontology,1392.0,

"# section: insights (per scenario, per env)"
section,scenario,env,input_triples,kept,added,deleted,retention_%,disjoint_in,disjoint_out,disjoint_delta,dropped_invalid,dropped_bad_subject,dropped_bad_pred,dropped_total,alignment_applied,llm_failed*
insights,human-mouse_aml_15000c_p1000_deepseek_deepseek-v4-flash,1,5,3,7,2,60.0,0,0,0,0,0,0,0,yes,no
insights,human-mouse_aml_15000c_p1000_deepseek_deepseek-v4-flash,2,5,3,11,2,60.0,0,0,0,2,0,0,2,yes,no
insights,human-mouse_aml_15000c_p1000_deepseek_deepseek-v4-flash,3,8,6,15,2,75.0,0,3,3,0,0,0,0,yes,no
insights,human-mouse_aml_15000c_p1000_deepseek_deepseek-v4-flash,4,9,5,27,4,55.6,0,3,3,2,0,0,2,yes,no
insights,human-mouse_aml_15000c_p1000_deepseek_deepseek-v4-flash,5,5,3,23,2,60.0,0,0,0,3,0,0,3,yes,no
insights,human-mouse_aml_15000c_p1000_deepseek_deepseek-v4-flash,6,14,4,7,10,28.6,0,0,0,0,0,0,0,yes,no
insights,human-mouse_aml_15000c_p1000_deepseek_deepseek-v4-flash,7,128,126,78,2,98.4,0,0,0,17,0,0,17,yes,no
insights,human-mouse_aml_15000c_p1000_deepseek_deepseek-v4-flash,8,5,3,15,2,60.0,0,0,0,1,0,0,1,yes,no
insights,human-mouse_aml_15000c_p1000_deepseek_deepseek-v4-flash,9,13,11,29,2,84.6,0,2,2,5,0,0,5,yes,no
insights,human-mouse_aml_15000c_p1000_deepseek_deepseek-v4-flash,10,8,6,32,2,75.0,0,3,3,0,0,0,0,yes,no
insights,human-mouse_aml_15000c_p1000_deepseek_deepseek-v4-flash,11,5,3,26,2,60.0,0,0,0,3,0,0,3,yes,no
insights,human-mouse_aml_15000c_p1000_deepseek_deepseek-v4-flash,12,102,96,9,6,94.1,0,0,0,0,0,0,0,yes,no
insights,human-mouse_aml_15000c_p1000_deepseek_deepseek-v4-flash,13,6,4,12,2,66.7,0,0,0,2,0,0,2,yes,no
insights,human-mouse_aml_15000c_p1000_deepseek_deepseek-v4-flash,14,6,5,34,1,83.3,0,0,0,1,0,0,1,yes,no
insights,human-mouse_aml_15000c_p1000_deepseek_deepseek-v4-flash,15,5,3,9,2,60.0,0,0,0,0,0,0,0,yes,no
insights,human-mouse_aml_15000c_p1000_deepseek_deepseek-v4-flash,16,5,3,14,2,60.0,0,0,0,0,0,0,0,yes,no
insights,human-mouse_aml_15000c_p1000_deepseek_deepseek-v4-flash,17,29,27,8,2,93.1,0,0,0,0,0,0,0,yes,no
insights,human-mouse_aml_15000c_p1000_deepseek_deepseek-v4-flash,18,13,10,8,3,76.9,0,0,0,0,0,0,0,yes,no
insights,human-mouse_aml_15000c_p1000_deepseek_deepseek-v4-flash,19,5,3,8,2,60.0,0,0,0,0,0,0,0,yes,no
insights,human-mouse_aml_15000c_p1000_deepseek_deepseek-v4-flash,20,5,3,7,2,60.0,0,0,0,0,0,0,0,yes,no
insights,human-mouse_aml_15000c_p1000_deepseek_deepseek-v4-flash,21,5,3,16,2,60.0,0,0,0,0,0,0,0,yes,no
insights,human-mouse_aml_15000c_p1000_deepseek_deepseek-v4-flash,22,5,3,12,2,60.0,0,0,0,0,0,0,0,yes,no
insights,human-mouse_aml_15000c_p1000_deepseek_deepseek-v4-flash,23,6,4,23,2,66.7,0,0,0,0,0,0,0,yes,no
insights,human-mouse_aml_15000c_p1000_deepseek_deepseek-v4-flash,24,5,5,22,0,100.0,0,0,0,1,0,0,1,no,no
insights,human-mouse_aml_15000c_p1000_deepseek_deepseek-v4-flash,25,17,14,9,3,82.4,0,0,0,0,0,0,0,yes,no
insights,human-mouse_aml_15000c_p1000_deepseek_deepseek-v4-flash,26,5,3,21,2,60.0,0,0,0,1,0,0,1,yes,no
insights,human-mouse_aml_15000c_p1000_deepseek_deepseek-v4-flash,27,5,3,4,2,60.0,0,0,0,0,0,0,0,yes,no
insights,human-mouse_aml_15000c_p1000_deepseek_deepseek-v4-flash,28,5,3,14,2,60.0,0,0,0,2,0,0,2,yes,no
insights,human-mouse_aml_15000c_p1000_deepseek_deepseek-v4-flash,29,5,3,13,2,60.0,0,0,0,1,0,0,1,yes,no
insights,human-mouse_aml_15000c_p1000_deepseek_deepseek-v4-flash,30,9,5,9,4,55.6,0,0,0,0,0,0,0,yes,no
insights,human-mouse_aml_15000c_p1000_deepseek_deepseek-v4-flash,31,5,3,11,2,60.0,0,0,0,0,0,0,0,yes,no
insights,human-mouse_aml_15000c_p1000_deepseek_deepseek-v4-flash,32,72,70,12,2,97.2,0,0,0,0,0,0,0,yes,no
insights,human-mouse_aml_15000c_p1000_deepseek_deepseek-v4-flash,33,6,4,14,2,66.7,0,0,0,2,0,0,2,yes,no
insights,human-mouse_aml_15000c_p1000_deepseek_deepseek-v4-flash,34,5,3,4,2,60.0,0,0,0,0,0,0,0,yes,no
insights,human-mouse_aml_15000c_p1000_deepseek_deepseek-v4-flash,35,9,5,15,4,55.6,0,0,0,3,0,1,4,yes,no
insights,human-mouse_aml_15000c_p1000_deepseek_deepseek-v4-flash,36,17,8,15,9,47.1,0,0,0,0,0,0,0,yes,no
insights,human-mouse_aml_15000c_p1000_deepseek_deepseek-v4-flash,37,5,3,17,2,60.0,0,0,0,1,0,0,1,yes,no
insights,human-mouse_aml_15000c_p1000_deepseek_deepseek-v4-flash,38,13,10,11,3,76.9,0,0,0,0,0,0,0,yes,no
insights,human-mouse_aml_15000c_p1000_deepseek_deepseek-v4-flash,39,7,4,13,3,57.1,0,0,0,1,0,0,1,yes,no
insights,human-mouse_aml_15000c_p1000_deepseek_deepseek-v4-flash,40,4,2,1,2,50.0,0,0,0,0,0,0,0,yes,no
insights,human-mouse_aml_15000c_p1000_deepseek_deepseek-v4-flash,41,5,3,10,2,60.0,0,0,0,1,0,0,1,yes,no
insights,human-mouse_aml_15000c_p1000_deepseek_deepseek-v4-flash,42,22,21,9,1,95.5,0,0,0,2,0,0,2,yes,no
insights,human-mouse_aml_15000c_p1000_deepseek_deepseek-v4-flash,43,5,5,9,0,100.0,0,0,0,2,0,0,2,no,no
insights,human-mouse_aml_15000c_p1000_deepseek_deepseek-v4-flash,44,12,7,31,5,58.3,0,0,0,0,0,0,0,yes,no
insights,human-mouse_aml_15000c_p1000_deepseek_deepseek-v4-flash,45,5,3,8,2,60.0,0,0,0,1,0,0,1,yes,no
insights,human-mouse_aml_15000c_p1000_deepseek_deepseek-v4-flash,46,11,6,22,5,54.5,0,0,0,0,0,0,0,yes,no
insights,human-mouse_aml_15000c_p1000_deepseek_deepseek-v4-flash,47,5,3,17,2,60.0,0,0,0,0,0,0,0,yes,no
insights,human-mouse_aml_15000c_p1000_deepseek_deepseek-v4-flash,48,4,2,1,2,50.0,0,0,0,0,0,0,0,yes,no
insights,human-mouse_aml_15000c_p1000_deepseek_deepseek-v4-flash,49,7,4,12,3,57.1,0,0,0,0,0,0,0,yes,no
insights,human-mouse_aml_15000c_p1000_deepseek_deepseek-v4-flash,50,6,4,24,2,66.7,0,0,0,0,0,0,0,yes,no
insights,human-mouse_aml_15000c_p1000_deepseek_deepseek-v4-flash,51,5,3,22,2,60.0,0,0,0,2,0,0,2,yes,no
insights,human-mouse_aml_15000c_p1000_deepseek_deepseek-v4-flash,52,5,3,16,2,60.0,0,0,0,2,0,0,2,yes,no
insights,human-mouse_aml_15000c_p1000_deepseek_deepseek-v4-flash,53,5,3,15,2,60.0,0,0,0,0,0,0,0,yes,no
insights,human-mouse_aml_15000c_p1000_deepseek_deepseek-v4-flash,54,6,4,13,2,66.7,0,3,3,0,0,0,0,yes,no
insights,human-mouse_aml_15000c_p1000_deepseek_deepseek-v4-flash,55,5,3,7,2,60.0,0,0,0,2,0,0,2,yes,no
insights,human-mouse_aml_15000c_p1000_deepseek_deepseek-v4-flash,56,12,10,9,2,83.3,0,0,0,0,0,0,0,yes,no
insights,human-mouse_aml_15000c_p1000_deepseek_deepseek-v4-flash,57,5,3,6,2,60.0,0,0,0,1,0,0,1,yes,no
insights,human-mouse_aml_15000c_p1000_deepseek_deepseek-v4-flash,58,5,2,8,3,40.0,0,0,0,0,0,0,0,yes,no
insights,human-mouse_aml_15000c_p1000_deepseek_deepseek-v4-flash,59,5,3,18,2,60.0,0,0,0,1,0,0,1,yes,no
insights,human-mouse_aml_15000c_p1000_deepseek_deepseek-v4-flash,60,6,4,12,2,66.7,0,0,0,0,0,0,0,yes,no
insights,human-mouse_aml_15000c_p1000_deepseek_deepseek-v4-flash,61,5,3,10,2,60.0,0,0,0,0,0,0,0,yes,no
insights,human-mouse_aml_15000c_p1000_deepseek_deepseek-v4-flash,62,5,3,14,2,60.0,0,0,0,0,0,0,0,yes,no
insights,human-mouse_aml_15000c_p1000_deepseek_deepseek-v4-flash,63,14,7,6,7,50.0,0,0,0,0,0,0,0,yes,no
insights,human-mouse_aml_15000c_p1000_deepseek_deepseek-v4-flash,64,39,25,49,14,64.1,0,0,0,4,0,0,4,yes,no
insights,human-mouse_aml_15000c_p1000_deepseek_deepseek-v4-flash,65,12,8,13,4,66.7,0,0,0,0,0,0,0,yes,no
insights,human-mouse_aml_15000c_p1000_deepseek_deepseek-v4-flash,66,44,43,12,1,97.7,0,1,1,0,0,0,0,yes,no
insights,human-mouse_aml_15000c_p1000_deepseek_deepseek-v4-flash,67,6,4,3,2,66.7,0,0,0,0,0,0,0,yes,no
insights,human-mouse_aml_15000c_p1000_deepseek_deepseek-v4-flash,68,5,3,8,2,60.0,0,0,0,0,0,0,0,yes,no
insights,human-mouse_aml_15000c_p1000_deepseek_deepseek-v4-flash,69,8,6,16,2,75.0,0,0,0,0,0,0,0,yes,no
insights,human-mouse_aml_15000c_p1000_deepseek_deepseek-v4-flash,70,3,2,4,1,66.7,0,0,0,0,0,0,0,yes,no
insights,human-mouse_aml_15000c_p1000_deepseek_deepseek-v4-flash,71,34,26,22,8,76.5,0,0,0,9,0,0,9,yes,no
insights,human-mouse_aml_15000c_p1000_deepseek_deepseek-v4-flash,72,5,3,21,2,60.0,0,0,0,1,0,0,1,yes,no
insights,human-mouse_aml_15000c_p1000_deepseek_deepseek-v4-flash,73,5,3,7,2,60.0,0,0,0,0,0,0,0,yes,no
insights,human-mouse_aml_15000c_p1000_deepseek_deepseek-v4-flash,74,5,3,7,2,60.0,0,0,0,0,0,0,0,yes,no
insights,human-mouse_aml_15000c_p1000_deepseek_deepseek-v4-flash,75,5,3,9,2,60.0,0,0,0,0,0,0,0,yes,no
insights,human-mouse_aml_15000c_p1000_deepseek_deepseek-v4-flash,76,5,3,13,2,60.0,0,0,0,1,0,0,1,yes,no
insights,human-mouse_aml_15000c_p1000_deepseek_deepseek-v4-flash,77,5,3,7,2,60.0,0,0,0,1,0,0,1,yes,no
insights,human-mouse_aml_15000c_p1000_deepseek_deepseek-v4-flash,78,7,4,22,3,57.1,0,3,3,0,0,0,0,yes,no
insights,human-mouse_aml_15000c_p1000_deepseek_deepseek-v4-flash,79,19,18,23,1,94.7,0,0,0,3,0,0,3,yes,no
insights,human-mouse_aml_15000c_p1000_deepseek_deepseek-v4-flash,80,19,17,15,2,89.5,0,0,0,1,0,0,1,yes,no
insights,human-mouse_aml_15000c_p1000_deepseek_deepseek-v4-flash,81,6,4,6,2,66.7,0,0,0,0,0,0,0,yes,no
insights,human-mouse_aml_15000c_p1000_deepseek_deepseek-v4-flash,82,11,8,17,3,72.7,0,0,0,4,0,0,4,yes,no
insights,human-mouse_aml_15000c_p1000_deepseek_deepseek-v4-flash,83,132,130,1,2,98.5,0,0,0,0,0,0,0,yes,no
insights,human-mouse_aml_15000c_p1000_deepseek_deepseek-v4-flash,84,7,4,11,3,57.1,0,0,0,0,0,0,0,yes,no
insights,human-mouse_aml_15000c_p1000_deepseek_deepseek-v4-flash,85,43,41,11,2,95.3,0,0,0,2,0,0,2,yes,no
insights,human-mouse_aml_15000c_p1000_deepseek_deepseek-v4-flash,86,133,131,23,2,98.5,0,0,0,0,0,0,0,yes,no
insights,human-mouse_aml_15000c_p1000_deepseek_deepseek-v4-flash,87,3,2,10,1,66.7,0,0,0,0,0,0,0,yes,no
insights,human-mouse_aml_15000c_p1000_deepseek_deepseek-v4-flash,88,28,21,78,7,75.0,0,0,0,3,0,0,3,yes,no
insights,human-mouse_aml_15000c_p1000_deepseek_deepseek-v4-flash,89,13,8,22,5,61.5,0,2,2,0,0,0,0,yes,no
insights,human-mouse_aml_15000c_p1000_deepseek_deepseek-v4-flash,90,5,3,11,2,60.0,0,0,0,0,0,0,0,yes,no
insights,human-mouse_aml_15000c_p1000_deepseek_deepseek-v4-flash,91,8,6,8,2,75.0,0,0,0,2,0,0,2,yes,no
insights,human-mouse_aml_15000c_p1000_deepseek_deepseek-v4-flash,92,8,4,17,4,50.0,0,0,0,1,0,0,1,yes,no
insights,human-mouse_aml_15000c_p1000_deepseek_deepseek-v4-flash,93,15,8,26,7,53.3,0,0,0,2,0,0,2,yes,no
insights,human-mouse_aml_15000c_p1000_deepseek_deepseek-v4-flash,94,11,7,16,4,63.6,0,0,0,0,0,0,0,yes,no
insights,human-mouse_aml_15000c_p1000_deepseek_deepseek-v4-flash,95,9,9,6,0,100.0,0,0,0,2,0,0,2,no,no
insights,human-mouse_aml_15000c_p1000_deepseek_deepseek-v4-flash,96,57,54,9,3,94.7,0,0,0,0,0,0,0,yes,no
insights,human-mouse_aml_15000c_p1000_deepseek_deepseek-v4-flash,97,5,3,12,2,60.0,0,0,0,1,0,0,1,yes,no
insights,human-mouse_aml_15000c_p1000_deepseek_deepseek-v4-flash,98,6,3,6,3,50.0,0,0,0,1,0,0,1,yes,no
insights,human-mouse_aml_15000c_p1000_deepseek_deepseek-v4-flash,99,3,2,6,1,66.7,0,0,0,0,0,0,0,yes,no
insights,human-mouse_aml_15000c_p1000_deepseek_deepseek-v4-flash,100,73,71,8,2,97.3,0,0,0,0,0,0,0,yes,no
insights,human-mouse_aml_15000c_p1000_deepseek_deepseek-v4-flash,101,8,4,30,4,50.0,0,0,0,5,0,0,5,yes,no
insights,human-mouse_aml_15000c_p1000_deepseek_deepseek-v4-flash,102,3,2,6,1,66.7,0,0,0,0,0,0,0,yes,no
insights,human-mouse_aml_15000c_p1000_deepseek_deepseek-v4-flash,103,3,2,13,1,66.7,0,0,0,0,0,0,0,yes,no
insights,human-mouse_aml_15000c_p1000_deepseek_deepseek-v4-flash,104,7,4,23,3,57.1,0,0,0,3,0,0,3,yes,no
insights,human-mouse_aml_15000c_p1000_deepseek_deepseek-v4-flash,105,14,9,33,5,64.3,0,0,0,3,0,0,3,yes,no
insights,human-mouse_aml_15000c_p1000_deepseek_deepseek-v4-flash,106,132,130,11,2,98.5,4,4,0,0,0,0,0,yes,no
insights,human-mouse_aml_15000c_p1000_deepseek_deepseek-v4-flash,107,5,3,15,2,60.0,0,0,0,0,0,0,0,yes,no
insights,human-mouse_aml_15000c_p1000_deepseek_deepseek-v4-flash,108,5,3,11,2,60.0,0,0,0,0,0,0,0,yes,no
insights,human-mouse_aml_15000c_p1000_deepseek_deepseek-v4-flash,109,16,14,9,2,87.5,0,0,0,0,0,0,0,yes,no
insights,human-mouse_aml_15000c_p1000_deepseek_deepseek-v4-flash,110,5,3,18,2,60.0,0,0,0,0,0,0,0,yes,no
insights,human-mouse_aml_15000c_p1000_deepseek_deepseek-v4-flash,111,5,3,14,2,60.0,0,0,0,0,0,0,0,yes,no
insights,human-mouse_aml_15000c_p1000_deepseek_deepseek-v4-flash,112,99,97,40,2,98.0,0,0,0,0,0,0,0,yes,no
insights,human-mouse_aml_15000c_p1000_deepseek_deepseek-v4-flash,113,5,3,10,2,60.0,0,0,0,1,0,0,1,yes,no
insights,human-mouse_aml_15000c_p1000_deepseek_deepseek-v4-flash,114,5,3,8,2,60.0,0,0,0,0,0,0,0,yes,no
insights,human-mouse_aml_15000c_p1000_deepseek_deepseek-v4-flash,115,9,5,14,4,55.6,0,0,0,0,0,0,0,yes,no
insights,human-mouse_aml_15000c_p1000_deepseek_deepseek-v4-flash,116,5,3,9,2,60.0,0,0,0,0,0,0,0,yes,no
insights,human-mouse_aml_15000c_p1000_deepseek_deepseek-v4-flash,117,5,3,17,2,60.0,0,0,0,1,0,0,1,yes,no
insights,human-mouse_aml_15000c_p1000_deepseek_deepseek-v4-flash,118,5,3,14,2,60.0,0,0,0,0,0,0,0,yes,no
insights,human-mouse_aml_15000c_p1000_deepseek_deepseek-v4-flash,119,64,60,85,4,93.8,0,0,0,30,0,0,30,yes,no
insights,human-mouse_aml_15000c_p1000_deepseek_deepseek-v4-flash,120,22,17,22,5,77.3,0,0,0,6,0,0,6,yes,no
insights,human-mouse_aml_15000c_p1000_deepseek_deepseek-v4-flash,121,5,3,14,2,60.0,0,0,0,0,0,0,0,yes,no
insights,human-mouse_aml_15000c_p1000_deepseek_deepseek-v4-flash,122,11,9,7,2,81.8,0,0,0,0,0,0,0,yes,no
insights,human-mouse_aml_15000c_p1000_deepseek_deepseek-v4-flash,123,3,2,0,1,66.7,0,0,0,0,0,0,0,yes,yes
insights,human-mouse_aml_15000c_p1000_deepseek_deepseek-v4-flash,124,8,4,14,4,50.0,0,0,0,0,0,0,0,yes,no
insights,human-mouse_aml_15000c_p1000_deepseek_deepseek-v4-flash,125,5,3,8,2,60.0,0,0,0,0,0,0,0,yes,no
insights,human-mouse_aml_15000c_p1000_deepseek_deepseek-v4-flash,126,5,3,15,2,60.0,0,0,0,1,0,0,1,yes,no
insights,human-mouse_aml_15000c_p1000_deepseek_deepseek-v4-flash,127,5,3,4,2,60.0,0,0,0,0,0,0,0,yes,no
insights,human-mouse_aml_15000c_p1000_deepseek_deepseek-v4-flash,128,16,14,17,2,87.5,0,2,2,7,0,0,7,yes,no
insights,human-mouse_aml_15000c_p1000_deepseek_deepseek-v4-flash,129,8,7,31,1,87.5,0,2,2,0,0,0,0,yes,no
insights,human-mouse_aml_15000c_p1000_deepseek_deepseek-v4-flash,130,5,3,9,2,60.0,0,0,0,0,0,0,0,yes,no
insights,human-mouse_aml_15000c_p1000_deepseek_deepseek-v4-flash,131,20,14,16,6,70.0,0,4,4,0,0,0,0,yes,no
insights,human-mouse_aml_15000c_p1000_deepseek_deepseek-v4-flash,132,5,3,9,2,60.0,0,0,0,0,0,0,0,yes,no
insights,human-mouse_aml_15000c_p1000_deepseek_deepseek-v4-flash,133,8,6,12,2,75.0,0,0,0,0,0,0,0,yes,no
insights,human-mouse_aml_15000c_p1000_deepseek_deepseek-v4-flash,134,34,32,8,2,94.1,0,0,0,2,0,0,2,yes,no
insights,human-mouse_aml_15000c_p1000_deepseek_deepseek-v4-flash,135,38,36,1,2,94.7,0,0,0,0,0,0,0,yes,no
insights,human-mouse_aml_15000c_p1000_deepseek_deepseek-v4-flash,136,5,3,10,2,60.0,0,0,0,0,0,0,0,yes,no
insights,human-mouse_aml_15000c_p1000_deepseek_deepseek-v4-flash,137,13,11,11,2,84.6,0,0,0,0,0,0,0,yes,no
insights,human-mouse_aml_15000c_p1000_deepseek_deepseek-v4-flash,138,3,2,3,1,66.7,0,0,0,0,0,0,0,yes,no
insights,human-mouse_aml_15000c_p1000_deepseek_deepseek-v4-flash,139,5,2,4,3,40.0,0,0,0,0,0,0,0,yes,no
insights,human-mouse_aml_15000c_p1000_deepseek_deepseek-v4-flash,140,5,3,10,2,60.0,0,0,0,0,0,0,0,yes,no
insights,human-mouse_aml_15000c_p1000_deepseek_deepseek-v4-flash,141,5,3,12,2,60.0,0,0,0,1,0,0,1,yes,no
insights,human-mouse_aml_15000c_p1000_deepseek_deepseek-v4-flash,142,5,3,7,2,60.0,0,0,0,0,0,0,0,yes,no
insights,human-mouse_aml_15000c_p1000_deepseek_deepseek-v4-flash,143,145,139,10,6,95.9,0,0,0,0,0,0,0,yes,no
insights,human-mouse_aml_15000c_p1000_deepseek_deepseek-v4-flash,144,6,3,12,3,50.0,0,0,0,0,0,0,0,yes,no
insights,human-mouse_aml_15000c_p1000_deepseek_deepseek-v4-flash,145,3,2,9,1,66.7,0,0,0,0,0,0,0,yes,no
insights,human-mouse_aml_15000c_p1000_deepseek_deepseek-v4-flash,146,16,14,25,2,87.5,3,5,2,0,0,0,0,yes,no
insights,human-mouse_aml_15000c_p1000_deepseek_deepseek-v4-flash,147,6,4,18,2,66.7,0,0,0,0,0,0,0,yes,no
insights,human-mouse_aml_15000c_p1000_deepseek_deepseek-v4-flash,148,5,3,7,2,60.0,0,0,0,0,0,0,0,yes,no
insights,human-mouse_aml_15000c_p1000_deepseek_deepseek-v4-flash,149,14,12,6,2,85.7,0,0,0,0,0,0,0,yes,no
insights,human-mouse_aml_15000c_p1000_deepseek_deepseek-v4-flash,150,6,4,11,2,66.7,0,0,0,0,0,0,0,yes,no
insights,human-mouse_aml_15000c_p1000_deepseek_deepseek-v4-flash,151,19,9,49,10,47.4,0,0,0,6,0,0,6,yes,no
insights,human-mouse_aml_15000c_p1000_deepseek_deepseek-v4-flash,152,3,2,5,1,66.7,0,0,0,0,0,0,0,yes,no
insights,human-mouse_aml_15000c_p1000_deepseek_deepseek-v4-flash,153,57,38,78,19,66.7,0,0,0,0,0,0,0,no,no
insights,human-mouse_aml_15000c_p1000_deepseek_deepseek-v4-flash,154,5,3,10,2,60.0,0,0,0,2,0,0,2,yes,no
insights,human-mouse_aml_15000c_p1000_deepseek_deepseek-v4-flash,155,5,3,15,2,60.0,0,0,0,1,0,0,1,yes,no
insights,human-mouse_aml_15000c_p1000_deepseek_deepseek-v4-flash,156,5,3,12,2,60.0,0,0,0,1,0,0,1,yes,no
insights,human-mouse_aml_15000c_p1000_deepseek_deepseek-v4-flash,157,21,19,15,2,90.5,0,0,0,0,0,0,0,yes,no
insights,human-mouse_aml_15000c_p1000_deepseek_deepseek-v4-flash,158,9,6,25,3,66.7,0,2,2,5,0,0,5,yes,no
insights,human-mouse_aml_15000c_p1000_deepseek_deepseek-v4-flash,159,13,11,8,2,84.6,0,0,0,0,0,0,0,yes,no
insights,human-mouse_aml_15000c_p1000_deepseek_deepseek-v4-flash,160,153,149,68,4,97.4,1,1,0,0,0,0,0,yes,no
insights,human-mouse_aml_15000c_p1000_deepseek_deepseek-v4-flash,161,5,3,13,2,60.0,0,0,0,1,0,0,1,yes,no
insights,human-mouse_aml_15000c_p1000_deepseek_deepseek-v4-flash,162,9,8,0,1,88.9,0,0,0,0,0,0,0,yes,no
insights,human-mouse_aml_15000c_p1000_deepseek_deepseek-v4-flash,163,5,3,39,2,60.0,0,0,0,3,0,0,3,yes,no
insights,human-mouse_aml_15000c_p1000_deepseek_deepseek-v4-flash,164,28,23,30,5,82.1,0,0,0,0,0,0,0,yes,no
insights,human-mouse_aml_15000c_p1000_deepseek_deepseek-v4-flash,165,5,5,7,0,100.0,0,0,0,0,0,0,0,yes,no
insights,human-mouse_aml_15000c_p1000_deepseek_deepseek-v4-flash,166,10,6,29,4,60.0,0,0,0,3,0,0,3,yes,no
insights,human-mouse_aml_15000c_p1000_deepseek_deepseek-v4-flash,167,46,41,25,5,89.1,0,0,0,2,0,0,2,yes,no
insights,human-mouse_aml_15000c_p1000_deepseek_deepseek-v4-flash,168,4,3,3,1,75.0,0,0,0,0,0,0,0,yes,no
insights,human-mouse_aml_15000c_p1000_deepseek_deepseek-v4-flash,169,9,5,10,4,55.6,0,3,3,0,0,0,0,yes,no
insights,human-mouse_aml_15000c_p1000_deepseek_deepseek-v4-flash,170,15,10,29,5,66.7,0,0,0,1,0,0,1,yes,no
insights,human-mouse_aml_15000c_p1000_deepseek_deepseek-v4-flash,171,91,48,35,43,52.7,0,0,0,0,0,0,0,yes,no
insights,human-mouse_aml_15000c_p1000_deepseek_deepseek-v4-flash,172,5,3,7,2,60.0,0,0,0,1,0,0,1,yes,no
insights,human-mouse_aml_15000c_p1000_deepseek_deepseek-v4-flash,173,14,11,36,3,78.6,0,0,0,5,0,0,5,yes,no
insights,human-mouse_aml_15000c_p1000_deepseek_deepseek-v4-flash,174,10,8,18,2,80.0,0,0,0,0,0,0,0,yes,no
insights,human-mouse_aml_15000c_p1000_deepseek_deepseek-v4-flash,175,3,2,4,1,66.7,0,0,0,0,0,0,0,yes,no
insights,human-mouse_aml_15000c_p1000_deepseek_deepseek-v4-flash,176,5,2,7,3,40.0,0,0,0,0,0,0,0,yes,no
insights,human-mouse_aml_15000c_p1000_deepseek_deepseek-v4-flash,177,5,3,12,2,60.0,0,0,0,0,0,0,0,yes,no
insights,human-mouse_aml_15000c_p1000_deepseek_deepseek-v4-flash,178,25,22,7,3,88.0,0,0,0,0,0,0,0,yes,no
insights,human-mouse_aml_15000c_p1000_deepseek_deepseek-v4-flash,179,21,9,16,12,42.9,0,0,0,2,0,0,2,yes,no
insights,human-mouse_aml_15000c_p1000_deepseek_deepseek-v4-flash,180,3,2,6,1,66.7,0,0,0,0,0,0,0,yes,no
insights,human-mouse_aml_15000c_p1000_deepseek_deepseek-v4-flash,181,10,7,20,3,70.0,0,0,0,0,0,0,0,yes,no
insights,human-mouse_aml_15000c_p1000_deepseek_deepseek-v4-flash,182,8,6,14,2,75.0,0,0,0,0,0,0,0,yes,no
insights,human-mouse_aml_15000c_p1000_deepseek_deepseek-v4-flash,183,5,3,7,2,60.0,0,0,0,0,0,0,0,yes,no
insights,human-mouse_aml_15000c_p1000_deepseek_deepseek-v4-flash,184,6,4,6,2,66.7,0,0,0,0,0,0,0,yes,no
insights,human-mouse_aml_15000c_p1000_deepseek_deepseek-v4-flash,185,5,3,19,2,60.0,0,0,0,1,0,0,1,yes,no
insights,human-mouse_aml_15000c_p1000_deepseek_deepseek-v4-flash,186,6,4,11,2,66.7,0,0,0,0,0,0,0,yes,no
insights,human-mouse_aml_15000c_p1000_deepseek_deepseek-v4-flash,187,6,3,10,3,50.0,0,0,0,0,0,0,0,yes,no
insights,human-mouse_aml_15000c_p1000_deepseek_deepseek-v4-flash,188,5,3,10,2,60.0,0,0,0,0,0,0,0,yes,no
insights,human-mouse_aml_15000c_p1000_deepseek_deepseek-v4-flash,189,13,9,5,4,69.2,0,0,0,0,0,0,0,yes,no
insights,human-mouse_aml_15000c_p1000_deepseek_deepseek-v4-flash,190,8,7,13,1,87.5,0,0,0,0,0,0,0,yes,no
insights,human-mouse_aml_15000c_p1000_deepseek_deepseek-v4-flash,191,11,8,9,3,72.7,0,0,0,0,0,0,0,yes,no
insights,human-mouse_aml_15000c_p1000_deepseek_deepseek-v4-flash,192,12,9,32,3,75.0,0,0,0,6,0,0,6,yes,no
insights,human-mouse_aml_15000c_p1000_deepseek_deepseek-v4-flash,193,5,3,6,2,60.0,0,0,0,0,0,0,0,yes,no
insights,human-mouse_aml_15000c_p1000_deepseek_deepseek-v4-flash,194,5,3,13,2,60.0,0,0,0,0,0,0,0,yes,no
insights,human-mouse_aml_15000c_p1000_deepseek_deepseek-v4-flash,195,5,3,11,2,60.0,0,0,0,0,0,0,0,yes,no
insights,human-mouse_aml_15000c_p1000_deepseek_deepseek-v4-flash,196,11,7,23,4,63.6,0,0,0,6,0,0,6,yes,no
insights,human-mouse_aml_15000c_p1000_deepseek_deepseek-v4-flash,197,3,2,6,1,66.7,0,0,0,0,0,0,0,yes,no
insights,human-mouse_aml_15000c_p1000_deepseek_deepseek-v4-flash,198,5,2,8,3,40.0,0,0,0,0,0,0,0,yes,no
insights,human-mouse_aml_15000c_p1000_deepseek_deepseek-v4-flash,199,18,16,2,2,88.9,0,0,0,0,0,0,0,yes,no
insights,human-mouse_aml_15000c_p1000_deepseek_deepseek-v4-flash,200,5,3,8,2,60.0,0,0,0,3,0,0,3,yes,no
insights,human-mouse_aml_15000c_p1000_deepseek_deepseek-v4-flash,201,8,3,15,5,37.5,0,0,0,0,0,0,0,yes,no
insights,human-mouse_aml_15000c_p1000_deepseek_deepseek-v4-flash,202,6,4,13,2,66.7,0,0,0,0,0,0,0,yes,no
insights,human-mouse_aml_15000c_p1000_deepseek_deepseek-v4-flash,203,7,6,6,1,85.7,0,0,0,0,0,0,0,yes,no
insights,human-mouse_aml_15000c_p1000_deepseek_deepseek-v4-flash,204,5,3,4,2,60.0,0,0,0,0,0,0,0,yes,no
insights,human-mouse_aml_15000c_p1000_deepseek_deepseek-v4-flash,205,19,11,14,8,57.9,0,0,0,0,0,0,0,yes,no
insights,human-mouse_aml_15000c_p1000_deepseek_deepseek-v4-flash,206,6,5,6,1,83.3,0,0,0,0,0,0,0,yes,no
insights,human-mouse_aml_15000c_p1000_deepseek_deepseek-v4-flash,207,5,2,13,3,40.0,0,0,0,0,0,0,0,yes,no
insights,human-mouse_aml_15000c_p1000_deepseek_deepseek-v4-flash,208,5,3,9,2,60.0,0,0,0,0,0,0,0,yes,no
insights,human-mouse_aml_15000c_p1000_deepseek_deepseek-v4-flash,209,8,5,9,3,62.5,0,0,0,0,0,0,0,yes,no
insights,human-mouse_aml_15000c_p1000_deepseek_deepseek-v4-flash,210,7,3,18,4,42.9,0,0,0,2,0,0,2,yes,no
insights,human-mouse_aml_15000c_p1000_deepseek_deepseek-v4-flash,211,14,12,8,2,85.7,0,0,0,0,0,0,0,yes,no
insights,human-mouse_aml_15000c_p1000_deepseek_deepseek-v4-flash,212,6,4,18,2,66.7,0,0,0,0,0,0,0,yes,no
insights,human-mouse_aml_15000c_p1000_deepseek_deepseek-v4-flash,213,6,2,6,4,33.3,0,0,0,0,0,0,0,yes,no
insights,human-mouse_aml_15000c_p1000_deepseek_deepseek-v4-flash,214,15,12,14,3,80.0,0,4,4,0,0,0,0,yes,no
insights,human-mouse_aml_15000c_p1000_deepseek_deepseek-v4-flash,215,6,6,20,0,100.0,0,0,0,0,0,0,0,yes,no
insights,human-mouse_aml_15000c_p1000_deepseek_deepseek-v4-flash,216,14,7,25,7,50.0,0,0,0,1,0,0,1,yes,no
insights,human-mouse_aml_15000c_p1000_deepseek_deepseek-v4-flash,217,6,4,8,2,66.7,0,0,0,2,0,0,2,yes,no
insights,human-mouse_aml_15000c_p1000_deepseek_deepseek-v4-flash,218,6,3,12,3,50.0,0,0,0,0,0,0,0,yes,no
insights,human-mouse_aml_15000c_p1000_deepseek_deepseek-v4-flash,219,19,17,9,2,89.5,0,0,0,0,0,0,0,yes,no
insights,human-mouse_aml_15000c_p1000_deepseek_deepseek-v4-flash,220,12,9,10,3,75.0,0,2,2,0,0,0,0,yes,no
insights,human-mouse_aml_15000c_p1000_deepseek_deepseek-v4-flash,221,6,0,11,6,0.0,0,0,0,4,0,0,4,yes,no
insights,human-mouse_aml_15000c_p1000_deepseek_deepseek-v4-flash,222,5,3,9,2,60.0,0,0,0,0,0,0,0,yes,no
insights,human-mouse_aml_15000c_p1000_deepseek_deepseek-v4-flash,223,5,3,7,2,60.0,0,0,0,0,0,0,0,yes,no
insights,human-mouse_aml_15000c_p1000_deepseek_deepseek-v4-flash,224,6,3,14,3,50.0,0,0,0,1,0,0,1,yes,no
insights,human-mouse_aml_15000c_p1000_deepseek_deepseek-v4-flash,225,11,9,10,2,81.8,0,0,0,0,0,0,0,yes,no
insights,human-mouse_aml_15000c_p1000_deepseek_deepseek-v4-flash,226,5,3,26,2,60.0,0,0,0,1,0,0,1,yes,no
insights,human-mouse_aml_15000c_p1000_deepseek_deepseek-v4-flash,227,7,3,11,4,42.9,0,0,0,0,0,0,0,yes,no
insights,human-mouse_aml_15000c_p1000_deepseek_deepseek-v4-flash,228,33,18,93,15,54.5,0,0,0,2,0,0,2,yes,no
insights,human-mouse_aml_15000c_p1000_deepseek_deepseek-v4-flash,229,6,4,19,2,66.7,0,0,0,0,0,0,0,yes,no
insights,human-mouse_aml_15000c_p1000_deepseek_deepseek-v4-flash,230,6,4,29,2,66.7,0,4,4,1,0,0,1,yes,no
insights,human-mouse_aml_15000c_p1000_deepseek_deepseek-v4-flash,231,24,20,20,4,83.3,0,2,2,0,0,0,0,yes,no
insights,human-mouse_aml_15000c_p1000_deepseek_deepseek-v4-flash,232,12,9,24,3,75.0,0,2,2,5,0,0,5,yes,no
insights,human-mouse_aml_15000c_p1000_deepseek_deepseek-v4-flash,233,27,13,8,14,48.1,0,0,0,0,0,0,0,yes,no
insights,human-mouse_aml_15000c_p1000_deepseek_deepseek-v4-flash,234,6,4,8,2,66.7,0,0,0,0,0,0,0,yes,no
insights,human-mouse_aml_15000c_p1000_deepseek_deepseek-v4-flash,235,6,5,15,1,83.3,0,0,0,2,0,0,2,yes,no
insights,human-mouse_aml_15000c_p1000_deepseek_deepseek-v4-flash,236,5,3,9,2,60.0,0,0,0,2,0,0,2,yes,no
insights,human-mouse_aml_15000c_p1000_deepseek_deepseek-v4-flash,237,5,3,10,2,60.0,0,0,0,1,0,0,1,yes,no
insights,human-mouse_aml_15000c_p1000_deepseek_deepseek-v4-flash,238,4,3,14,1,75.0,0,0,0,0,0,0,0,yes,no
insights,human-mouse_aml_15000c_p1000_deepseek_deepseek-v4-flash,239,11,6,13,5,54.5,0,0,0,2,0,0,2,yes,no
insights,human-mouse_aml_15000c_p1000_deepseek_deepseek-v4-flash,240,39,36,11,3,92.3,0,0,0,0,0,0,0,yes,no
insights,human-mouse_aml_15000c_p1000_deepseek_deepseek-v4-flash,241,5,3,11,2,60.0,0,0,0,1,0,0,1,yes,no
insights,human-mouse_aml_15000c_p1000_deepseek_deepseek-v4-flash,242,8,4,6,4,50.0,0,0,0,0,0,0,0,yes,no
insights,human-mouse_aml_15000c_p1000_deepseek_deepseek-v4-flash,243,6,3,13,3,50.0,0,0,0,1,0,0,1,yes,no
insights,human-mouse_aml_15000c_p1000_deepseek_deepseek-v4-flash,244,43,41,19,2,95.3,0,0,0,0,0,0,0,yes,no
insights,human-mouse_aml_15000c_p1000_deepseek_deepseek-v4-flash,245,25,19,13,6,76.0,0,0,0,0,0,0,0,yes,no
insights,human-mouse_aml_15000c_p1000_deepseek_deepseek-v4-flash,246,5,5,18,0,100.0,0,0,0,1,0,0,1,no,no
insights,human-mouse_aml_15000c_p1000_deepseek_deepseek-v4-flash,247,6,4,4,2,66.7,0,0,0,0,0,0,0,yes,no
insights,human-mouse_aml_15000c_p1000_deepseek_deepseek-v4-flash,248,5,3,8,2,60.0,0,0,0,0,0,0,0,yes,no
insights,human-mouse_aml_15000c_p1000_deepseek_deepseek-v4-flash,249,5,2,14,3,40.0,0,0,0,0,0,0,0,yes,no
insights,human-mouse_aml_15000c_p1000_deepseek_deepseek-v4-flash,250,5,3,12,2,60.0,0,0,0,1,0,0,1,yes,no
insights,human-mouse_aml_15000c_p1000_deepseek_deepseek-v4-flash,251,5,3,4,2,60.0,0,0,0,0,0,0,0,yes,no
insights,human-mouse_aml_15000c_p1000_deepseek_deepseek-v4-flash,252,7,5,4,2,71.4,0,0,0,0,0,0,0,yes,no
insights,human-mouse_aml_15000c_p1000_deepseek_deepseek-v4-flash,253,11,5,52,6,45.5,0,0,0,1,0,0,1,yes,no
insights,human-mouse_aml_15000c_p1000_deepseek_deepseek-v4-flash,254,7,3,19,4,42.9,0,0,0,4,0,0,4,yes,no
insights,human-mouse_aml_15000c_p1000_deepseek_deepseek-v4-flash,255,7,4,12,3,57.1,0,0,0,0,0,0,0,yes,no
insights,human-mouse_aml_15000c_p1000_deepseek_deepseek-v4-flash,256,20,10,24,10,50.0,0,0,0,5,0,0,5,yes,no
insights,human-mouse_aml_15000c_p1000_deepseek_deepseek-v4-flash,257,5,3,17,2,60.0,0,0,0,1,0,0,1,yes,no
insights,human-mouse_aml_15000c_p1000_deepseek_deepseek-v4-flash,258,10,5,11,5,50.0,0,0,0,2,0,0,2,yes,no
insights,human-mouse_aml_15000c_p1000_deepseek_deepseek-v4-flash,259,7,4,10,3,57.1,0,0,0,0,0,0,0,yes,no
insights,human-mouse_aml_15000c_p1000_deepseek_deepseek-v4-flash,260,5,3,9,2,60.0,0,0,0,2,0,0,2,yes,no
insights,human-mouse_aml_15000c_p1000_deepseek_deepseek-v4-flash,261,5,3,17,2,60.0,0,0,0,1,0,0,1,yes,no
insights,human-mouse_aml_15000c_p1000_deepseek_deepseek-v4-flash,262,5,2,3,3,40.0,0,0,0,0,0,0,0,yes,no
insights,human-mouse_aml_15000c_p1000_deepseek_deepseek-v4-flash,263,5,3,6,2,60.0,0,0,0,3,0,0,3,yes,no
insights,human-mouse_aml_15000c_p1000_deepseek_deepseek-v4-flash,264,5,3,10,2,60.0,0,0,0,0,0,0,0,yes,no
insights,human-mouse_aml_15000c_p1000_deepseek_deepseek-v4-flash,265,5,3,23,2,60.0,0,0,0,0,0,0,0,yes,no
insights,human-mouse_aml_15000c_p1000_deepseek_deepseek-v4-flash,266,5,3,17,2,60.0,0,0,0,1,0,0,1,yes,no
insights,human-mouse_aml_15000c_p1000_deepseek_deepseek-v4-flash,267,5,3,7,2,60.0,0,0,0,3,0,0,3,yes,no
insights,human-mouse_aml_15000c_p1000_deepseek_deepseek-v4-flash,268,34,16,3,18,47.1,0,0,0,0,0,0,0,yes,no
insights,human-mouse_aml_15000c_p1000_deepseek_deepseek-v4-flash,269,24,16,42,8,66.7,0,0,0,0,0,0,0,yes,no
insights,human-mouse_aml_15000c_p1000_deepseek_deepseek-v4-flash,270,12,6,17,6,50.0,0,2,2,4,0,0,4,yes,no
insights,human-mouse_aml_15000c_p1000_deepseek_deepseek-v4-flash,271,5,3,13,2,60.0,0,0,0,2,0,0,2,yes,no
insights,human-mouse_aml_15000c_p1000_deepseek_deepseek-v4-flash,272,4,3,6,1,75.0,0,0,0,0,0,0,0,yes,no
insights,human-mouse_aml_15000c_p1000_deepseek_deepseek-v4-flash,273,5,3,6,2,60.0,0,0,0,0,0,0,0,yes,no
insights,human-mouse_aml_15000c_p1000_deepseek_deepseek-v4-flash,274,4,3,4,1,75.0,0,0,0,0,0,0,0,yes,no
insights,human-mouse_aml_15000c_p1000_deepseek_deepseek-v4-flash,275,11,9,8,2,81.8,0,0,0,0,0,0,0,yes,no
insights,human-mouse_aml_15000c_p1000_deepseek_deepseek-v4-flash,276,129,106,17,23,82.2,0,0,0,0,0,0,0,yes,no
insights,human-mouse_aml_15000c_p1000_deepseek_deepseek-v4-flash,277,3,2,6,1,66.7,0,0,0,0,0,0,0,yes,no
insights,human-mouse_aml_15000c_p1000_deepseek_deepseek-v4-flash,278,5,3,9,2,60.0,0,0,0,0,0,0,0,yes,no
insights,human-mouse_aml_15000c_p1000_deepseek_deepseek-v4-flash,279,4,3,3,1,75.0,0,0,0,0,0,0,0,yes,no
insights,human-mouse_aml_15000c_p1000_deepseek_deepseek-v4-flash,280,7,3,19,4,42.9,0,0,0,0,0,0,0,yes,no
insights,human-mouse_aml_15000c_p1000_deepseek_deepseek-v4-flash,281,9,5,38,4,55.6,0,0,0,3,0,0,3,yes,no
insights,human-mouse_aml_15000c_p1000_deepseek_deepseek-v4-flash,282,5,3,12,2,60.0,0,0,0,0,0,0,0,yes,no
insights,human-mouse_aml_15000c_p1000_deepseek_deepseek-v4-flash,283,4,3,5,1,75.0,0,0,0,0,0,0,0,yes,no
insights,human-mouse_aml_15000c_p1000_deepseek_deepseek-v4-flash,284,5,3,7,2,60.0,0,0,0,2,0,0,2,yes,no
insights,human-mouse_aml_15000c_p1000_deepseek_deepseek-v4-flash,285,11,9,5,2,81.8,0,0,0,0,0,0,0,yes,no
insights,human-mouse_aml_15000c_p1000_deepseek_deepseek-v4-flash,286,5,3,11,2,60.0,0,0,0,0,0,0,0,yes,no
insights,human-mouse_aml_15000c_p1000_deepseek_deepseek-v4-flash,287,6,4,23,2,66.7,0,0,0,0,0,0,0,yes,no
insights,human-mouse_aml_15000c_p1000_deepseek_deepseek-v4-flash,288,8,7,21,1,87.5,0,0,0,1,0,0,1,yes,no
insights,human-mouse_aml_15000c_p1000_deepseek_deepseek-v4-flash,289,6,3,26,3,50.0,0,0,0,2,0,0,2,yes,no
insights,human-mouse_aml_15000c_p1000_deepseek_deepseek-v4-flash,290,8,6,9,2,75.0,0,0,0,0,0,0,0,yes,no
insights,human-mouse_aml_15000c_p1000_deepseek_deepseek-v4-flash,291,10,8,13,2,80.0,0,4,4,0,0,0,0,yes,no
insights,human-mouse_aml_15000c_p1000_deepseek_deepseek-v4-flash,292,9,7,10,2,77.8,0,0,0,3,0,0,3,yes,no
insights,human-mouse_aml_15000c_p1000_deepseek_deepseek-v4-flash,293,8,6,4,2,75.0,0,0,0,0,0,0,0,yes,no
insights,human-mouse_aml_15000c_p1000_deepseek_deepseek-v4-flash,294,9,7,18,2,77.8,0,2,2,4,0,0,4,yes,no
insights,human-mouse_aml_15000c_p1000_deepseek_deepseek-v4-flash,295,3,2,8,1,66.7,0,0,0,0,0,0,0,yes,no
insights,human-mouse_aml_15000c_p1000_deepseek_deepseek-v4-flash,296,12,9,10,3,75.0,0,0,0,2,0,0,2,yes,no
insights,human-mouse_aml_15000c_p1000_deepseek_deepseek-v4-flash,297,5,3,9,2,60.0,0,0,0,0,0,0,0,yes,no
insights,human-mouse_aml_15000c_p1000_deepseek_deepseek-v4-flash,298,6,4,19,2,66.7,0,0,0,2,0,0,2,yes,no
insights,human-mouse_aml_15000c_p1000_deepseek_deepseek-v4-flash,299,5,3,4,2,60.0,0,0,0,0,0,0,0,yes,no
insights,human-mouse_aml_15000c_p1000_deepseek_deepseek-v4-flash,300,16,12,24,4,75.0,0,0,0,0,0,0,0,yes,no
insights,human-mouse_aml_15000c_p1000_deepseek_deepseek-v4-flash,301,28,25,14,3,89.3,0,0,0,0,0,0,0,yes,no
insights,human-mouse_aml_15000c_p1000_deepseek_deepseek-v4-flash,302,15,13,16,2,86.7,0,0,0,0,0,0,0,yes,no
insights,human-mouse_aml_15000c_p1000_deepseek_deepseek-v4-flash,303,8,6,11,2,75.0,0,0,0,0,0,0,0,yes,no
insights,human-mouse_aml_15000c_p1000_deepseek_deepseek-v4-flash,304,5,3,11,2,60.0,0,0,0,1,0,0,1,yes,no
insights,human-mouse_aml_15000c_p1000_deepseek_deepseek-v4-flash,305,5,3,8,2,60.0,0,0,0,0,0,0,0,yes,no
insights,human-mouse_aml_15000c_p1000_deepseek_deepseek-v4-flash,306,18,16,2,2,88.9,0,0,0,0,0,0,0,yes,no
insights,human-mouse_aml_15000c_p1000_deepseek_deepseek-v4-flash,307,5,3,7,2,60.0,0,0,0,2,0,0,2,yes,no
insights,human-mouse_aml_15000c_p1000_deepseek_deepseek-v4-flash,308,10,6,6,4,60.0,0,0,0,0,0,0,0,yes,no
insights,human-mouse_aml_15000c_p1000_deepseek_deepseek-v4-flash,309,12,12,18,0,100.0,0,0,0,0,0,0,0,yes,no
insights,human-mouse_aml_15000c_p1000_deepseek_deepseek-v4-flash,310,7,4,10,3,57.1,0,0,0,3,0,0,3,yes,no
insights,human-mouse_aml_15000c_p1000_deepseek_deepseek-v4-flash,311,9,5,17,4,55.6,0,0,0,0,0,0,0,yes,no
insights,human-mouse_aml_15000c_p1000_deepseek_deepseek-v4-flash,312,3,2,6,1,66.7,0,0,0,0,0,0,0,yes,no
insights,human-mouse_aml_15000c_p1000_deepseek_deepseek-v4-flash,313,5,3,10,2,60.0,0,0,0,3,0,0,3,yes,no
insights,human-mouse_aml_15000c_p1000_deepseek_deepseek-v4-flash,314,7,3,0,4,42.9,0,0,0,0,0,0,0,yes,no
insights,human-mouse_aml_15000c_p1000_deepseek_deepseek-v4-flash,315,12,8,32,4,66.7,0,0,0,5,0,0,5,yes,no
insights,human-mouse_aml_15000c_p1000_deepseek_deepseek-v4-flash,316,7,4,17,3,57.1,0,0,0,0,0,0,0,yes,no
insights,human-mouse_aml_15000c_p1000_deepseek_deepseek-v4-flash,317,6,4,11,2,66.7,0,0,0,2,0,0,2,yes,no
insights,human-mouse_aml_15000c_p1000_deepseek_deepseek-v4-flash,318,12,8,1,4,66.7,0,0,0,0,0,0,0,yes,no
insights,human-mouse_aml_15000c_p1000_deepseek_deepseek-v4-flash,319,28,25,1,3,89.3,0,0,0,7,0,0,7,yes,no
insights,human-mouse_aml_15000c_p1000_deepseek_deepseek-v4-flash,320,10,6,32,4,60.0,0,0,0,0,0,0,0,yes,no
insights,human-mouse_aml_15000c_p1000_deepseek_deepseek-v4-flash,321,11,9,6,2,81.8,0,0,0,0,0,0,0,yes,no
insights,human-mouse_aml_15000c_p1000_deepseek_deepseek-v4-flash,322,14,11,20,3,78.6,0,0,0,6,0,0,6,yes,no
insights,human-mouse_aml_15000c_p1000_deepseek_deepseek-v4-flash,323,62,54,6,8,87.1,0,0,0,0,0,0,0,yes,no
insights,human-mouse_aml_15000c_p1000_deepseek_deepseek-v4-flash,324,7,4,35,3,57.1,0,3,3,5,0,0,5,yes,no
insights,human-mouse_aml_15000c_p1000_deepseek_deepseek-v4-flash,325,8,6,18,2,75.0,0,0,0,1,0,0,1,yes,no
insights,human-mouse_aml_15000c_p1000_deepseek_deepseek-v4-flash,326,6,4,9,2,66.7,0,0,0,3,0,0,3,yes,no
insights,human-mouse_aml_15000c_p1000_deepseek_deepseek-v4-flash,327,5,3,13,2,60.0,0,0,0,0,0,0,0,yes,no
insights,human-mouse_aml_15000c_p1000_deepseek_deepseek-v4-flash,328,5,3,16,2,60.0,0,0,0,0,0,0,0,yes,no
insights,human-mouse_aml_15000c_p1000_deepseek_deepseek-v4-flash,329,9,8,5,1,88.9,0,0,0,0,0,0,0,yes,no
insights,human-mouse_aml_15000c_p1000_deepseek_deepseek-v4-flash,330,11,8,7,3,72.7,0,0,0,0,0,0,0,yes,no
insights,human-mouse_aml_15000c_p1000_deepseek_deepseek-v4-flash,331,34,32,16,2,94.1,0,0,0,0,0,0,0,yes,no
insights,human-mouse_aml_15000c_p1000_deepseek_deepseek-v4-flash,332,5,2,8,3,40.0,0,0,0,0,0,0,0,yes,no
insights,human-mouse_aml_15000c_p1000_deepseek_deepseek-v4-flash,333,5,3,8,2,60.0,0,0,0,1,0,0,1,yes,no
insights,human-mouse_aml_15000c_p1000_deepseek_deepseek-v4-flash,334,5,3,9,2,60.0,0,0,0,0,0,0,0,yes,no
insights,human-mouse_aml_15000c_p1000_deepseek_deepseek-v4-flash,335,6,4,11,2,66.7,0,0,0,0,0,0,0,yes,no
insights,human-mouse_aml_15000c_p1000_deepseek_deepseek-v4-flash,336,4,2,8,2,50.0,0,0,0,0,0,0,0,yes,no
insights,human-mouse_aml_15000c_p1000_deepseek_deepseek-v4-flash,337,5,5,10,0,100.0,0,0,0,2,0,0,2,no,no
insights,human-mouse_aml_15000c_p1000_deepseek_deepseek-v4-flash,338,5,3,11,2,60.0,0,0,0,0,0,0,0,yes,no
insights,human-mouse_aml_15000c_p1000_deepseek_deepseek-v4-flash,339,158,63,291,95,39.9,0,0,0,0,0,0,0,yes,no
insights,human-mouse_aml_15000c_p1000_deepseek_deepseek-v4-flash,340,4,2,1,2,50.0,0,0,0,0,0,0,0,yes,no
insights,human-mouse_aml_15000c_p1000_deepseek_deepseek-v4-flash,341,6,3,13,3,50.0,0,0,0,0,0,0,0,yes,no
insights,human-mouse_aml_15000c_p1000_deepseek_deepseek-v4-flash,342,4,3,3,1,75.0,0,0,0,0,0,0,0,yes,no
insights,human-mouse_aml_15000c_p1000_deepseek_deepseek-v4-flash,343,11,6,12,5,54.5,0,0,0,7,0,0,7,yes,no
insights,human-mouse_aml_15000c_p1000_deepseek_deepseek-v4-flash,344,5,3,17,2,60.0,0,0,0,1,0,0,1,yes,no
insights,human-mouse_aml_15000c_p1000_deepseek_deepseek-v4-flash,345,5,3,9,2,60.0,0,0,0,1,0,0,1,yes,no
insights,human-mouse_aml_15000c_p1000_deepseek_deepseek-v4-flash,346,11,8,31,3,72.7,0,0,0,2,0,0,2,yes,no
insights,human-mouse_aml_15000c_p1000_deepseek_deepseek-v4-flash,347,7,5,8,2,71.4,0,2,2,0,0,0,0,yes,no
insights,human-mouse_aml_15000c_p1000_deepseek_deepseek-v4-flash,348,6,3,12,3,50.0,0,0,0,4,0,0,4,yes,no
insights,human-mouse_aml_15000c_p1000_deepseek_deepseek-v4-flash,349,4,3,5,1,75.0,0,0,0,0,0,0,0,yes,no
insights,human-mouse_aml_15000c_p1000_deepseek_deepseek-v4-flash,350,6,3,11,3,50.0,0,0,0,0,0,0,0,yes,no
insights,human-mouse_aml_15000c_p1000_deepseek_deepseek-v4-flash,351,7,4,3,3,57.1,0,0,0,0,0,0,0,yes,no
insights,human-mouse_aml_15000c_p1000_deepseek_deepseek-v4-flash,352,6,4,6,2,66.7,0,0,0,0,0,0,0,yes,no
insights,human-mouse_aml_15000c_p1000_deepseek_deepseek-v4-flash,353,6,3,10,3,50.0,0,0,0,2,0,0,2,no,no
insights,human-mouse_aml_15000c_p1000_deepseek_deepseek-v4-flash,354,16,13,8,3,81.2,0,0,0,0,0,0,0,yes,no
insights,human-mouse_aml_15000c_p1000_deepseek_deepseek-v4-flash,355,51,46,5,5,90.2,0,0,0,0,0,0,0,yes,no
insights,human-mouse_aml_15000c_p1000_deepseek_deepseek-v4-flash,356,5,3,12,2,60.0,0,0,0,1,0,0,1,yes,no
insights,human-mouse_aml_15000c_p1000_deepseek_deepseek-v4-flash,357,5,3,7,2,60.0,0,0,0,0,0,0,0,yes,no
insights,human-mouse_aml_15000c_p1000_deepseek_deepseek-v4-flash,358,8,3,12,5,37.5,0,0,0,1,0,0,1,yes,no
insights,human-mouse_aml_15000c_p1000_deepseek_deepseek-v4-flash,359,6,3,6,3,50.0,0,0,0,0,0,0,0,yes,no
insights,human-mouse_aml_15000c_p1000_deepseek_deepseek-v4-flash,360,6,3,9,3,50.0,0,0,0,2,0,0,2,yes,no
insights,human-mouse_aml_15000c_p1000_deepseek_deepseek-v4-flash,361,4,3,3,1,75.0,0,0,0,1,0,0,1,yes,no
insights,human-mouse_aml_15000c_p1000_deepseek_deepseek-v4-flash,362,3,2,3,1,66.7,0,0,0,0,0,0,0,yes,no
insights,human-mouse_aml_15000c_p1000_deepseek_deepseek-v4-flash,363,5,3,5,2,60.0,0,0,0,0,0,0,0,yes,no
insights,human-mouse_aml_15000c_p1000_deepseek_deepseek-v4-flash,364,11,8,18,3,72.7,0,0,0,0,0,0,0,yes,no
insights,human-mouse_aml_15000c_p1000_deepseek_deepseek-v4-flash,365,3,2,6,1,66.7,0,0,0,0,0,0,0,yes,no
insights,human-mouse_aml_15000c_p1000_deepseek_deepseek-v4-flash,366,16,12,34,4,75.0,0,0,0,0,0,0,0,yes,no
insights,human-mouse_aml_15000c_p1000_deepseek_deepseek-v4-flash,367,41,39,5,2,95.1,0,0,0,0,0,0,0,yes,no
insights,human-mouse_aml_15000c_p1000_deepseek_deepseek-v4-flash,368,10,5,27,5,50.0,0,0,0,0,0,0,0,yes,no
insights,human-mouse_aml_15000c_p1000_deepseek_deepseek-v4-flash,369,8,5,5,3,62.5,0,0,0,0,0,0,0,yes,no
insights,human-mouse_aml_15000c_p1000_deepseek_deepseek-v4-flash,370,15,13,10,2,86.7,0,0,0,0,0,0,0,yes,no
insights,human-mouse_aml_15000c_p1000_deepseek_deepseek-v4-flash,371,13,11,8,2,84.6,0,0,0,0,0,0,0,yes,no
insights,human-mouse_aml_15000c_p1000_deepseek_deepseek-v4-flash,372,5,3,19,2,60.0,0,0,0,0,0,0,0,yes,no
insights,human-mouse_aml_15000c_p1000_deepseek_deepseek-v4-flash,373,9,4,4,5,44.4,0,0,0,0,0,0,0,yes,no
insights,human-mouse_aml_15000c_p1000_deepseek_deepseek-v4-flash,374,78,76,11,2,97.4,0,0,0,0,0,0,0,yes,no
insights,human-mouse_aml_15000c_p1000_deepseek_deepseek-v4-flash,375,6,3,15,3,50.0,0,0,0,0,0,0,0,yes,no
insights,human-mouse_aml_15000c_p1000_deepseek_deepseek-v4-flash,376,5,0,15,5,0.0,0,0,0,1,0,0,1,yes,no
insights,human-mouse_aml_15000c_p1000_deepseek_deepseek-v4-flash,377,21,19,5,2,90.5,0,0,0,0,0,0,0,yes,no
insights,human-mouse_aml_15000c_p1000_deepseek_deepseek-v4-flash,378,5,3,27,2,60.0,0,0,0,3,0,0,3,yes,no
insights,human-mouse_aml_15000c_p1000_deepseek_deepseek-v4-flash,379,6,4,19,2,66.7,0,0,0,0,0,0,0,yes,no
insights,human-mouse_aml_15000c_p1000_deepseek_deepseek-v4-flash,380,6,4,19,2,66.7,0,0,0,0,0,0,0,yes,no
insights,human-mouse_aml_15000c_p1000_deepseek_deepseek-v4-flash,381,11,10,8,1,90.9,0,0,0,0,0,0,0,yes,no
insights,human-mouse_aml_15000c_p1000_deepseek_deepseek-v4-flash,382,5,3,11,2,60.0,0,0,0,0,0,0,0,yes,no
insights,human-mouse_aml_15000c_p1000_deepseek_deepseek-v4-flash,383,6,4,14,2,66.7,0,0,0,0,0,0,0,yes,no
insights,human-mouse_aml_15000c_p1000_deepseek_deepseek-v4-flash,384,5,3,14,2,60.0,0,0,0,0,0,0,0,yes,no
insights,human-mouse_aml_15000c_p1000_deepseek_deepseek-v4-flash,385,5,3,15,2,60.0,0,0,0,0,0,0,0,yes,no
insights,human-mouse_aml_15000c_p1000_deepseek_deepseek-v4-flash,386,4,3,9,1,75.0,0,0,0,3,0,0,3,yes,no
insights,human-mouse_aml_15000c_p1000_deepseek_deepseek-v4-flash,387,4,3,4,1,75.0,0,0,0,0,0,0,0,yes,no
insights,human-mouse_aml_15000c_p1000_deepseek_deepseek-v4-flash,388,20,18,2,2,90.0,0,0,0,0,0,0,0,yes,no
insights,human-mouse_aml_15000c_p1000_deepseek_deepseek-v4-flash,389,6,4,20,2,66.7,0,0,0,1,0,0,1,yes,no
insights,human-mouse_aml_15000c_p1000_deepseek_deepseek-v4-flash,390,11,6,11,5,54.5,0,0,0,4,0,0,4,yes,no
insights,human-mouse_aml_15000c_p1000_deepseek_deepseek-v4-flash,391,5,3,7,2,60.0,0,0,0,0,0,0,0,yes,no
insights,human-mouse_aml_15000c_p1000_deepseek_deepseek-v4-flash,392,5,3,10,2,60.0,0,0,0,2,0,0,2,yes,no
insights,human-mouse_aml_15000c_p1000_deepseek_deepseek-v4-flash,393,26,22,31,4,84.6,0,0,0,4,0,0,4,yes,no
insights,human-mouse_aml_15000c_p1000_deepseek_deepseek-v4-flash,394,8,6,4,2,75.0,0,0,0,0,0,0,0,yes,no
insights,human-mouse_aml_15000c_p1000_deepseek_deepseek-v4-flash,395,5,5,16,0,100.0,0,0,0,0,0,0,0,no,no
insights,human-mouse_aml_15000c_p1000_deepseek_deepseek-v4-flash,396,10,8,7,2,80.0,0,0,0,0,0,0,0,yes,no
insights,human-mouse_aml_15000c_p1000_deepseek_deepseek-v4-flash,397,5,5,17,0,100.0,0,0,0,3,0,0,3,yes,no
insights,human-mouse_aml_15000c_p1000_deepseek_deepseek-v4-flash,398,11,9,4,2,81.8,0,0,0,0,0,0,0,yes,no
insights,human-mouse_aml_15000c_p1000_deepseek_deepseek-v4-flash,399,11,7,17,4,63.6,0,0,0,0,0,0,0,yes,no
insights,human-mouse_aml_15000c_p1000_deepseek_deepseek-v4-flash,400,5,3,11,2,60.0,0,0,0,1,0,0,1,yes,no
insights,human-mouse_aml_15000c_p1000_deepseek_deepseek-v4-flash,401,5,3,8,2,60.0,0,0,0,0,0,0,0,yes,no
insights,human-mouse_aml_15000c_p1000_deepseek_deepseek-v4-flash,402,5,3,13,2,60.0,0,0,0,1,0,0,1,yes,no
insights,human-mouse_aml_15000c_p1000_deepseek_deepseek-v4-flash,403,5,3,10,2,60.0,0,0,0,2,0,0,2,yes,no
insights,human-mouse_aml_15000c_p1000_deepseek_deepseek-v4-flash,404,6,3,13,3,50.0,0,0,0,0,0,0,0,yes,no
insights,human-mouse_aml_15000c_p1000_deepseek_deepseek-v4-flash,405,129,127,32,2,98.4,0,0,0,0,0,0,0,yes,no
insights,human-mouse_aml_15000c_p1000_deepseek_deepseek-v4-flash,406,5,2,16,3,40.0,0,0,0,1,0,0,1,yes,no
insights,human-mouse_aml_15000c_p1000_deepseek_deepseek-v4-flash,407,6,5,6,1,83.3,0,0,0,0,0,0,0,yes,no
insights,human-mouse_aml_15000c_p1000_deepseek_deepseek-v4-flash,408,5,3,7,2,60.0,0,0,0,4,0,0,4,yes,no
insights,human-mouse_aml_15000c_p1000_deepseek_deepseek-v4-flash,409,5,3,12,2,60.0,0,0,0,2,0,0,2,yes,no
insights,human-mouse_aml_15000c_p1000_deepseek_deepseek-v4-flash,410,7,4,9,3,57.1,0,0,0,0,0,0,0,yes,no
insights,human-mouse_aml_15000c_p1000_deepseek_deepseek-v4-flash,411,5,3,5,2,60.0,0,0,0,0,0,0,0,yes,no
insights,human-mouse_aml_15000c_p1000_deepseek_deepseek-v4-flash,412,9,6,10,3,66.7,0,0,0,0,0,0,0,yes,no
insights,human-mouse_aml_15000c_p1000_deepseek_deepseek-v4-flash,413,4,3,9,1,75.0,0,0,0,0,0,0,0,yes,no
insights,human-mouse_aml_15000c_p1000_deepseek_deepseek-v4-flash,414,4,3,6,1,75.0,0,0,0,0,0,0,0,yes,no
insights,human-mouse_aml_15000c_p1000_deepseek_deepseek-v4-flash,415,11,9,5,2,81.8,0,0,0,2,0,0,2,yes,no
insights,human-mouse_aml_15000c_p1000_deepseek_deepseek-v4-flash,416,9,5,21,4,55.6,0,0,0,0,0,0,0,yes,no
insights,human-mouse_aml_15000c_p1000_deepseek_deepseek-v4-flash,417,5,3,15,2,60.0,0,0,0,0,0,0,0,yes,no
insights,human-mouse_aml_15000c_p1000_deepseek_deepseek-v4-flash,418,14,10,3,4,71.4,0,0,0,0,0,0,0,yes,yes
insights,human-mouse_aml_15000c_p1000_deepseek_deepseek-v4-flash,419,16,14,9,2,87.5,0,0,0,0,0,0,0,yes,no
insights,human-mouse_aml_15000c_p1000_deepseek_deepseek-v4-flash,420,7,3,34,4,42.9,0,0,0,2,0,0,2,yes,no
insights,human-mouse_aml_15000c_p1000_deepseek_deepseek-v4-flash,421,5,3,7,2,60.0,0,0,0,0,0,0,0,yes,no
insights,human-mouse_aml_15000c_p1000_deepseek_deepseek-v4-flash,422,3,2,4,1,66.7,0,0,0,0,0,0,0,yes,no
insights,human-mouse_aml_15000c_p1000_deepseek_deepseek-v4-flash,423,5,3,15,2,60.0,0,2,2,3,0,0,3,yes,no
insights,human-mouse_aml_15000c_p1000_deepseek_deepseek-v4-flash,424,8,6,1,2,75.0,0,0,0,0,0,0,0,yes,no
insights,human-mouse_aml_15000c_p1000_deepseek_deepseek-v4-flash,425,5,3,15,2,60.0,0,0,0,1,0,0,1,yes,no
insights,human-mouse_aml_15000c_p1000_deepseek_deepseek-v4-flash,426,8,5,18,3,62.5,0,0,0,0,0,0,0,yes,no
insights,human-mouse_aml_15000c_p1000_deepseek_deepseek-v4-flash,427,17,14,12,3,82.4,0,0,0,5,0,0,5,yes,no
insights,human-mouse_aml_15000c_p1000_deepseek_deepseek-v4-flash,428,6,0,0,6,0.0,0,0,0,12,0,0,12,yes,no
insights,human-mouse_aml_15000c_p1000_deepseek_deepseek-v4-flash,429,6,4,7,2,66.7,0,0,0,2,0,0,2,yes,no
insights,human-mouse_aml_15000c_p1000_deepseek_deepseek-v4-flash,430,16,6,14,10,37.5,0,0,0,0,0,0,0,yes,no
insights,human-mouse_aml_15000c_p1000_deepseek_deepseek-v4-flash,431,8,4,20,4,50.0,0,0,0,2,0,0,2,yes,no
insights,human-mouse_aml_15000c_p1000_deepseek_deepseek-v4-flash,432,8,6,19,2,75.0,0,0,0,0,0,0,0,yes,no
insights,human-mouse_aml_15000c_p1000_deepseek_deepseek-v4-flash,433,5,3,12,2,60.0,0,0,0,2,0,0,2,yes,no
insights,human-mouse_aml_15000c_p1000_deepseek_deepseek-v4-flash,434,5,3,5,2,60.0,0,0,0,0,0,0,0,yes,no
insights,human-mouse_aml_15000c_p1000_deepseek_deepseek-v4-flash,435,4,3,5,1,75.0,0,0,0,0,0,0,0,yes,no
insights,human-mouse_aml_15000c_p1000_deepseek_deepseek-v4-flash,436,5,3,13,2,60.0,0,0,0,1,0,0,1,yes,no
insights,human-mouse_aml_15000c_p1000_deepseek_deepseek-v4-flash,437,5,3,7,2,60.0,0,0,0,0,0,0,0,yes,no
insights,human-mouse_aml_15000c_p1000_deepseek_deepseek-v4-flash,438,5,3,11,2,60.0,0,0,0,0,0,0,0,yes,no
insights,human-mouse_aml_15000c_p1000_deepseek_deepseek-v4-flash,439,5,3,13,2,60.0,0,0,0,0,0,0,0,yes,no
insights,human-mouse_aml_15000c_p1000_deepseek_deepseek-v4-flash,440,111,109,7,2,98.2,0,0,0,0,0,0,0,yes,no
insights,human-mouse_aml_15000c_p1000_deepseek_deepseek-v4-flash,441,10,6,16,4,60.0,0,2,2,0,0,0,0,yes,no
insights,human-mouse_aml_15000c_p1000_deepseek_deepseek-v4-flash,442,5,3,5,2,60.0,0,0,0,0,0,0,0,yes,no
insights,human-mouse_aml_15000c_p1000_deepseek_deepseek-v4-flash,443,8,6,9,2,75.0,0,0,0,0,0,0,0,yes,no
insights,human-mouse_aml_15000c_p1000_deepseek_deepseek-v4-flash,444,5,2,2,3,40.0,0,0,0,0,0,0,0,yes,no
insights,human-mouse_aml_15000c_p1000_deepseek_deepseek-v4-flash,445,5,3,12,2,60.0,0,0,0,0,0,0,0,yes,no
insights,human-mouse_aml_15000c_p1000_deepseek_deepseek-v4-flash,446,4,3,5,1,75.0,0,0,0,1,0,0,1,yes,no
insights,human-mouse_aml_15000c_p1000_deepseek_deepseek-v4-flash,447,5,3,10,2,60.0,0,0,0,1,0,0,1,yes,no
insights,human-mouse_aml_15000c_p1000_deepseek_deepseek-v4-flash,448,7,5,1,2,71.4,0,0,0,0,0,0,0,yes,no
insights,human-mouse_aml_15000c_p1000_deepseek_deepseek-v4-flash,449,14,9,12,5,64.3,0,0,0,0,0,0,0,yes,no
insights,human-mouse_aml_15000c_p1000_deepseek_deepseek-v4-flash,450,6,4,7,2,66.7,0,0,0,0,0,0,0,yes,no
insights,human-mouse_aml_15000c_p1000_deepseek_deepseek-v4-flash,451,5,3,4,2,60.0,0,0,0,0,0,0,0,yes,no
insights,human-mouse_aml_15000c_p1000_deepseek_deepseek-v4-flash,452,5,3,6,2,60.0,0,0,0,0,0,0,0,yes,no
insights,human-mouse_aml_15000c_p1000_deepseek_deepseek-v4-flash,453,5,3,8,2,60.0,0,0,0,1,0,0,1,yes,no
insights,human-mouse_aml_15000c_p1000_deepseek_deepseek-v4-flash,454,41,14,9,27,34.1,0,0,0,0,0,0,0,yes,no
insights,human-mouse_aml_15000c_p1000_deepseek_deepseek-v4-flash,455,4,4,10,0,100.0,0,0,0,2,0,0,2,yes,no
insights,human-mouse_aml_15000c_p1000_deepseek_deepseek-v4-flash,456,10,8,13,2,80.0,0,0,0,0,0,0,0,yes,no
insights,human-mouse_aml_15000c_p1000_deepseek_deepseek-v4-flash,457,24,19,9,5,79.2,0,0,0,0,0,0,0,yes,no
insights,human-mouse_aml_15000c_p1000_deepseek_deepseek-v4-flash,458,5,2,11,3,40.0,0,0,0,0,0,0,0,yes,no
insights,human-mouse_aml_15000c_p1000_deepseek_deepseek-v4-flash,459,5,3,18,2,60.0,0,0,0,0,0,0,0,yes,no
insights,human-mouse_aml_15000c_p1000_deepseek_deepseek-v4-flash,460,5,3,11,2,60.0,0,0,0,0,0,0,0,yes,no
insights,human-mouse_aml_15000c_p1000_deepseek_deepseek-v4-flash,461,6,5,3,1,83.3,0,0,0,0,0,0,0,yes,no
insights,human-mouse_aml_15000c_p1000_deepseek_deepseek-v4-flash,462,10,8,7,2,80.0,0,0,0,0,0,0,0,yes,no
insights,human-mouse_aml_15000c_p1000_deepseek_deepseek-v4-flash,463,4,3,11,1,75.0,0,0,0,0,0,0,0,yes,no
insights,human-mouse_aml_15000c_p1000_deepseek_deepseek-v4-flash,464,5,1,10,4,20.0,0,0,0,0,0,0,0,yes,no
insights,human-mouse_aml_15000c_p1000_deepseek_deepseek-v4-flash,465,9,3,19,6,33.3,0,3,3,2,0,0,2,yes,no
insights,human-mouse_aml_15000c_p1000_deepseek_deepseek-v4-flash,466,45,39,4,6,86.7,0,0,0,0,0,0,0,yes,no
insights,human-mouse_aml_15000c_p1000_deepseek_deepseek-v4-flash,467,5,3,22,2,60.0,0,0,0,2,0,0,2,yes,no
insights,human-mouse_aml_15000c_p1000_deepseek_deepseek-v4-flash,468,23,15,25,8,65.2,0,0,0,5,0,0,5,yes,no
insights,human-mouse_aml_15000c_p1000_deepseek_deepseek-v4-flash,469,10,6,7,4,60.0,0,0,0,0,0,0,0,yes,no
insights,human-mouse_aml_15000c_p1000_deepseek_deepseek-v4-flash,470,5,2,15,3,40.0,0,0,0,1,0,0,1,yes,no
insights,human-mouse_aml_15000c_p1000_deepseek_deepseek-v4-flash,471,5,3,18,2,60.0,0,0,0,3,0,0,3,yes,no
insights,human-mouse_aml_15000c_p1000_deepseek_deepseek-v4-flash,472,30,17,67,13,56.7,0,0,0,6,0,0,6,yes,no
insights,human-mouse_aml_15000c_p1000_deepseek_deepseek-v4-flash,473,6,1,6,5,16.7,0,0,0,0,0,0,0,yes,no
insights,human-mouse_aml_15000c_p1000_deepseek_deepseek-v4-flash,474,5,3,16,2,60.0,0,0,0,0,0,0,0,yes,no
insights,human-mouse_aml_15000c_p1000_deepseek_deepseek-v4-flash,475,7,4,8,3,57.1,0,0,0,0,0,0,0,yes,no
insights,human-mouse_aml_15000c_p1000_deepseek_deepseek-v4-flash,476,5,3,8,2,60.0,0,0,0,0,0,0,0,yes,no
insights,human-mouse_aml_15000c_p1000_deepseek_deepseek-v4-flash,477,14,10,8,4,71.4,0,0,0,0,0,0,0,yes,no
insights,human-mouse_aml_15000c_p1000_deepseek_deepseek-v4-flash,478,6,3,12,3,50.0,0,0,0,0,0,0,0,yes,no
insights,human-mouse_aml_15000c_p1000_deepseek_deepseek-v4-flash,479,13,8,7,5,61.5,0,0,0,0,0,0,0,yes,no
insights,human-mouse_aml_15000c_p1000_deepseek_deepseek-v4-flash,480,5,3,5,2,60.0,0,0,0,0,0,0,0,yes,no
insights,human-mouse_aml_15000c_p1000_deepseek_deepseek-v4-flash,481,8,3,17,5,37.5,0,0,0,2,0,0,2,yes,no
insights,human-mouse_aml_15000c_p1000_deepseek_deepseek-v4-flash,482,5,3,8,2,60.0,0,0,0,3,0,0,3,yes,no
insights,human-mouse_aml_15000c_p1000_deepseek_deepseek-v4-flash,483,7,5,11,2,71.4,0,0,0,0,0,0,0,yes,no
insights,human-mouse_aml_15000c_p1000_deepseek_deepseek-v4-flash,484,6,3,33,3,50.0,0,0,0,4,0,0,4,yes,no
insights,human-mouse_aml_15000c_p1000_deepseek_deepseek-v4-flash,485,4,1,7,3,25.0,0,0,0,0,0,0,0,yes,no
insights,human-mouse_aml_15000c_p1000_deepseek_deepseek-v4-flash,486,5,3,4,2,60.0,0,0,0,0,0,0,0,yes,no
insights,human-mouse_aml_15000c_p1000_deepseek_deepseek-v4-flash,487,8,2,8,6,25.0,0,0,0,2,0,0,2,yes,no
insights,human-mouse_aml_15000c_p1000_deepseek_deepseek-v4-flash,488,16,14,0,2,87.5,0,0,0,0,0,0,0,yes,no
insights,human-mouse_aml_15000c_p1000_deepseek_deepseek-v4-flash,489,5,3,9,2,60.0,0,0,0,0,0,0,0,yes,no
insights,human-mouse_aml_15000c_p1000_deepseek_deepseek-v4-flash,490,5,3,7,2,60.0,0,0,0,0,0,0,0,yes,no
insights,human-mouse_aml_15000c_p1000_deepseek_deepseek-v4-flash,491,10,7,13,3,70.0,0,0,0,0,0,0,0,yes,no
insights,human-mouse_aml_15000c_p1000_deepseek_deepseek-v4-flash,492,6,3,19,3,50.0,0,5,5,1,0,0,1,yes,no
insights,human-mouse_aml_15000c_p1000_deepseek_deepseek-v4-flash,493,26,20,45,6,76.9,0,0,0,11,0,0,11,yes,no
insights,human-mouse_aml_15000c_p1000_deepseek_deepseek-v4-flash,494,10,9,8,1,90.0,0,0,0,0,0,0,0,yes,no
insights,human-mouse_aml_15000c_p1000_deepseek_deepseek-v4-flash,495,5,2,6,3,40.0,0,0,0,0,0,0,0,yes,no
insights,human-mouse_aml_15000c_p1000_deepseek_deepseek-v4-flash,496,7,4,11,3,57.1,0,0,0,0,0,0,0,yes,no
insights,human-mouse_aml_15000c_p1000_deepseek_deepseek-v4-flash,497,3,2,0,1,66.7,0,0,0,0,0,0,0,yes,no
insights,human-mouse_aml_15000c_p1000_deepseek_deepseek-v4-flash,498,5,3,11,2,60.0,0,0,0,2,0,0,2,yes,no
insights,human-mouse_aml_15000c_p1000_deepseek_deepseek-v4-flash,499,8,7,31,1,87.5,0,2,2,3,0,0,3,yes,no
insights,human-mouse_aml_15000c_p1000_deepseek_deepseek-v4-flash,500,5,3,11,2,60.0,0,0,0,0,0,0,0,yes,no
insights,human-mouse_aml_15000c_p1000_deepseek_deepseek-v4-flash,501,5,3,9,2,60.0,0,0,0,0,0,0,0,yes,no
insights,human-mouse_aml_15000c_p1000_deepseek_deepseek-v4-flash,502,7,4,14,3,57.1,0,3,3,0,0,0,0,yes,no
insights,human-mouse_aml_15000c_p1000_deepseek_deepseek-v4-flash,503,5,3,11,2,60.0,0,0,0,2,0,0,2,yes,no
insights,human-mouse_aml_15000c_p1000_deepseek_deepseek-v4-flash,504,24,15,18,9,62.5,0,0,0,3,0,0,3,yes,no
insights,human-mouse_aml_15000c_p1000_deepseek_deepseek-v4-flash,505,5,3,9,2,60.0,0,0,0,0,0,0,0,yes,no
insights,human-mouse_aml_15000c_p1000_deepseek_deepseek-v4-flash,506,5,3,4,2,60.0,0,0,0,0,0,0,0,yes,no
insights,human-mouse_aml_15000c_p1000_deepseek_deepseek-v4-flash,507,11,9,1,2,81.8,0,0,0,0,0,0,0,yes,no
insights,human-mouse_aml_15000c_p1000_deepseek_deepseek-v4-flash,508,29,18,63,11,62.1,0,0,0,10,0,0,10,yes,no
insights,human-mouse_aml_15000c_p1000_deepseek_deepseek-v4-flash,509,5,3,12,2,60.0,0,0,0,1,0,0,1,yes,no
insights,human-mouse_aml_15000c_p1000_deepseek_deepseek-v4-flash,510,7,4,19,3,57.1,0,0,0,0,0,0,0,yes,no
insights,human-mouse_aml_15000c_p1000_deepseek_deepseek-v4-flash,511,6,3,36,3,50.0,0,0,0,3,0,0,3,yes,no
insights,human-mouse_aml_15000c_p1000_deepseek_deepseek-v4-flash,512,5,3,10,2,60.0,0,0,0,0,0,0,0,yes,no
insights,human-mouse_aml_15000c_p1000_deepseek_deepseek-v4-flash,513,5,3,14,2,60.0,0,0,0,1,0,0,1,yes,no
insights,human-mouse_aml_15000c_p1000_deepseek_deepseek-v4-flash,514,20,13,25,7,65.0,0,0,0,0,0,0,0,yes,no
insights,human-mouse_aml_15000c_p1000_deepseek_deepseek-v4-flash,515,5,3,9,2,60.0,0,0,0,0,0,0,0,yes,no
insights,human-mouse_aml_15000c_p1000_deepseek_deepseek-v4-flash,516,5,3,13,2,60.0,0,0,0,0,0,0,0,yes,no
insights,human-mouse_aml_15000c_p1000_deepseek_deepseek-v4-flash,517,8,4,13,4,50.0,0,0,0,0,0,0,0,yes,no
insights,human-mouse_aml_15000c_p1000_deepseek_deepseek-v4-flash,518,6,4,7,2,66.7,0,0,0,0,0,0,0,yes,no
insights,human-mouse_aml_15000c_p1000_deepseek_deepseek-v4-flash,519,4,2,1,2,50.0,0,0,0,0,0,0,0,yes,no
insights,human-mouse_aml_15000c_p1000_deepseek_deepseek-v4-flash,520,5,3,9,2,60.0,0,0,0,1,0,0,1,yes,no
insights,human-mouse_aml_15000c_p1000_deepseek_deepseek-v4-flash,521,14,7,19,7,50.0,0,0,0,0,0,0,0,yes,no
insights,human-mouse_aml_15000c_p1000_deepseek_deepseek-v4-flash,522,5,3,2,2,60.0,0,0,0,0,0,0,0,yes,no
insights,human-mouse_aml_15000c_p1000_deepseek_deepseek-v4-flash,523,9,6,5,3,66.7,0,0,0,0,0,0,0,yes,no
insights,human-mouse_aml_15000c_p1000_deepseek_deepseek-v4-flash,524,10,7,2,3,70.0,0,0,0,0,0,0,0,yes,no
insights,human-mouse_aml_15000c_p1000_deepseek_deepseek-v4-flash,525,9,7,44,2,77.8,0,3,3,1,0,0,1,yes,no
insights,human-mouse_aml_15000c_p1000_deepseek_deepseek-v4-flash,526,6,3,16,3,50.0,0,0,0,2,0,0,2,yes,no
insights,human-mouse_aml_15000c_p1000_deepseek_deepseek-v4-flash,527,34,30,12,4,88.2,2,2,0,0,0,0,0,yes,no
insights,human-mouse_aml_15000c_p1000_deepseek_deepseek-v4-flash,528,6,4,14,2,66.7,0,0,0,3,0,0,3,yes,no
insights,human-mouse_aml_15000c_p1000_deepseek_deepseek-v4-flash,529,5,3,13,2,60.0,0,0,0,0,0,0,0,yes,no
insights,human-mouse_aml_15000c_p1000_deepseek_deepseek-v4-flash,530,7,5,11,2,71.4,0,0,0,0,0,0,0,yes,no
insights,human-mouse_aml_15000c_p1000_deepseek_deepseek-v4-flash,531,104,75,4,29,72.1,0,0,0,0,0,0,0,yes,no
insights,human-mouse_aml_15000c_p1000_deepseek_deepseek-v4-flash,532,74,72,4,2,97.3,0,0,0,0,0,0,0,yes,no
insights,human-mouse_aml_15000c_p1000_deepseek_deepseek-v4-flash,533,6,2,4,4,33.3,0,0,0,0,0,0,0,yes,no
insights,human-mouse_aml_15000c_p1000_deepseek_deepseek-v4-flash,534,5,3,6,2,60.0,0,0,0,0,0,0,0,yes,no
insights,human-mouse_aml_15000c_p1000_deepseek_deepseek-v4-flash,535,5,3,8,2,60.0,0,0,0,0,0,0,0,yes,no
insights,human-mouse_aml_15000c_p1000_deepseek_deepseek-v4-flash,536,9,5,4,4,55.6,0,0,0,0,0,0,0,yes,no
insights,human-mouse_aml_15000c_p1000_deepseek_deepseek-v4-flash,537,15,12,17,3,80.0,0,0,0,3,0,0,3,yes,no
insights,human-mouse_aml_15000c_p1000_deepseek_deepseek-v4-flash,538,5,4,11,1,80.0,0,0,0,1,0,0,1,yes,no
insights,human-mouse_aml_15000c_p1000_deepseek_deepseek-v4-flash,539,17,16,0,1,94.1,0,0,0,0,0,0,0,yes,no
insights,human-mouse_aml_15000c_p1000_deepseek_deepseek-v4-flash,540,5,0,9,5,0.0,0,0,0,0,0,0,0,yes,no
insights,human-mouse_aml_15000c_p1000_deepseek_deepseek-v4-flash,541,6,3,14,3,50.0,0,0,0,1,0,0,1,yes,no
insights,human-mouse_aml_15000c_p1000_deepseek_deepseek-v4-flash,542,7,5,3,2,71.4,0,0,0,0,0,0,0,yes,no
insights,human-mouse_aml_15000c_p1000_deepseek_deepseek-v4-flash,543,11,8,18,3,72.7,0,0,0,0,0,0,0,yes,no
insights,human-mouse_aml_15000c_p1000_deepseek_deepseek-v4-flash,544,19,13,12,6,68.4,0,0,0,4,0,0,4,yes,no
insights,human-mouse_aml_15000c_p1000_deepseek_deepseek-v4-flash,545,5,3,5,2,60.0,0,0,0,0,0,0,0,yes,no
insights,human-mouse_aml_15000c_p1000_deepseek_deepseek-v4-flash,546,5,3,12,2,60.0,0,0,0,1,0,0,1,yes,no
insights,human-mouse_aml_15000c_p1000_deepseek_deepseek-v4-flash,547,9,7,4,2,77.8,0,0,0,0,0,0,0,yes,no
insights,human-mouse_aml_15000c_p1000_deepseek_deepseek-v4-flash,548,5,3,6,2,60.0,0,0,0,0,0,0,0,yes,no
insights,human-mouse_aml_15000c_p1000_deepseek_deepseek-v4-flash,549,5,3,9,2,60.0,0,0,0,0,0,0,0,yes,no
insights,human-mouse_aml_15000c_p1000_deepseek_deepseek-v4-flash,550,5,3,18,2,60.0,0,0,0,2,0,0,2,yes,no
insights,human-mouse_aml_15000c_p1000_deepseek_deepseek-v4-flash,551,26,24,9,2,92.3,0,0,0,8,0,0,8,yes,no
insights,human-mouse_aml_15000c_p1000_deepseek_deepseek-v4-flash,552,6,4,0,2,66.7,0,0,0,0,0,0,0,yes,no
insights,human-mouse_aml_15000c_p1000_deepseek_deepseek-v4-flash,553,18,15,5,3,83.3,0,0,0,0,0,0,0,yes,no
insights,human-mouse_aml_15000c_p1000_deepseek_deepseek-v4-flash,554,5,2,8,3,40.0,0,0,0,0,0,0,0,yes,no
insights,human-mouse_aml_15000c_p1000_deepseek_deepseek-v4-flash,555,6,3,5,3,50.0,0,0,0,0,0,0,0,yes,no
insights,human-mouse_aml_15000c_p1000_deepseek_deepseek-v4-flash,556,7,4,10,3,57.1,0,0,0,0,0,0,0,yes,no
insights,human-mouse_aml_15000c_p1000_deepseek_deepseek-v4-flash,557,5,3,13,2,60.0,0,0,0,1,0,0,1,yes,no
insights,human-mouse_aml_15000c_p1000_deepseek_deepseek-v4-flash,558,5,3,9,2,60.0,0,0,0,0,0,0,0,yes,no
insights,human-mouse_aml_15000c_p1000_deepseek_deepseek-v4-flash,559,5,3,6,2,60.0,0,0,0,0,0,0,0,yes,no
insights,human-mouse_aml_15000c_p1000_deepseek_deepseek-v4-flash,560,5,3,20,2,60.0,0,0,0,0,0,0,0,yes,no
insights,human-mouse_aml_15000c_p1000_deepseek_deepseek-v4-flash,561,3,2,6,1,66.7,0,0,0,0,0,0,0,yes,no
insights,human-mouse_aml_15000c_p1000_deepseek_deepseek-v4-flash,562,19,16,7,3,84.2,0,0,0,0,0,0,0,yes,no
insights,human-mouse_aml_15000c_p1000_deepseek_deepseek-v4-flash,563,11,9,13,2,81.8,0,0,0,5,0,0,5,yes,no
insights,human-mouse_aml_15000c_p1000_deepseek_deepseek-v4-flash,564,19,13,23,6,68.4,0,0,0,0,0,0,0,yes,no
insights,human-mouse_aml_15000c_p1000_deepseek_deepseek-v4-flash,565,5,3,6,2,60.0,0,0,0,0,0,0,0,yes,no
insights,human-mouse_aml_15000c_p1000_deepseek_deepseek-v4-flash,566,4,3,15,1,75.0,0,0,0,3,0,0,3,yes,no
insights,human-mouse_aml_15000c_p1000_deepseek_deepseek-v4-flash,567,5,3,7,2,60.0,0,0,0,0,0,0,0,yes,no
insights,human-mouse_aml_15000c_p1000_deepseek_deepseek-v4-flash,568,6,2,10,4,33.3,0,0,0,0,0,0,0,yes,no
insights,human-mouse_aml_15000c_p1000_deepseek_deepseek-v4-flash,569,5,3,13,2,60.0,0,0,0,0,0,0,0,yes,no
insights,human-mouse_aml_15000c_p1000_deepseek_deepseek-v4-flash,570,10,7,20,3,70.0,0,0,0,5,0,0,5,yes,no
insights,human-mouse_aml_15000c_p1000_deepseek_deepseek-v4-flash,571,6,3,11,3,50.0,0,0,0,0,0,0,0,yes,no
insights,human-mouse_aml_15000c_p1000_deepseek_deepseek-v4-flash,572,5,3,3,2,60.0,0,0,0,0,0,0,0,yes,no
insights,human-mouse_aml_15000c_p1000_deepseek_deepseek-v4-flash,573,5,5,17,0,100.0,0,0,0,1,0,0,1,yes,no
insights,human-mouse_aml_15000c_p1000_deepseek_deepseek-v4-flash,574,5,3,8,2,60.0,0,0,0,1,0,0,1,yes,no
insights,human-mouse_aml_15000c_p1000_deepseek_deepseek-v4-flash,575,3,1,7,2,33.3,0,0,0,0,0,0,0,yes,no
insights,human-mouse_aml_15000c_p1000_deepseek_deepseek-v4-flash,576,27,25,16,2,92.6,0,0,0,9,0,0,9,yes,no
insights,human-mouse_aml_15000c_p1000_deepseek_deepseek-v4-flash,577,11,8,15,3,72.7,0,0,0,0,0,0,0,yes,no
insights,human-mouse_aml_15000c_p1000_deepseek_deepseek-v4-flash,578,40,23,8,17,57.5,0,0,0,2,0,0,2,yes,no
insights,human-mouse_aml_15000c_p1000_deepseek_deepseek-v4-flash,579,6,4,16,2,66.7,0,0,0,2,0,0,2,yes,no
insights,human-mouse_aml_15000c_p1000_deepseek_deepseek-v4-flash,580,5,3,13,2,60.0,0,0,0,3,0,0,3,yes,no
insights,human-mouse_aml_15000c_p1000_deepseek_deepseek-v4-flash,581,6,3,8,3,50.0,0,0,0,0,0,0,0,yes,no
insights,human-mouse_aml_15000c_p1000_deepseek_deepseek-v4-flash,582,6,4,7,2,66.7,0,0,0,0,0,0,0,yes,no
insights,human-mouse_aml_15000c_p1000_deepseek_deepseek-v4-flash,583,49,47,10,2,95.9,0,0,0,15,0,0,15,yes,no
insights,human-mouse_aml_15000c_p1000_deepseek_deepseek-v4-flash,584,6,3,9,3,50.0,0,0,0,0,0,0,0,yes,no
insights,human-mouse_aml_15000c_p1000_deepseek_deepseek-v4-flash,585,5,3,24,2,60.0,0,0,0,1,0,0,1,yes,no
insights,human-mouse_aml_15000c_p1000_deepseek_deepseek-v4-flash,586,9,7,21,2,77.8,0,0,0,2,0,0,2,yes,no
insights,human-mouse_aml_15000c_p1000_deepseek_deepseek-v4-flash,587,6,3,6,3,50.0,0,0,0,0,0,0,0,yes,no
insights,human-mouse_aml_15000c_p1000_deepseek_deepseek-v4-flash,588,5,3,15,2,60.0,0,0,0,0,0,0,0,yes,no
insights,human-mouse_aml_15000c_p1000_deepseek_deepseek-v4-flash,589,8,6,13,2,75.0,0,0,0,0,0,0,0,yes,no
insights,human-mouse_aml_15000c_p1000_deepseek_deepseek-v4-flash,590,3,2,1,1,66.7,0,0,0,0,0,0,0,yes,no
insights,human-mouse_aml_15000c_p1000_deepseek_deepseek-v4-flash,591,5,3,4,2,60.0,0,0,0,0,0,0,0,yes,no
insights,human-mouse_aml_15000c_p1000_deepseek_deepseek-v4-flash,592,5,3,16,2,60.0,0,0,0,0,0,0,0,yes,no
insights,human-mouse_aml_15000c_p1000_deepseek_deepseek-v4-flash,593,5,3,11,2,60.0,0,0,0,0,0,0,0,yes,no
insights,human-mouse_aml_15000c_p1000_deepseek_deepseek-v4-flash,594,9,6,9,3,66.7,0,0,0,0,0,0,0,yes,no
insights,human-mouse_aml_15000c_p1000_deepseek_deepseek-v4-flash,595,5,3,14,2,60.0,0,0,0,1,0,0,1,yes,no
insights,human-mouse_aml_15000c_p1000_deepseek_deepseek-v4-flash,596,4,2,5,2,50.0,0,0,0,0,0,0,0,yes,no
insights,human-mouse_aml_15000c_p1000_deepseek_deepseek-v4-flash,597,5,3,7,2,60.0,0,0,0,0,0,0,0,yes,no
insights,human-mouse_aml_15000c_p1000_deepseek_deepseek-v4-flash,598,7,5,11,2,71.4,0,2,2,0,0,0,0,yes,no
insights,human-mouse_aml_15000c_p1000_deepseek_deepseek-v4-flash,599,5,2,10,3,40.0,0,0,0,3,0,0,3,yes,no
insights,human-mouse_aml_15000c_p1000_deepseek_deepseek-v4-flash,600,6,4,14,2,66.7,0,0,0,0,0,0,0,yes,no
insights,human-mouse_aml_15000c_p1000_deepseek_deepseek-v4-flash,601,5,3,10,2,60.0,0,0,0,2,0,0,2,yes,no
insights,human-mouse_aml_15000c_p1000_deepseek_deepseek-v4-flash,602,7,5,14,2,71.4,0,0,0,0,0,0,0,yes,no
insights,human-mouse_aml_15000c_p1000_deepseek_deepseek-v4-flash,603,5,3,6,2,60.0,0,0,0,2,0,0,2,yes,no
insights,human-mouse_aml_15000c_p1000_deepseek_deepseek-v4-flash,604,7,5,8,2,71.4,0,0,0,3,0,0,3,yes,no
insights,human-mouse_aml_15000c_p1000_deepseek_deepseek-v4-flash,605,5,3,8,2,60.0,0,0,0,0,0,0,0,yes,no
insights,human-mouse_aml_15000c_p1000_deepseek_deepseek-v4-flash,606,8,5,4,3,62.5,0,0,0,0,0,0,0,yes,no
insights,human-mouse_aml_15000c_p1000_deepseek_deepseek-v4-flash,607,8,6,20,2,75.0,0,2,2,0,0,0,0,yes,no
insights,human-mouse_aml_15000c_p1000_deepseek_deepseek-v4-flash,608,3,2,6,1,66.7,0,0,0,0,0,0,0,yes,no
insights,human-mouse_aml_15000c_p1000_deepseek_deepseek-v4-flash,609,20,20,32,0,100.0,0,0,0,2,0,0,2,no,no
insights,human-mouse_aml_15000c_p1000_deepseek_deepseek-v4-flash,610,5,3,13,2,60.0,0,0,0,4,0,0,4,yes,no
insights,human-mouse_aml_15000c_p1000_deepseek_deepseek-v4-flash,611,12,10,14,2,83.3,0,0,0,2,0,0,2,yes,no
insights,human-mouse_aml_15000c_p1000_deepseek_deepseek-v4-flash,612,13,11,48,2,84.6,0,4,4,1,0,0,1,yes,no
insights,human-mouse_aml_15000c_p1000_deepseek_deepseek-v4-flash,613,5,3,23,2,60.0,0,0,0,2,0,0,2,yes,no
insights,human-mouse_aml_15000c_p1000_deepseek_deepseek-v4-flash,614,9,5,20,4,55.6,0,0,0,3,0,0,3,yes,no
insights,human-mouse_aml_15000c_p1000_deepseek_deepseek-v4-flash,615,9,7,13,2,77.8,0,0,0,1,0,0,1,yes,no
insights,human-mouse_aml_15000c_p1000_deepseek_deepseek-v4-flash,616,7,5,9,2,71.4,0,0,0,0,0,0,0,yes,no
insights,human-mouse_aml_15000c_p1000_deepseek_deepseek-v4-flash,617,13,10,17,3,76.9,0,2,2,3,0,0,3,yes,no
insights,human-mouse_aml_15000c_p1000_deepseek_deepseek-v4-flash,618,12,7,24,5,58.3,0,0,0,6,0,0,6,yes,no
insights,human-mouse_aml_15000c_p1000_deepseek_deepseek-v4-flash,619,16,14,18,2,87.5,0,0,0,4,0,0,4,yes,no
insights,human-mouse_aml_15000c_p1000_deepseek_deepseek-v4-flash,620,5,3,6,2,60.0,0,0,0,0,0,0,0,yes,no
insights,human-mouse_aml_15000c_p1000_deepseek_deepseek-v4-flash,621,5,3,15,2,60.0,0,0,0,2,0,0,2,yes,no
insights,human-mouse_aml_15000c_p1000_deepseek_deepseek-v4-flash,622,5,3,7,2,60.0,0,0,0,0,0,0,0,yes,no
insights,human-mouse_aml_15000c_p1000_deepseek_deepseek-v4-flash,623,5,3,6,2,60.0,0,0,0,0,0,0,0,yes,no
insights,human-mouse_aml_15000c_p1000_deepseek_deepseek-v4-flash,624,6,4,8,2,66.7,0,0,0,0,0,0,0,yes,no
insights,human-mouse_aml_15000c_p1000_deepseek_deepseek-v4-flash,625,7,4,22,3,57.1,0,0,0,1,0,0,1,yes,no
insights,human-mouse_aml_15000c_p1000_deepseek_deepseek-v4-flash,626,6,3,8,3,50.0,0,0,0,0,0,0,0,yes,no
insights,human-mouse_aml_15000c_p1000_deepseek_deepseek-v4-flash,627,5,3,6,2,60.0,0,0,0,0,0,0,0,yes,no
insights,human-mouse_aml_15000c_p1000_deepseek_deepseek-v4-flash,628,3,1,4,2,33.3,0,0,0,0,0,0,0,yes,no
insights,human-mouse_aml_15000c_p1000_deepseek_deepseek-v4-flash,629,5,3,10,2,60.0,0,0,0,0,0,0,0,yes,no
insights,human-mouse_aml_15000c_p1000_deepseek_deepseek-v4-flash,630,5,3,15,2,60.0,0,0,0,1,0,0,1,yes,no
insights,human-mouse_aml_15000c_p1000_deepseek_deepseek-v4-flash,631,6,3,15,3,50.0,0,0,0,0,0,0,0,yes,no
insights,human-mouse_aml_15000c_p1000_deepseek_deepseek-v4-flash,632,8,6,13,2,75.0,0,0,0,0,0,0,0,yes,no
insights,human-mouse_aml_15000c_p1000_deepseek_deepseek-v4-flash,633,10,8,11,2,80.0,0,0,0,0,0,0,0,yes,no
insights,human-mouse_aml_15000c_p1000_deepseek_deepseek-v4-flash,634,6,4,12,2,66.7,0,0,0,0,0,0,0,yes,no
insights,human-mouse_aml_15000c_p1000_deepseek_deepseek-v4-flash,635,3,2,16,1,66.7,0,0,0,0,0,0,0,yes,no
insights,human-mouse_aml_15000c_p1000_deepseek_deepseek-v4-flash,636,7,5,9,2,71.4,0,0,0,3,0,0,3,yes,no
insights,human-mouse_aml_15000c_p1000_deepseek_deepseek-v4-flash,637,5,3,20,2,60.0,0,0,0,4,0,0,4,yes,no
insights,human-mouse_aml_15000c_p1000_deepseek_deepseek-v4-flash,638,3,2,8,1,66.7,0,0,0,0,0,0,0,yes,no
insights,human-mouse_aml_15000c_p1000_deepseek_deepseek-v4-flash,639,3,2,7,1,66.7,0,0,0,0,0,0,0,yes,no
insights,human-mouse_aml_15000c_p1000_deepseek_deepseek-v4-flash,640,3,2,8,1,66.7,0,0,0,0,0,0,0,yes,no
insights,human-mouse_aml_15000c_p1000_deepseek_deepseek-v4-flash,641,5,2,10,3,40.0,0,0,0,0,0,0,0,yes,no
insights,human-mouse_aml_15000c_p1000_deepseek_deepseek-v4-flash,642,5,3,15,2,60.0,0,0,0,0,0,0,0,yes,no
insights,human-mouse_aml_15000c_p1000_deepseek_deepseek-v4-flash,643,7,5,5,2,71.4,0,0,0,0,0,0,0,yes,no
insights,human-mouse_aml_15000c_p1000_deepseek_deepseek-v4-flash,644,8,4,20,4,50.0,0,0,0,0,0,0,0,yes,no
insights,human-mouse_aml_15000c_p1000_deepseek_deepseek-v4-flash,645,8,6,22,2,75.0,0,0,0,3,0,0,3,yes,no
insights,human-mouse_aml_15000c_p1000_deepseek_deepseek-v4-flash,646,16,12,4,4,75.0,0,0,0,0,0,0,0,yes,no
insights,human-mouse_aml_15000c_p1000_deepseek_deepseek-v4-flash,647,5,3,7,2,60.0,0,0,0,0,0,0,0,yes,no
insights,human-mouse_aml_15000c_p1000_deepseek_deepseek-v4-flash,648,5,3,16,2,60.0,0,0,0,0,0,0,0,yes,no
insights,human-mouse_aml_15000c_p1000_deepseek_deepseek-v4-flash,649,5,3,15,2,60.0,0,0,0,2,0,0,2,yes,no
insights,human-mouse_aml_15000c_p1000_deepseek_deepseek-v4-flash,650,12,9,15,3,75.0,0,0,0,0,0,0,0,yes,no
insights,human-mouse_aml_15000c_p1000_deepseek_deepseek-v4-flash,651,5,4,3,1,80.0,0,0,0,0,0,0,0,yes,no
insights,human-mouse_aml_15000c_p1000_deepseek_deepseek-v4-flash,652,5,3,7,2,60.0,0,0,0,0,0,0,0,yes,no
insights,human-mouse_aml_15000c_p1000_deepseek_deepseek-v4-flash,653,4,2,3,2,50.0,0,0,0,2,0,0,2,yes,no
insights,human-mouse_aml_15000c_p1000_deepseek_deepseek-v4-flash,654,9,5,25,4,55.6,0,0,0,4,0,0,4,yes,no
insights,human-mouse_aml_15000c_p1000_deepseek_deepseek-v4-flash,655,6,3,10,3,50.0,0,0,0,3,0,0,3,yes,no
insights,human-mouse_aml_15000c_p1000_deepseek_deepseek-v4-flash,656,5,3,13,2,60.0,0,0,0,1,0,0,1,yes,no
insights,human-mouse_aml_15000c_p1000_deepseek_deepseek-v4-flash,657,6,4,11,2,66.7,0,0,0,0,0,0,0,yes,no
insights,human-mouse_aml_15000c_p1000_deepseek_deepseek-v4-flash,658,7,6,32,1,85.7,0,3,3,2,0,0,2,yes,no
insights,human-mouse_aml_15000c_p1000_deepseek_deepseek-v4-flash,659,16,10,15,6,62.5,0,0,0,2,0,0,2,yes,no
insights,human-mouse_aml_15000c_p1000_deepseek_deepseek-v4-flash,660,6,0,13,6,0.0,0,0,0,3,0,0,3,yes,no
insights,human-mouse_aml_15000c_p1000_deepseek_deepseek-v4-flash,661,5,3,10,2,60.0,0,0,0,0,0,0,0,yes,no
insights,human-mouse_aml_15000c_p1000_deepseek_deepseek-v4-flash,662,20,18,4,2,90.0,0,0,0,0,0,0,0,yes,no
insights,human-mouse_aml_15000c_p1000_deepseek_deepseek-v4-flash,663,40,38,36,2,95.0,0,0,0,0,0,0,0,yes,no
insights,human-mouse_aml_15000c_p1000_deepseek_deepseek-v4-flash,664,5,3,9,2,60.0,0,0,0,0,0,0,0,yes,no
insights,human-mouse_aml_15000c_p1000_deepseek_deepseek-v4-flash,665,5,3,10,2,60.0,0,0,0,0,0,0,0,yes,no
insights,human-mouse_aml_15000c_p1000_deepseek_deepseek-v4-flash,666,6,3,4,3,50.0,0,0,0,0,0,0,0,yes,no
insights,human-mouse_aml_15000c_p1000_deepseek_deepseek-v4-flash,667,5,2,15,3,40.0,0,0,0,1,0,0,1,yes,no
insights,human-mouse_aml_15000c_p1000_deepseek_deepseek-v4-flash,668,11,9,10,2,81.8,0,0,0,3,0,0,3,yes,no
insights,human-mouse_aml_15000c_p1000_deepseek_deepseek-v4-flash,669,5,3,6,2,60.0,0,0,0,0,0,0,0,yes,no
insights,human-mouse_aml_15000c_p1000_deepseek_deepseek-v4-flash,670,21,17,10,4,81.0,0,0,0,0,0,0,0,yes,no
insights,human-mouse_aml_15000c_p1000_deepseek_deepseek-v4-flash,671,5,3,9,2,60.0,0,0,0,2,0,0,2,yes,no
insights,human-mouse_aml_15000c_p1000_deepseek_deepseek-v4-flash,672,7,4,5,3,57.1,0,0,0,0,0,0,0,yes,no
insights,human-mouse_aml_15000c_p1000_deepseek_deepseek-v4-flash,673,5,3,12,2,60.0,0,0,0,0,0,0,0,yes,no
insights,human-mouse_aml_15000c_p1000_deepseek_deepseek-v4-flash,674,8,6,24,2,75.0,0,0,0,5,0,0,5,yes,no
insights,human-mouse_aml_15000c_p1000_deepseek_deepseek-v4-flash,675,15,10,20,5,66.7,0,0,0,9,0,0,9,yes,no
insights,human-mouse_aml_15000c_p1000_deepseek_deepseek-v4-flash,676,12,10,1,2,83.3,0,0,0,0,0,0,0,yes,yes
insights,human-mouse_aml_15000c_p1000_deepseek_deepseek-v4-flash,677,3,2,6,1,66.7,0,0,0,1,0,0,1,yes,no
insights,human-mouse_aml_15000c_p1000_deepseek_deepseek-v4-flash,678,6,3,11,3,50.0,0,0,0,2,0,0,2,yes,no
insights,human-mouse_aml_15000c_p1000_deepseek_deepseek-v4-flash,679,14,7,25,7,50.0,0,0,0,2,0,0,2,yes,no
insights,human-mouse_aml_15000c_p1000_deepseek_deepseek-v4-flash,680,6,3,3,3,50.0,0,0,0,0,0,0,0,yes,no
insights,human-mouse_aml_15000c_p1000_deepseek_deepseek-v4-flash,681,5,3,17,2,60.0,0,0,0,3,0,0,3,yes,no
insights,human-mouse_aml_15000c_p1000_deepseek_deepseek-v4-flash,682,7,4,22,3,57.1,0,0,0,2,0,0,2,yes,no
insights,human-mouse_aml_15000c_p1000_deepseek_deepseek-v4-flash,683,5,3,17,2,60.0,0,0,0,2,0,0,2,yes,no
insights,human-mouse_aml_15000c_p1000_deepseek_deepseek-v4-flash,684,5,3,8,2,60.0,0,0,0,0,0,0,0,yes,no
insights,human-mouse_aml_15000c_p1000_deepseek_deepseek-v4-flash,685,5,3,9,2,60.0,0,0,0,0,0,0,0,yes,no
insights,human-mouse_aml_15000c_p1000_deepseek_deepseek-v4-flash,686,24,22,10,2,91.7,0,0,0,3,0,0,3,yes,no
insights,human-mouse_aml_15000c_p1000_deepseek_deepseek-v4-flash,687,6,4,7,2,66.7,0,0,0,0,0,0,0,yes,no
insights,human-mouse_aml_15000c_p1000_deepseek_deepseek-v4-flash,688,6,4,4,2,66.7,0,0,0,0,0,0,0,yes,no
insights,human-mouse_aml_15000c_p1000_deepseek_deepseek-v4-flash,689,5,3,5,2,60.0,0,0,0,0,0,0,0,yes,no
insights,human-mouse_aml_15000c_p1000_deepseek_deepseek-v4-flash,690,5,3,13,2,60.0,0,0,0,1,0,0,1,yes,no
insights,human-mouse_aml_15000c_p1000_deepseek_deepseek-v4-flash,691,5,3,10,2,60.0,0,0,0,0,0,0,0,yes,no
insights,human-mouse_aml_15000c_p1000_deepseek_deepseek-v4-flash,692,9,5,9,4,55.6,0,0,0,0,0,0,0,yes,no
insights,human-mouse_aml_15000c_p1000_deepseek_deepseek-v4-flash,693,7,2,5,5,28.6,0,0,0,0,0,0,0,yes,no
insights,human-mouse_aml_15000c_p1000_deepseek_deepseek-v4-flash,694,3,2,6,1,66.7,0,0,0,0,0,0,0,yes,no
insights,human-mouse_aml_15000c_p1000_deepseek_deepseek-v4-flash,695,5,3,7,2,60.0,0,0,0,0,0,0,0,yes,no
insights,human-mouse_aml_15000c_p1000_deepseek_deepseek-v4-flash,696,9,6,25,3,66.7,0,0,0,2,0,0,2,yes,no
insights,human-mouse_aml_15000c_p1000_deepseek_deepseek-v4-flash,697,5,3,10,2,60.0,0,0,0,1,0,0,1,yes,no
insights,human-mouse_aml_15000c_p1000_deepseek_deepseek-v4-flash,698,7,3,6,4,42.9,0,0,0,2,0,0,2,yes,no
insights,human-mouse_aml_15000c_p1000_deepseek_deepseek-v4-flash,699,6,3,10,3,50.0,0,0,0,0,0,0,0,yes,no
insights,human-mouse_aml_15000c_p1000_deepseek_deepseek-v4-flash,700,5,3,15,2,60.0,0,0,0,0,0,0,0,yes,no
insights,human-mouse_aml_15000c_p1000_deepseek_deepseek-v4-flash,701,6,3,14,3,50.0,0,0,0,0,0,0,0,yes,no
insights,human-mouse_aml_15000c_p1000_deepseek_deepseek-v4-flash,702,5,3,12,2,60.0,0,0,0,0,0,0,0,yes,no
insights,human-mouse_aml_15000c_p1000_deepseek_deepseek-v4-flash,703,5,3,5,2,60.0,0,0,0,2,0,0,2,yes,no
insights,human-mouse_aml_15000c_p1000_deepseek_deepseek-v4-flash,704,3,2,0,1,66.7,0,0,0,0,0,0,0,yes,no
insights,human-mouse_aml_15000c_p1000_deepseek_deepseek-v4-flash,705,5,3,11,2,60.0,0,0,0,1,0,0,1,yes,no
insights,human-mouse_aml_15000c_p1000_deepseek_deepseek-v4-flash,706,5,3,9,2,60.0,0,0,0,0,0,0,0,yes,no
insights,human-mouse_aml_15000c_p1000_deepseek_deepseek-v4-flash,707,9,5,7,4,55.6,0,0,0,0,0,0,0,yes,no
insights,human-mouse_aml_15000c_p1000_deepseek_deepseek-v4-flash,708,5,3,9,2,60.0,0,0,0,0,0,0,0,yes,no
insights,human-mouse_aml_15000c_p1000_deepseek_deepseek-v4-flash,709,32,26,27,6,81.2,0,0,0,0,0,0,0,yes,no
insights,human-mouse_aml_15000c_p1000_deepseek_deepseek-v4-flash,710,5,3,17,2,60.0,0,0,0,0,0,0,0,yes,no
insights,human-mouse_aml_15000c_p1000_deepseek_deepseek-v4-flash,711,7,5,10,2,71.4,0,0,0,0,0,0,0,yes,no
insights,human-mouse_aml_15000c_p1000_deepseek_deepseek-v4-flash,712,22,12,45,10,54.5,0,0,0,2,0,0,2,yes,no
insights,human-mouse_aml_15000c_p1000_deepseek_deepseek-v4-flash,713,19,17,1,2,89.5,0,0,0,0,0,0,0,yes,no
insights,human-mouse_aml_15000c_p1000_deepseek_deepseek-v4-flash,714,24,22,12,2,91.7,0,0,0,0,0,0,0,yes,no
insights,human-mouse_aml_15000c_p1000_deepseek_deepseek-v4-flash,715,13,11,4,2,84.6,0,0,0,0,0,0,0,yes,no
insights,human-mouse_aml_15000c_p1000_deepseek_deepseek-v4-flash,716,8,5,16,3,62.5,0,0,0,4,0,0,4,yes,no
insights,human-mouse_aml_15000c_p1000_deepseek_deepseek-v4-flash,717,7,4,11,3,57.1,0,0,0,4,0,0,4,yes,no
insights,human-mouse_aml_15000c_p1000_deepseek_deepseek-v4-flash,718,5,3,6,2,60.0,0,0,0,0,0,0,0,yes,no
insights,human-mouse_aml_15000c_p1000_deepseek_deepseek-v4-flash,719,5,3,9,2,60.0,0,0,0,2,0,0,2,yes,no
insights,human-mouse_aml_15000c_p1000_deepseek_deepseek-v4-flash,720,22,19,21,3,86.4,0,3,3,0,0,0,0,yes,no
insights,human-mouse_aml_15000c_p1000_deepseek_deepseek-v4-flash,721,5,3,6,2,60.0,0,0,0,0,0,0,0,yes,no
insights,human-mouse_aml_15000c_p1000_deepseek_deepseek-v4-flash,722,11,9,13,2,81.8,0,2,2,0,0,0,0,yes,no
insights,human-mouse_aml_15000c_p1000_deepseek_deepseek-v4-flash,723,5,3,11,2,60.0,0,5,5,0,0,0,0,yes,no
insights,human-mouse_aml_15000c_p1000_deepseek_deepseek-v4-flash,724,16,14,1,2,87.5,0,0,0,0,0,0,0,yes,no
insights,human-mouse_aml_15000c_p1000_deepseek_deepseek-v4-flash,725,6,3,17,3,50.0,0,0,0,2,0,0,2,yes,no
insights,human-mouse_aml_15000c_p1000_deepseek_deepseek-v4-flash,726,5,3,7,2,60.0,0,0,0,0,0,0,0,yes,no
insights,human-mouse_aml_15000c_p1000_deepseek_deepseek-v4-flash,727,5,3,21,2,60.0,0,0,0,3,0,0,3,yes,no
insights,human-mouse_aml_15000c_p1000_deepseek_deepseek-v4-flash,728,28,21,14,7,75.0,0,0,0,0,0,0,0,yes,no
insights,human-mouse_aml_15000c_p1000_deepseek_deepseek-v4-flash,729,7,4,13,3,57.1,0,0,0,0,0,0,0,yes,no
insights,human-mouse_aml_15000c_p1000_deepseek_deepseek-v4-flash,730,11,7,23,4,63.6,0,0,0,6,0,0,6,yes,no
insights,human-mouse_aml_15000c_p1000_deepseek_deepseek-v4-flash,731,5,3,20,2,60.0,0,0,0,1,0,0,1,yes,no
insights,human-mouse_aml_15000c_p1000_deepseek_deepseek-v4-flash,732,24,23,10,1,95.8,0,0,0,4,0,0,4,yes,no
insights,human-mouse_aml_15000c_p1000_deepseek_deepseek-v4-flash,733,5,3,13,2,60.0,0,0,0,2,0,0,2,yes,no
insights,human-mouse_aml_15000c_p1000_deepseek_deepseek-v4-flash,734,5,3,10,2,60.0,0,0,0,0,0,0,0,yes,no
insights,human-mouse_aml_15000c_p1000_deepseek_deepseek-v4-flash,735,5,3,13,2,60.0,0,0,0,1,0,0,1,yes,no
insights,human-mouse_aml_15000c_p1000_deepseek_deepseek-v4-flash,736,6,4,17,2,66.7,0,2,2,4,0,0,4,yes,no
insights,human-mouse_aml_15000c_p1000_deepseek_deepseek-v4-flash,737,5,3,16,2,60.0,0,0,0,0,0,0,0,yes,no
insights,human-mouse_aml_15000c_p1000_deepseek_deepseek-v4-flash,738,8,6,19,2,75.0,0,2,2,5,0,0,5,yes,no
insights,human-mouse_aml_15000c_p1000_deepseek_deepseek-v4-flash,739,6,3,13,3,50.0,0,0,0,0,0,0,0,yes,no
insights,human-mouse_aml_15000c_p1000_deepseek_deepseek-v4-flash,740,5,3,20,2,60.0,0,0,0,3,0,0,3,yes,no
insights,human-mouse_aml_15000c_p1000_deepseek_deepseek-v4-flash,741,18,13,22,5,72.2,0,0,0,0,0,0,0,yes,no
insights,human-mouse_aml_15000c_p1000_deepseek_deepseek-v4-flash,742,29,27,10,2,93.1,0,2,2,0,0,0,0,yes,no
insights,human-mouse_aml_15000c_p1000_deepseek_deepseek-v4-flash,743,7,4,10,3,57.1,0,0,0,0,0,0,0,yes,no
insights,human-mouse_aml_15000c_p1000_deepseek_deepseek-v4-flash,744,7,5,20,2,71.4,0,2,2,4,0,0,4,yes,no
insights,human-mouse_aml_15000c_p1000_deepseek_deepseek-v4-flash,745,6,3,10,3,50.0,0,0,0,2,0,0,2,yes,no
insights,human-mouse_aml_15000c_p1000_deepseek_deepseek-v4-flash,746,14,12,14,2,85.7,0,0,0,4,0,0,4,yes,no
insights,human-mouse_aml_15000c_p1000_deepseek_deepseek-v4-flash,747,5,3,4,2,60.0,0,0,0,0,0,0,0,yes,no
insights,human-mouse_aml_15000c_p1000_deepseek_deepseek-v4-flash,748,26,16,14,10,61.5,0,0,0,0,0,0,0,yes,no
insights,human-mouse_aml_15000c_p1000_deepseek_deepseek-v4-flash,749,6,2,12,4,33.3,0,0,0,1,0,0,1,yes,no
insights,human-mouse_aml_15000c_p1000_deepseek_deepseek-v4-flash,750,6,3,13,3,50.0,0,0,0,1,0,0,1,yes,no
insights,human-mouse_aml_15000c_p1000_deepseek_deepseek-v4-flash,751,5,3,7,2,60.0,0,0,0,0,0,0,0,yes,no
insights,human-mouse_aml_15000c_p1000_deepseek_deepseek-v4-flash,752,6,4,11,2,66.7,0,5,5,0,0,0,0,yes,no
insights,human-mouse_aml_15000c_p1000_deepseek_deepseek-v4-flash,753,3,2,0,1,66.7,0,0,0,0,0,0,0,yes,no
insights,human-mouse_aml_15000c_p1000_deepseek_deepseek-v4-flash,754,11,6,39,5,54.5,0,0,0,2,0,0,2,yes,no
insights,human-mouse_aml_15000c_p1000_deepseek_deepseek-v4-flash,755,9,5,18,4,55.6,0,0,0,1,0,0,1,yes,no
insights,human-mouse_aml_15000c_p1000_deepseek_deepseek-v4-flash,756,20,14,23,6,70.0,0,0,0,0,0,0,0,yes,no
insights,human-mouse_aml_15000c_p1000_deepseek_deepseek-v4-flash,757,3,2,8,1,66.7,0,0,0,0,0,0,0,yes,no
insights,human-mouse_aml_15000c_p1000_deepseek_deepseek-v4-flash,758,7,5,8,2,71.4,0,0,0,2,0,0,2,yes,no
insights,human-mouse_aml_15000c_p1000_deepseek_deepseek-v4-flash,759,5,3,5,2,60.0,0,0,0,0,0,0,0,yes,no
insights,human-mouse_aml_15000c_p1000_deepseek_deepseek-v4-flash,760,5,2,10,3,40.0,0,0,0,0,0,0,0,yes,no
insights,human-mouse_aml_15000c_p1000_deepseek_deepseek-v4-flash,761,3,2,8,1,66.7,0,0,0,0,0,0,0,yes,no
insights,human-mouse_aml_15000c_p1000_deepseek_deepseek-v4-flash,762,76,68,72,8,89.5,0,0,0,12,0,0,12,yes,no
insights,human-mouse_aml_15000c_p1000_deepseek_deepseek-v4-flash,763,7,4,5,3,57.1,0,0,0,0,0,0,0,yes,no
insights,human-mouse_aml_15000c_p1000_deepseek_deepseek-v4-flash,764,16,14,6,2,87.5,0,0,0,0,0,0,0,yes,no
insights,human-mouse_aml_15000c_p1000_deepseek_deepseek-v4-flash,765,30,23,64,7,76.7,0,0,0,12,0,0,12,yes,no
insights,human-mouse_aml_15000c_p1000_deepseek_deepseek-v4-flash,766,4,3,2,1,75.0,0,0,0,0,0,0,0,yes,no
insights,human-mouse_aml_15000c_p1000_deepseek_deepseek-v4-flash,767,5,3,12,2,60.0,0,0,0,0,0,0,0,yes,no
insights,human-mouse_aml_15000c_p1000_deepseek_deepseek-v4-flash,768,5,3,16,2,60.0,0,0,0,0,0,0,0,yes,no
insights,human-mouse_aml_15000c_p1000_deepseek_deepseek-v4-flash,769,3,2,11,1,66.7,0,0,0,0,0,0,0,yes,no
insights,human-mouse_aml_15000c_p1000_deepseek_deepseek-v4-flash,770,17,10,31,7,58.8,0,0,0,2,0,0,2,yes,no
insights,human-mouse_aml_15000c_p1000_deepseek_deepseek-v4-flash,771,10,8,6,2,80.0,0,0,0,0,0,0,0,yes,no
insights,human-mouse_aml_15000c_p1000_deepseek_deepseek-v4-flash,772,3,2,10,1,66.7,0,0,0,0,0,0,0,yes,no
insights,human-mouse_aml_15000c_p1000_deepseek_deepseek-v4-flash,773,5,3,26,2,60.0,0,5,5,0,0,0,0,yes,no
insights,human-mouse_aml_15000c_p1000_deepseek_deepseek-v4-flash,774,6,3,32,3,50.0,0,0,0,0,0,0,0,yes,no
insights,human-mouse_aml_15000c_p1000_deepseek_deepseek-v4-flash,775,6,3,14,3,50.0,0,0,0,0,0,0,0,yes,no
insights,human-mouse_aml_15000c_p1000_deepseek_deepseek-v4-flash,776,4,3,2,1,75.0,0,0,0,0,0,0,0,yes,no
insights,human-mouse_aml_15000c_p1000_deepseek_deepseek-v4-flash,777,6,4,4,2,66.7,0,0,0,0,0,0,0,yes,no
insights,human-mouse_aml_15000c_p1000_deepseek_deepseek-v4-flash,778,4,2,8,2,50.0,0,0,0,0,0,0,0,yes,no
insights,human-mouse_aml_15000c_p1000_deepseek_deepseek-v4-flash,779,6,3,5,3,50.0,0,0,0,0,0,0,0,yes,no
insights,human-mouse_aml_15000c_p1000_deepseek_deepseek-v4-flash,780,4,2,3,2,50.0,0,0,0,1,0,0,1,yes,no
insights,human-mouse_aml_15000c_p1000_deepseek_deepseek-v4-flash,781,10,6,4,4,60.0,0,0,0,2,0,0,2,yes,no
insights,human-mouse_aml_15000c_p1000_deepseek_deepseek-v4-flash,782,24,20,6,4,83.3,0,0,0,0,0,0,0,yes,no
insights,human-mouse_aml_15000c_p1000_deepseek_deepseek-v4-flash,783,5,3,14,2,60.0,0,0,0,3,0,0,3,yes,no
insights,human-mouse_aml_15000c_p1000_deepseek_deepseek-v4-flash,784,5,2,8,3,40.0,0,0,0,0,0,0,0,yes,no
insights,human-mouse_aml_15000c_p1000_deepseek_deepseek-v4-flash,785,12,10,7,2,83.3,0,0,0,0,0,0,0,yes,no
insights,human-mouse_aml_15000c_p1000_deepseek_deepseek-v4-flash,786,5,3,4,2,60.0,0,0,0,0,0,0,0,yes,no
insights,human-mouse_aml_15000c_p1000_deepseek_deepseek-v4-flash,787,5,3,18,2,60.0,0,0,0,0,0,0,0,yes,no
insights,human-mouse_aml_15000c_p1000_deepseek_deepseek-v4-flash,788,5,3,17,2,60.0,0,0,0,1,0,0,1,yes,no
insights,human-mouse_aml_15000c_p1000_deepseek_deepseek-v4-flash,789,22,14,18,8,63.6,0,0,0,9,0,0,9,yes,no
insights,human-mouse_aml_15000c_p1000_deepseek_deepseek-v4-flash,790,6,4,22,2,66.7,0,0,0,2,0,0,2,yes,no
insights,human-mouse_aml_15000c_p1000_deepseek_deepseek-v4-flash,791,3,2,4,1,66.7,0,0,0,0,0,0,0,yes,no
insights,human-mouse_aml_15000c_p1000_deepseek_deepseek-v4-flash,792,3,2,8,1,66.7,0,0,0,0,0,0,0,yes,no
insights,human-mouse_aml_15000c_p1000_deepseek_deepseek-v4-flash,793,3,2,7,1,66.7,0,0,0,0,0,0,0,yes,no
insights,human-mouse_aml_15000c_p1000_deepseek_deepseek-v4-flash,794,5,3,1,2,60.0,0,0,0,0,0,0,0,yes,yes
insights,human-mouse_aml_15000c_p1000_deepseek_deepseek-v4-flash,795,7,7,13,0,100.0,0,0,0,1,0,0,1,no,no
insights,human-mouse_aml_15000c_p1000_deepseek_deepseek-v4-flash,796,3,2,4,1,66.7,0,0,0,0,0,0,0,yes,no
insights,human-mouse_aml_15000c_p1000_deepseek_deepseek-v4-flash,797,14,12,3,2,85.7,0,0,0,0,0,0,0,yes,no
insights,human-mouse_aml_15000c_p1000_deepseek_deepseek-v4-flash,798,3,2,6,1,66.7,0,0,0,0,0,0,0,yes,no
insights,human-mouse_aml_15000c_p1000_deepseek_deepseek-v4-flash,799,3,2,6,1,66.7,0,0,0,0,0,0,0,yes,no
insights,human-mouse_aml_15000c_p1000_deepseek_deepseek-v4-flash,800,10,8,27,2,80.0,0,2,2,4,0,0,4,yes,no
insights,human-mouse_aml_15000c_p1000_deepseek_deepseek-v4-flash,801,6,2,9,4,33.3,0,0,0,1,0,0,1,yes,no
insights,human-mouse_aml_15000c_p1000_deepseek_deepseek-v4-flash,802,3,2,0,1,66.7,0,0,0,0,0,0,0,yes,no
insights,human-mouse_aml_15000c_p1000_deepseek_deepseek-v4-flash,803,3,2,6,1,66.7,0,0,0,0,0,0,0,yes,no
insights,human-mouse_aml_15000c_p1000_deepseek_deepseek-v4-flash,804,3,1,10,2,33.3,0,0,0,0,0,0,0,yes,no
insights,human-mouse_aml_15000c_p1000_deepseek_deepseek-v4-flash,805,3,2,2,1,66.7,0,0,0,0,0,0,0,yes,no
insights,human-mouse_aml_15000c_p1000_deepseek_deepseek-v4-flash,806,16,8,19,8,50.0,0,0,0,0,0,0,0,yes,no
insights,human-mouse_aml_15000c_p1000_deepseek_deepseek-v4-flash,807,11,9,13,2,81.8,0,2,2,0,0,0,0,yes,no
insights,human-mouse_aml_15000c_p1000_deepseek_deepseek-v4-flash,808,8,5,10,3,62.5,0,0,0,0,0,0,0,yes,no
insights,human-mouse_aml_15000c_p1000_deepseek_deepseek-v4-flash,809,6,4,25,2,66.7,0,0,0,1,0,0,1,yes,no
insights,human-mouse_aml_15000c_p1000_deepseek_deepseek-v4-flash,810,3,2,8,1,66.7,0,0,0,0,0,0,0,yes,no
insights,human-mouse_aml_15000c_p1000_deepseek_deepseek-v4-flash,811,5,3,7,2,60.0,0,0,0,0,0,0,0,yes,no
insights,human-mouse_aml_15000c_p1000_deepseek_deepseek-v4-flash,812,7,6,10,1,85.7,0,0,0,2,0,0,2,yes,no
insights,human-mouse_aml_15000c_p1000_deepseek_deepseek-v4-flash,813,4,2,1,2,50.0,0,0,0,0,0,0,0,yes,no
insights,human-mouse_aml_15000c_p1000_deepseek_deepseek-v4-flash,814,4,2,7,2,50.0,0,0,0,0,0,0,0,yes,no
insights,human-mouse_aml_15000c_p1000_deepseek_deepseek-v4-flash,815,3,2,3,1,66.7,0,0,0,0,0,0,0,yes,no
insights,human-mouse_aml_15000c_p1000_deepseek_deepseek-v4-flash,816,7,3,8,4,42.9,0,0,0,0,0,0,0,yes,no
insights,human-mouse_aml_15000c_p1000_deepseek_deepseek-v4-flash,817,3,1,8,2,33.3,0,0,0,0,0,0,0,yes,no
insights,human-mouse_aml_15000c_p1000_deepseek_deepseek-v4-flash,818,3,2,6,1,66.7,0,0,0,0,0,0,0,yes,no
insights,human-mouse_aml_15000c_p1000_deepseek_deepseek-v4-flash,819,7,5,18,2,71.4,0,0,0,1,0,0,1,yes,no
insights,human-mouse_aml_15000c_p1000_deepseek_deepseek-v4-flash,820,7,5,7,2,71.4,0,0,0,0,0,0,0,yes,no
insights,human-mouse_aml_15000c_p1000_deepseek_deepseek-v4-flash,821,5,3,6,2,60.0,0,0,0,2,0,0,2,yes,no
insights,human-mouse_aml_15000c_p1000_deepseek_deepseek-v4-flash,822,7,5,4,2,71.4,0,0,0,2,0,0,2,yes,no
insights,human-mouse_aml_15000c_p1000_deepseek_deepseek-v4-flash,823,4,3,5,1,75.0,0,0,0,0,0,0,0,yes,no
insights,human-mouse_aml_15000c_p1000_deepseek_deepseek-v4-flash,824,7,5,17,2,71.4,0,0,0,2,0,0,2,yes,no
insights,human-mouse_aml_15000c_p1000_deepseek_deepseek-v4-flash,825,9,6,10,3,66.7,0,0,0,0,0,0,0,yes,no
insights,human-mouse_aml_15000c_p1000_deepseek_deepseek-v4-flash,826,7,4,15,3,57.1,0,0,0,0,0,0,0,yes,no
insights,human-mouse_aml_15000c_p1000_deepseek_deepseek-v4-flash,827,7,5,9,2,71.4,0,0,0,0,0,0,0,yes,no
insights,human-mouse_aml_15000c_p1000_deepseek_deepseek-v4-flash,828,4,3,1,1,75.0,0,0,0,0,0,0,0,yes,no
insights,human-mouse_aml_15000c_p1000_deepseek_deepseek-v4-flash,829,5,3,13,2,60.0,0,0,0,1,0,0,1,yes,no
insights,human-mouse_aml_15000c_p1000_deepseek_deepseek-v4-flash,830,24,20,7,4,83.3,0,0,0,0,0,0,0,yes,no
insights,human-mouse_aml_15000c_p1000_deepseek_deepseek-v4-flash,831,3,2,0,1,66.7,0,0,0,0,0,0,0,yes,no
insights,human-mouse_aml_15000c_p1000_deepseek_deepseek-v4-flash,832,4,3,4,1,75.0,0,0,0,0,0,0,0,yes,no
insights,human-mouse_aml_15000c_p1000_deepseek_deepseek-v4-flash,833,3,3,10,0,100.0,0,0,0,0,0,0,0,no,no
insights,human-mouse_aml_15000c_p1000_deepseek_deepseek-v4-flash,834,41,37,22,4,90.2,1,1,0,0,0,0,0,yes,no
insights,human-mouse_aml_15000c_p1000_deepseek_deepseek-v4-flash,835,8,6,12,2,75.0,0,0,0,0,0,0,0,yes,no
insights,human-mouse_aml_15000c_p1000_deepseek_deepseek-v4-flash,836,5,2,9,3,40.0,0,0,0,2,0,0,2,yes,no
insights,human-mouse_aml_15000c_p1000_deepseek_deepseek-v4-flash,837,8,6,16,2,75.0,0,0,0,0,0,0,0,yes,no
insights,human-mouse_aml_15000c_p1000_deepseek_deepseek-v4-flash,838,5,3,14,2,60.0,0,0,0,0,0,0,0,yes,no
insights,human-mouse_aml_15000c_p1000_deepseek_deepseek-v4-flash,839,5,3,11,2,60.0,0,0,0,0,0,0,0,yes,no
insights,human-mouse_aml_15000c_p1000_deepseek_deepseek-v4-flash,840,5,3,20,2,60.0,0,0,0,3,0,0,3,yes,no
insights,human-mouse_aml_15000c_p1000_deepseek_deepseek-v4-flash,841,5,3,15,2,60.0,0,0,0,3,0,0,3,yes,no
insights,human-mouse_aml_15000c_p1000_deepseek_deepseek-v4-flash,842,9,7,12,2,77.8,0,2,2,0,0,0,0,yes,no
insights,human-mouse_aml_15000c_p1000_deepseek_deepseek-v4-flash,843,6,3,6,3,50.0,0,0,0,0,0,0,0,yes,no
insights,human-mouse_aml_15000c_p1000_deepseek_deepseek-v4-flash,844,3,2,0,1,66.7,0,0,0,0,0,0,0,yes,no
insights,human-mouse_aml_15000c_p1000_deepseek_deepseek-v4-flash,845,76,54,13,22,71.1,0,0,0,0,0,0,0,yes,no
insights,human-mouse_aml_15000c_p1000_deepseek_deepseek-v4-flash,846,5,3,11,2,60.0,0,0,0,0,0,0,0,yes,no
insights,human-mouse_aml_15000c_p1000_deepseek_deepseek-v4-flash,847,5,3,5,2,60.0,0,0,0,2,0,0,2,yes,no
insights,human-mouse_aml_15000c_p1000_deepseek_deepseek-v4-flash,848,12,10,12,2,83.3,0,4,4,0,0,0,0,yes,no
insights,human-mouse_aml_15000c_p1000_deepseek_deepseek-v4-flash,849,15,13,37,2,86.7,0,0,0,5,0,0,5,yes,no
insights,human-mouse_aml_15000c_p1000_deepseek_deepseek-v4-flash,850,11,7,34,4,63.6,0,0,0,4,0,0,4,yes,no
insights,human-mouse_aml_15000c_p1000_deepseek_deepseek-v4-flash,851,5,3,1,2,60.0,0,0,0,0,0,0,0,yes,no
insights,human-mouse_aml_15000c_p1000_deepseek_deepseek-v4-flash,852,5,3,9,2,60.0,0,0,0,0,0,0,0,yes,no
insights,human-mouse_aml_15000c_p1000_deepseek_deepseek-v4-flash,853,9,6,18,3,66.7,0,0,0,0,0,0,0,yes,no
insights,human-mouse_aml_15000c_p1000_deepseek_deepseek-v4-flash,854,6,5,28,1,83.3,0,2,2,4,0,0,4,yes,no
insights,human-mouse_aml_15000c_p1000_deepseek_deepseek-v4-flash,855,13,10,1,3,76.9,0,0,0,0,0,0,0,yes,no
insights,human-mouse_aml_15000c_p1000_deepseek_deepseek-v4-flash,856,18,13,14,5,72.2,0,0,0,0,0,0,0,yes,no
insights,human-mouse_aml_15000c_p1000_deepseek_deepseek-v4-flash,857,7,5,3,2,71.4,0,0,0,0,0,0,0,yes,no
insights,human-mouse_aml_15000c_p1000_deepseek_deepseek-v4-flash,858,8,5,15,3,62.5,0,5,5,0,0,0,0,yes,no
insights,human-mouse_aml_15000c_p1000_deepseek_deepseek-v4-flash,859,3,2,7,1,66.7,0,0,0,0,0,0,0,yes,no
insights,human-mouse_aml_15000c_p1000_deepseek_deepseek-v4-flash,860,6,3,5,3,50.0,0,0,0,0,0,0,0,yes,no
insights,human-mouse_aml_15000c_p1000_deepseek_deepseek-v4-flash,861,5,3,22,2,60.0,0,0,0,0,0,0,0,yes,no
insights,human-mouse_aml_15000c_p1000_deepseek_deepseek-v4-flash,862,4,2,8,2,50.0,0,0,0,0,0,0,0,yes,no
insights,human-mouse_aml_15000c_p1000_deepseek_deepseek-v4-flash,863,7,5,15,2,71.4,0,0,0,1,0,0,1,yes,no
insights,human-mouse_aml_15000c_p1000_deepseek_deepseek-v4-flash,864,4,3,6,1,75.0,0,0,0,0,0,0,0,yes,no
insights,human-mouse_aml_15000c_p1000_deepseek_deepseek-v4-flash,865,8,6,8,2,75.0,0,0,0,0,0,0,0,yes,no
insights,human-mouse_aml_15000c_p1000_deepseek_deepseek-v4-flash,866,14,9,33,5,64.3,0,0,0,2,0,0,2,yes,no
insights,human-mouse_aml_15000c_p1000_deepseek_deepseek-v4-flash,867,6,4,14,2,66.7,0,0,0,0,0,0,0,yes,no
insights,human-mouse_aml_15000c_p1000_deepseek_deepseek-v4-flash,868,61,48,113,13,78.7,6,15,9,12,0,0,12,yes,no
insights,human-mouse_aml_15000c_p1000_deepseek_deepseek-v4-flash,869,20,15,12,5,75.0,0,0,0,2,0,0,2,yes,no
insights,human-mouse_aml_15000c_p1000_deepseek_deepseek-v4-flash,870,73,62,33,11,84.9,0,0,0,28,0,0,28,yes,no
insights,human-mouse_aml_15000c_p1000_deepseek_deepseek-v4-flash,871,14,11,2,3,78.6,0,0,0,0,0,0,0,yes,no
insights,human-mouse_aml_15000c_p1000_deepseek_deepseek-v4-flash,872,7,5,11,2,71.4,0,0,0,0,0,0,0,yes,no
insights,human-mouse_aml_15000c_p1000_deepseek_deepseek-v4-flash,873,7,4,8,3,57.1,0,0,0,0,0,0,0,yes,no
insights,human-mouse_aml_15000c_p1000_deepseek_deepseek-v4-flash,874,15,13,4,2,86.7,0,0,0,0,0,0,0,yes,no
insights,human-mouse_aml_15000c_p1000_deepseek_deepseek-v4-flash,875,6,4,11,2,66.7,0,0,0,0,0,0,0,yes,no
insights,human-mouse_aml_15000c_p1000_deepseek_deepseek-v4-flash,876,9,6,6,3,66.7,0,0,0,0,0,0,0,yes,no
insights,human-mouse_aml_15000c_p1000_deepseek_deepseek-v4-flash,877,4,3,14,1,75.0,0,0,0,1,0,0,1,yes,no
insights,human-mouse_aml_15000c_p1000_deepseek_deepseek-v4-flash,878,9,7,12,2,77.8,0,0,0,0,0,0,0,yes,no
insights,human-mouse_aml_15000c_p1000_deepseek_deepseek-v4-flash,879,7,6,10,1,85.7,0,0,0,3,0,0,3,yes,no
insights,human-mouse_aml_15000c_p1000_deepseek_deepseek-v4-flash,880,8,6,5,2,75.0,0,0,0,1,0,0,1,yes,no
insights,human-mouse_aml_15000c_p1000_deepseek_deepseek-v4-flash,881,7,5,14,2,71.4,0,0,0,0,0,0,0,yes,no
insights,human-mouse_aml_15000c_p1000_deepseek_deepseek-v4-flash,882,4,1,6,3,25.0,0,0,0,0,0,0,0,yes,no
insights,human-mouse_aml_15000c_p1000_deepseek_deepseek-v4-flash,883,6,4,11,2,66.7,0,0,0,0,0,0,0,yes,no
insights,human-mouse_aml_15000c_p1000_deepseek_deepseek-v4-flash,884,7,5,18,2,71.4,0,0,0,1,0,0,1,yes,no
insights,human-mouse_aml_15000c_p1000_deepseek_deepseek-v4-flash,885,5,3,6,2,60.0,0,0,0,2,0,0,2,yes,no
insights,human-mouse_aml_15000c_p1000_deepseek_deepseek-v4-flash,886,6,4,24,2,66.7,0,0,0,1,0,0,1,yes,no
insights,human-mouse_aml_15000c_p1000_deepseek_deepseek-v4-flash,887,5,3,7,2,60.0,0,0,0,0,0,0,0,yes,no
insights,human-mouse_aml_15000c_p1000_deepseek_deepseek-v4-flash,888,7,5,8,2,71.4,0,0,0,0,0,0,0,yes,no
insights,human-mouse_aml_15000c_p1000_deepseek_deepseek-v4-flash,889,10,6,13,4,60.0,0,0,0,5,0,0,5,yes,no
insights,human-mouse_aml_15000c_p1000_deepseek_deepseek-v4-flash,890,8,7,15,1,87.5,0,0,0,3,0,0,3,yes,no
insights,human-mouse_aml_15000c_p1000_deepseek_deepseek-v4-flash,891,17,14,8,3,82.4,0,0,0,0,0,0,0,yes,no
insights,human-mouse_aml_15000c_p1000_deepseek_deepseek-v4-flash,892,15,9,9,6,60.0,0,0,0,0,0,0,0,yes,no
insights,human-mouse_aml_15000c_p1000_deepseek_deepseek-v4-flash,893,6,3,15,3,50.0,0,0,0,4,0,0,4,yes,no
insights,human-mouse_aml_15000c_p1000_deepseek_deepseek-v4-flash,894,6,4,7,2,66.7,0,0,0,0,0,0,0,yes,no
insights,human-mouse_aml_15000c_p1000_deepseek_deepseek-v4-flash,895,4,2,2,2,50.0,0,0,0,0,0,0,0,yes,no
insights,human-mouse_aml_15000c_p1000_deepseek_deepseek-v4-flash,896,5,3,21,2,60.0,0,0,0,1,0,0,1,yes,no
insights,human-mouse_aml_15000c_p1000_deepseek_deepseek-v4-flash,897,5,3,16,2,60.0,0,0,0,0,0,0,0,yes,no
insights,human-mouse_aml_15000c_p1000_deepseek_deepseek-v4-flash,898,6,1,6,5,16.7,0,0,0,0,0,0,0,yes,no
insights,human-mouse_aml_15000c_p1000_deepseek_deepseek-v4-flash,899,6,4,16,2,66.7,0,0,0,0,0,0,0,yes,no
insights,human-mouse_aml_15000c_p1000_deepseek_deepseek-v4-flash,900,113,104,17,9,92.0,0,0,0,0,0,0,0,yes,no
insights,human-mouse_aml_15000c_p1000_deepseek_deepseek-v4-flash,901,7,4,13,3,57.1,0,0,0,2,0,0,2,yes,no
insights,human-mouse_aml_15000c_p1000_deepseek_deepseek-v4-flash,902,10,8,15,2,80.0,0,1,1,4,0,0,4,yes,no
insights,human-mouse_aml_15000c_p1000_deepseek_deepseek-v4-flash,903,6,4,18,2,66.7,0,0,0,0,0,0,0,yes,no
insights,human-mouse_aml_15000c_p1000_deepseek_deepseek-v4-flash,904,6,4,18,2,66.7,0,0,0,2,0,0,2,yes,no
insights,human-mouse_aml_15000c_p1000_deepseek_deepseek-v4-flash,905,122,120,5,2,98.4,0,0,0,0,0,0,0,yes,no
insights,human-mouse_aml_15000c_p1000_deepseek_deepseek-v4-flash,906,5,3,4,2,60.0,0,0,0,0,0,0,0,yes,no
insights,human-mouse_aml_15000c_p1000_deepseek_deepseek-v4-flash,907,12,6,8,6,50.0,0,0,0,0,0,0,0,yes,no
insights,human-mouse_aml_15000c_p1000_deepseek_deepseek-v4-flash,908,6,0,20,6,0.0,0,0,0,2,0,0,2,yes,no
insights,human-mouse_aml_15000c_p1000_deepseek_deepseek-v4-flash,909,37,37,7,0,100.0,0,0,0,0,0,0,0,no,no
insights,human-mouse_aml_15000c_p1000_deepseek_deepseek-v4-flash,910,6,2,13,4,33.3,0,0,0,2,0,0,2,yes,no
insights,human-mouse_aml_15000c_p1000_deepseek_deepseek-v4-flash,911,12,10,12,2,83.3,0,0,0,0,0,0,0,yes,no
insights,human-mouse_aml_15000c_p1000_deepseek_deepseek-v4-flash,912,14,11,8,3,78.6,0,0,0,2,0,0,2,yes,no
insights,human-mouse_aml_15000c_p1000_deepseek_deepseek-v4-flash,913,10,6,26,4,60.0,0,1,1,8,0,0,8,yes,no
insights,human-mouse_aml_15000c_p1000_deepseek_deepseek-v4-flash,914,3,2,5,1,66.7,0,0,0,0,0,0,0,yes,no
insights,human-mouse_aml_15000c_p1000_deepseek_deepseek-v4-flash,915,5,3,8,2,60.0,0,0,0,0,0,0,0,yes,no
insights,human-mouse_aml_15000c_p1000_deepseek_deepseek-v4-flash,916,7,5,10,2,71.4,0,0,0,0,0,0,0,yes,no
insights,human-mouse_aml_15000c_p1000_deepseek_deepseek-v4-flash,917,9,6,23,3,66.7,0,0,0,3,0,0,3,yes,no
insights,human-mouse_aml_15000c_p1000_deepseek_deepseek-v4-flash,918,5,3,13,2,60.0,0,0,0,0,0,0,0,yes,no
insights,human-mouse_aml_15000c_p1000_deepseek_deepseek-v4-flash,919,5,3,31,2,60.0,0,0,0,1,0,0,1,yes,no
insights,human-mouse_aml_15000c_p1000_deepseek_deepseek-v4-flash,920,5,3,4,2,60.0,0,0,0,2,0,0,2,yes,no
insights,human-mouse_aml_15000c_p1000_deepseek_deepseek-v4-flash,921,10,6,3,4,60.0,0,0,0,0,0,0,0,yes,no
insights,human-mouse_aml_15000c_p1000_deepseek_deepseek-v4-flash,922,5,3,9,2,60.0,0,0,0,1,0,0,1,yes,no
insights,human-mouse_aml_15000c_p1000_deepseek_deepseek-v4-flash,923,5,3,6,2,60.0,0,0,0,0,0,0,0,yes,no
insights,human-mouse_aml_15000c_p1000_deepseek_deepseek-v4-flash,924,14,10,26,4,71.4,0,1,1,3,0,0,3,yes,no
insights,human-mouse_aml_15000c_p1000_deepseek_deepseek-v4-flash,925,5,3,4,2,60.0,0,0,0,0,0,0,0,yes,no
insights,human-mouse_aml_15000c_p1000_deepseek_deepseek-v4-flash,926,3,2,3,1,66.7,0,0,0,0,0,0,0,yes,no
insights,human-mouse_aml_15000c_p1000_deepseek_deepseek-v4-flash,927,51,49,5,2,96.1,0,0,0,0,0,0,0,yes,no
insights,human-mouse_aml_15000c_p1000_deepseek_deepseek-v4-flash,928,7,4,23,3,57.1,0,0,0,5,0,0,5,yes,no
insights,human-mouse_aml_15000c_p1000_deepseek_deepseek-v4-flash,929,7,5,7,2,71.4,0,0,0,0,0,0,0,yes,no
insights,human-mouse_aml_15000c_p1000_deepseek_deepseek-v4-flash,930,6,4,15,2,66.7,0,0,0,2,0,0,2,yes,no
insights,human-mouse_aml_15000c_p1000_deepseek_deepseek-v4-flash,931,11,7,17,4,63.6,0,0,0,0,0,0,0,yes,no
insights,human-mouse_aml_15000c_p1000_deepseek_deepseek-v4-flash,932,5,3,12,2,60.0,0,0,0,1,0,0,1,yes,no
insights,human-mouse_aml_15000c_p1000_deepseek_deepseek-v4-flash,933,3,2,9,1,66.7,0,0,0,0,0,0,0,yes,no
insights,human-mouse_aml_15000c_p1000_deepseek_deepseek-v4-flash,934,3,2,3,1,66.7,0,0,0,0,0,0,0,yes,no
insights,human-mouse_aml_15000c_p1000_deepseek_deepseek-v4-flash,935,3,3,12,0,100.0,0,0,0,0,0,0,0,yes,no
insights,human-mouse_aml_15000c_p1000_deepseek_deepseek-v4-flash,936,3,2,8,1,66.7,0,0,0,0,0,0,0,yes,no
insights,human-mouse_aml_15000c_p1000_deepseek_deepseek-v4-flash,937,3,2,8,1,66.7,0,0,0,0,0,0,0,yes,no
insights,human-mouse_aml_15000c_p1000_deepseek_deepseek-v4-flash,938,6,4,10,2,66.7,0,0,0,0,0,0,0,yes,no
insights,human-mouse_aml_15000c_p1000_deepseek_deepseek-v4-flash,939,35,14,12,21,40.0,0,0,0,0,0,0,0,yes,no
insights,human-mouse_aml_15000c_p1000_deepseek_deepseek-v4-flash,940,8,6,8,2,75.0,0,0,0,0,0,0,0,yes,no
insights,human-mouse_aml_15000c_p1000_deepseek_deepseek-v4-flash,941,3,3,9,0,100.0,0,0,0,0,0,0,0,no,no
insights,human-mouse_aml_15000c_p1000_deepseek_deepseek-v4-flash,942,73,71,3,2,97.3,0,0,0,0,0,0,0,yes,no
insights,human-mouse_aml_15000c_p1000_deepseek_deepseek-v4-flash,943,3,2,5,1,66.7,0,0,0,0,0,0,0,yes,no
insights,human-mouse_aml_15000c_p1000_deepseek_deepseek-v4-flash,944,11,8,10,3,72.7,0,0,0,0,0,0,0,yes,no
insights,human-mouse_aml_15000c_p1000_deepseek_deepseek-v4-flash,945,3,1,8,2,33.3,0,0,0,0,0,0,0,yes,no
insights,human-mouse_aml_15000c_p1000_deepseek_deepseek-v4-flash,946,3,2,1,1,66.7,0,0,0,0,0,0,0,yes,no
insights,human-mouse_aml_15000c_p1000_deepseek_deepseek-v4-flash,947,3,2,4,1,66.7,0,0,0,0,0,0,0,yes,no
insights,human-mouse_aml_15000c_p1000_deepseek_deepseek-v4-flash,948,3,2,4,1,66.7,0,0,0,0,0,0,0,yes,no
insights,human-mouse_aml_15000c_p1000_deepseek_deepseek-v4-flash,949,8,7,14,1,87.5,0,0,0,0,0,0,0,no,no
insights,human-mouse_aml_15000c_p1000_deepseek_deepseek-v4-flash,950,3,1,8,2,33.3,0,0,0,0,0,0,0,yes,no
insights,human-mouse_aml_15000c_p1000_deepseek_deepseek-v4-flash,951,12,7,16,5,58.3,0,0,0,0,0,0,0,yes,no
insights,human-mouse_aml_15000c_p1000_deepseek_deepseek-v4-flash,952,7,4,7,3,57.1,0,0,0,0,0,0,0,yes,no
insights,human-mouse_aml_15000c_p1000_deepseek_deepseek-v4-flash,953,3,2,0,1,66.7,0,0,0,0,0,0,0,yes,no
insights,human-mouse_aml_15000c_p1000_deepseek_deepseek-v4-flash,954,3,2,0,1,66.7,0,0,0,0,0,0,0,yes,no
insights,human-mouse_aml_15000c_p1000_deepseek_deepseek-v4-flash,955,3,2,7,1,66.7,0,0,0,0,0,0,0,yes,no
insights,human-mouse_aml_15000c_p1000_deepseek_deepseek-v4-flash,956,3,2,10,1,66.7,0,0,0,0,0,0,0,yes,no
insights,human-mouse_aml_15000c_p1000_deepseek_deepseek-v4-flash,957,3,1,7,2,33.3,0,0,0,0,0,0,0,yes,no
insights,human-mouse_aml_15000c_p1000_deepseek_deepseek-v4-flash,958,3,1,8,2,33.3,0,0,0,0,0,0,0,yes,no
insights,human-mouse_aml_15000c_p1000_deepseek_deepseek-v4-flash,959,3,2,15,1,66.7,0,0,0,0,0,0,0,yes,no
insights,human-mouse_aml_15000c_p1000_deepseek_deepseek-v4-flash,960,3,2,6,1,66.7,0,0,0,0,0,0,0,yes,no
insights,human-mouse_aml_15000c_p1000_deepseek_deepseek-v4-flash,961,5,3,12,2,60.0,0,0,0,1,0,0,1,yes,no
insights,human-mouse_aml_15000c_p1000_deepseek_deepseek-v4-flash,962,4,2,7,2,50.0,0,0,0,0,0,0,0,yes,no
insights,human-mouse_aml_15000c_p1000_deepseek_deepseek-v4-flash,963,7,5,8,2,71.4,0,0,0,0,0,0,0,yes,no
insights,human-mouse_aml_15000c_p1000_deepseek_deepseek-v4-flash,964,9,7,12,2,77.8,0,3,3,0,0,0,0,yes,no
insights,human-mouse_aml_15000c_p1000_deepseek_deepseek-v4-flash,965,9,7,41,2,77.8,0,1,1,0,0,0,0,yes,no
insights,human-mouse_aml_15000c_p1000_deepseek_deepseek-v4-flash,966,8,5,5,3,62.5,0,0,0,0,0,0,0,yes,no
insights,human-mouse_aml_15000c_p1000_deepseek_deepseek-v4-flash,967,22,20,60,2,90.9,0,0,0,0,0,0,0,yes,no
insights,human-mouse_aml_15000c_p1000_deepseek_deepseek-v4-flash,968,7,2,4,5,28.6,0,0,0,0,0,0,0,yes,no
insights,human-mouse_aml_15000c_p1000_deepseek_deepseek-v4-flash,969,6,5,8,1,83.3,0,0,0,0,0,0,0,yes,no
insights,human-mouse_aml_15000c_p1000_deepseek_deepseek-v4-flash,970,3,2,0,1,66.7,0,0,0,0,0,0,0,yes,no
insights,human-mouse_aml_15000c_p1000_deepseek_deepseek-v4-flash,971,3,2,4,1,66.7,0,0,0,0,0,0,0,yes,no
insights,human-mouse_aml_15000c_p1000_deepseek_deepseek-v4-flash,972,3,2,11,1,66.7,0,0,0,0,0,0,0,yes,no
insights,human-mouse_aml_15000c_p1000_deepseek_deepseek-v4-flash,973,8,6,17,2,75.0,0,0,0,0,0,0,0,yes,no
insights,human-mouse_aml_15000c_p1000_deepseek_deepseek-v4-flash,974,3,2,4,1,66.7,0,0,0,0,0,0,0,yes,no
insights,human-mouse_aml_15000c_p1000_deepseek_deepseek-v4-flash,975,15,14,0,1,93.3,0,0,0,0,0,0,0,yes,no
insights,human-mouse_aml_15000c_p1000_deepseek_deepseek-v4-flash,976,5,3,12,2,60.0,0,0,0,2,0,0,2,yes,no
insights,human-mouse_aml_15000c_p1000_deepseek_deepseek-v4-flash,977,11,9,24,2,81.8,0,0,0,3,0,0,3,yes,no
insights,human-mouse_aml_15000c_p1000_deepseek_deepseek-v4-flash,978,8,6,7,2,75.0,0,0,0,0,0,0,0,yes,no
insights,human-mouse_aml_15000c_p1000_deepseek_deepseek-v4-flash,979,9,5,5,4,55.6,0,0,0,0,0,0,0,yes,no
insights,human-mouse_aml_15000c_p1000_deepseek_deepseek-v4-flash,980,7,0,19,7,0.0,0,0,0,0,0,0,0,yes,no
insights,human-mouse_aml_15000c_p1000_deepseek_deepseek-v4-flash,981,6,4,19,2,66.7,0,0,0,1,0,0,1,yes,no
insights,human-mouse_aml_15000c_p1000_deepseek_deepseek-v4-flash,982,3,2,0,1,66.7,0,0,0,0,0,0,0,yes,no
insights,human-mouse_aml_15000c_p1000_deepseek_deepseek-v4-flash,983,9,7,19,2,77.8,0,0,0,4,0,0,4,yes,no
insights,human-mouse_aml_15000c_p1000_deepseek_deepseek-v4-flash,984,7,4,11,3,57.1,0,0,0,2,0,0,2,yes,no
insights,human-mouse_aml_15000c_p1000_deepseek_deepseek-v4-flash,985,5,3,7,2,60.0,0,0,0,2,0,0,2,yes,no
insights,human-mouse_aml_15000c_p1000_deepseek_deepseek-v4-flash,986,4,1,12,3,25.0,0,0,0,0,0,0,0,yes,no
insights,human-mouse_aml_15000c_p1000_deepseek_deepseek-v4-flash,987,7,4,14,3,57.1,0,0,0,4,0,0,4,yes,no
insights,human-mouse_aml_15000c_p1000_deepseek_deepseek-v4-flash,988,5,4,18,1,80.0,0,0,0,0,0,0,0,yes,no
insights,human-mouse_aml_15000c_p1000_deepseek_deepseek-v4-flash,989,5,3,5,2,60.0,0,0,0,2,0,0,2,yes,no
insights,human-mouse_aml_15000c_p1000_deepseek_deepseek-v4-flash,990,6,4,6,2,66.7,0,0,0,0,0,0,0,yes,no
insights,human-mouse_aml_15000c_p1000_deepseek_deepseek-v4-flash,991,5,3,10,2,60.0,0,0,0,2,0,0,2,no,no
insights,human-mouse_aml_15000c_p1000_deepseek_deepseek-v4-flash,992,8,6,15,2,75.0,0,0,0,2,0,0,2,yes,no
insights,human-mouse_aml_15000c_p1000_deepseek_deepseek-v4-flash,993,24,19,7,5,79.2,0,1,1,0,0,0,0,no,no
insights,human-mouse_aml_15000c_p1000_deepseek_deepseek-v4-flash,994,4,2,3,2,50.0,0,0,0,0,0,0,0,yes,no
insights,human-mouse_aml_15000c_p1000_deepseek_deepseek-v4-flash,995,24,19,10,5,79.2,0,0,0,0,0,0,0,yes,no
insights,human-mouse_aml_15000c_p1000_deepseek_deepseek-v4-flash,996,8,4,13,4,50.0,0,0,0,1,0,0,1,yes,no
insights,human-mouse_aml_15000c_p1000_deepseek_deepseek-v4-flash,997,8,1,18,7,12.5,0,0,0,1,0,0,1,yes,no
insights,human-mouse_aml_15000c_p1000_deepseek_deepseek-v4-flash,998,7,7,15,0,100.0,0,0,0,1,0,0,1,yes,no
insights,human-mouse_aml_15000c_p1000_deepseek_deepseek-v4-flash,999,4,3,3,1,75.0,0,0,0,0,0,0,0,yes,no
insights,human-mouse_aml_15000c_p1000_deepseek_deepseek-v4-flash,1000,5,3,6,2,60.0,0,0,0,0,0,0,0,yes,no
insights,human-mouse_aml_15000c_p1000_deepseek_deepseek-v4-flash,1001,26,17,13,9,65.4,0,0,0,12,0,0,12,yes,no
insights,human-mouse_aml_15000c_p1000_deepseek_deepseek-v4-flash,1002,3,1,7,2,33.3,0,0,0,0,0,0,0,yes,no
insights,human-mouse_aml_15000c_p1000_deepseek_deepseek-v4-flash,1003,3,2,3,1,66.7,0,0,0,0,0,0,0,yes,no
insights,human-mouse_aml_15000c_p1000_deepseek_deepseek-v4-flash,1004,7,4,12,3,57.1,0,0,0,2,0,0,2,yes,no
insights,human-mouse_aml_15000c_p1000_deepseek_deepseek-v4-flash,1005,3,2,9,1,66.7,0,0,0,0,0,0,0,yes,no
insights,human-mouse_aml_15000c_p1000_deepseek_deepseek-v4-flash,1006,5,3,5,2,60.0,0,0,0,2,0,0,2,yes,no
insights,human-mouse_aml_15000c_p1000_deepseek_deepseek-v4-flash,1007,3,2,6,1,66.7,0,0,0,0,0,0,0,yes,no
insights,human-mouse_aml_15000c_p1000_deepseek_deepseek-v4-flash,1008,5,3,17,2,60.0,0,0,0,0,0,0,0,yes,no
insights,human-mouse_aml_15000c_p1000_deepseek_deepseek-v4-flash,1009,24,22,28,2,91.7,0,0,0,11,0,0,11,yes,no
insights,human-mouse_aml_15000c_p1000_deepseek_deepseek-v4-flash,1010,11,9,11,2,81.8,0,0,0,6,0,0,6,yes,no
insights,human-mouse_aml_15000c_p1000_deepseek_deepseek-v4-flash,1011,6,5,6,1,83.3,0,0,0,0,0,0,0,yes,no
insights,human-mouse_aml_15000c_p1000_deepseek_deepseek-v4-flash,1012,30,26,15,4,86.7,0,0,0,6,0,0,6,yes,no
insights,human-mouse_aml_15000c_p1000_deepseek_deepseek-v4-flash,1013,5,1,9,4,20.0,0,0,0,0,0,0,0,yes,no
insights,human-mouse_aml_15000c_p1000_deepseek_deepseek-v4-flash,1014,5,4,6,1,80.0,0,0,0,0,0,0,0,yes,no
insights,human-mouse_aml_15000c_p1000_deepseek_deepseek-v4-flash,1015,5,3,27,2,60.0,0,0,0,2,0,0,2,yes,no
insights,human-mouse_aml_15000c_p1000_deepseek_deepseek-v4-flash,1016,3,0,2,3,0.0,0,0,0,0,0,0,0,yes,no
insights,human-mouse_aml_15000c_p1000_deepseek_deepseek-v4-flash,1017,5,3,16,2,60.0,0,0,0,1,0,0,1,yes,no
insights,human-mouse_aml_15000c_p1000_deepseek_deepseek-v4-flash,1018,3,2,4,1,66.7,0,0,0,0,0,0,0,yes,no
insights,human-mouse_aml_15000c_p1000_deepseek_deepseek-v4-flash,1019,4,2,2,2,50.0,0,0,0,0,0,0,0,yes,no
insights,human-mouse_aml_15000c_p1000_deepseek_deepseek-v4-flash,1020,6,3,6,3,50.0,0,0,0,0,0,0,0,yes,no
insights,human-mouse_aml_15000c_p1000_deepseek_deepseek-v4-flash,1021,4,2,5,2,50.0,0,0,0,0,0,0,0,yes,no
insights,human-mouse_aml_15000c_p1000_deepseek_deepseek-v4-flash,1022,25,16,11,9,64.0,0,0,0,0,0,0,0,yes,no
insights,human-mouse_aml_15000c_p1000_deepseek_deepseek-v4-flash,1023,6,3,4,3,50.0,0,0,0,1,0,0,1,yes,no
insights,human-mouse_aml_15000c_p1000_deepseek_deepseek-v4-flash,1024,9,6,10,3,66.7,0,0,0,4,0,0,4,yes,no
insights,human-mouse_aml_15000c_p1000_deepseek_deepseek-v4-flash,1025,5,3,18,2,60.0,0,0,0,1,0,0,1,yes,no
insights,human-mouse_aml_15000c_p1000_deepseek_deepseek-v4-flash,1026,6,4,5,2,66.7,0,0,0,1,0,0,1,yes,no
insights,human-mouse_aml_15000c_p1000_deepseek_deepseek-v4-flash,1027,3,2,5,1,66.7,0,0,0,0,0,0,0,yes,no
insights,human-mouse_aml_15000c_p1000_deepseek_deepseek-v4-flash,1028,8,6,13,2,75.0,0,0,0,2,0,0,2,yes,no
insights,human-mouse_aml_15000c_p1000_deepseek_deepseek-v4-flash,1029,4,2,3,2,50.0,0,0,0,1,0,0,1,yes,no
insights,human-mouse_aml_15000c_p1000_deepseek_deepseek-v4-flash,1030,9,5,13,4,55.6,0,0,0,2,0,0,2,yes,no
insights,human-mouse_aml_15000c_p1000_deepseek_deepseek-v4-flash,1031,6,4,18,2,66.7,0,0,0,0,0,0,0,yes,no
insights,human-mouse_aml_15000c_p1000_deepseek_deepseek-v4-flash,1032,4,3,5,1,75.0,0,0,0,1,0,0,1,yes,no
insights,human-mouse_aml_15000c_p1000_deepseek_deepseek-v4-flash,1033,6,4,6,2,66.7,0,0,0,0,0,0,0,yes,no
insights,human-mouse_aml_15000c_p1000_deepseek_deepseek-v4-flash,1034,7,4,16,3,57.1,0,0,0,2,0,0,2,yes,no
insights,human-mouse_aml_15000c_p1000_deepseek_deepseek-v4-flash,1035,9,6,11,3,66.7,0,0,0,0,0,0,0,yes,no
insights,human-mouse_aml_15000c_p1000_deepseek_deepseek-v4-flash,1036,6,3,8,3,50.0,0,0,0,0,0,0,0,yes,no
insights,human-mouse_aml_15000c_p1000_deepseek_deepseek-v4-flash,1037,4,2,4,2,50.0,0,0,0,0,0,0,0,yes,no
insights,human-mouse_aml_15000c_p1000_deepseek_deepseek-v4-flash,1038,4,2,1,2,50.0,0,0,0,0,0,0,0,yes,no
insights,human-mouse_aml_15000c_p1000_deepseek_deepseek-v4-flash,1039,13,9,29,4,69.2,0,0,0,4,0,0,4,yes,no
insights,human-mouse_aml_15000c_p1000_deepseek_deepseek-v4-flash,1040,5,3,13,2,60.0,0,0,0,1,0,0,1,yes,no
insights,human-mouse_aml_15000c_p1000_deepseek_deepseek-v4-flash,1041,8,5,12,3,62.5,0,0,0,2,0,0,2,yes,no
insights,human-mouse_aml_15000c_p1000_deepseek_deepseek-v4-flash,1042,4,2,3,2,50.0,0,0,0,0,0,0,0,yes,no
insights,human-mouse_aml_15000c_p1000_deepseek_deepseek-v4-flash,1043,7,5,5,2,71.4,0,0,0,0,0,0,0,yes,no
insights,human-mouse_aml_15000c_p1000_deepseek_deepseek-v4-flash,1044,6,3,12,3,50.0,0,0,0,2,0,0,2,yes,no
insights,human-mouse_aml_15000c_p1000_deepseek_deepseek-v4-flash,1045,10,10,24,0,100.0,0,1,1,3,0,0,3,yes,no
insights,human-mouse_aml_15000c_p1000_deepseek_deepseek-v4-flash,1046,13,8,37,5,61.5,0,4,4,0,0,0,0,yes,no
insights,human-mouse_aml_15000c_p1000_deepseek_deepseek-v4-flash,1047,5,3,6,2,60.0,0,0,0,4,0,0,4,yes,no
insights,human-mouse_aml_15000c_p1000_deepseek_deepseek-v4-flash,1048,5,3,4,2,60.0,0,0,0,0,0,0,0,yes,no
insights,human-mouse_aml_15000c_p1000_deepseek_deepseek-v4-flash,1049,5,3,11,2,60.0,0,0,0,0,0,0,0,yes,no
insights,human-mouse_aml_15000c_p1000_deepseek_deepseek-v4-flash,1050,34,24,29,10,70.6,0,0,0,0,0,0,0,yes,no
insights,human-mouse_aml_15000c_p1000_deepseek_deepseek-v4-flash,1051,2,2,7,0,100.0,0,0,0,2,0,0,2,no,no
insights,human-mouse_aml_15000c_p1000_deepseek_deepseek-v4-flash,1052,4,3,11,1,75.0,0,0,0,0,0,0,0,yes,no
insights,human-mouse_aml_15000c_p1000_deepseek_deepseek-v4-flash,1053,7,5,8,2,71.4,0,0,0,0,0,0,0,yes,no
insights,human-mouse_aml_15000c_p1000_deepseek_deepseek-v4-flash,1054,7,3,8,4,42.9,0,0,0,0,0,0,0,yes,no
insights,human-mouse_aml_15000c_p1000_deepseek_deepseek-v4-flash,1055,37,20,18,17,54.1,0,0,0,0,0,0,0,yes,no
insights,human-mouse_aml_15000c_p1000_deepseek_deepseek-v4-flash,1056,5,3,4,2,60.0,0,0,0,0,0,0,0,yes,no
insights,human-mouse_aml_15000c_p1000_deepseek_deepseek-v4-flash,1057,6,3,20,3,50.0,0,0,0,0,0,0,0,yes,no
insights,human-mouse_aml_15000c_p1000_deepseek_deepseek-v4-flash,1058,11,9,6,2,81.8,0,0,0,0,0,0,0,yes,no
insights,human-mouse_aml_15000c_p1000_deepseek_deepseek-v4-flash,1059,6,3,4,3,50.0,0,0,0,0,0,0,0,yes,no
insights,human-mouse_aml_15000c_p1000_deepseek_deepseek-v4-flash,1060,5,3,7,2,60.0,0,0,0,0,0,0,0,yes,no
insights,human-mouse_aml_15000c_p1000_deepseek_deepseek-v4-flash,1061,8,4,8,4,50.0,0,0,0,2,0,0,2,yes,no
insights,human-mouse_aml_15000c_p1000_deepseek_deepseek-v4-flash,1062,5,3,6,2,60.0,0,0,0,0,0,0,0,yes,no
insights,human-mouse_aml_15000c_p1000_deepseek_deepseek-v4-flash,1063,15,12,11,3,80.0,0,0,0,1,0,0,1,yes,no
insights,human-mouse_aml_15000c_p1000_deepseek_deepseek-v4-flash,1064,6,3,10,3,50.0,0,0,0,2,0,0,2,yes,no
insights,human-mouse_aml_15000c_p1000_deepseek_deepseek-v4-flash,1065,151,98,93,53,64.9,0,0,0,0,0,0,0,yes,no
insights,human-mouse_aml_15000c_p1000_deepseek_deepseek-v4-flash,1066,8,5,3,3,62.5,0,0,0,0,0,0,0,yes,no
insights,human-mouse_aml_15000c_p1000_deepseek_deepseek-v4-flash,1067,5,3,10,2,60.0,0,0,0,0,0,0,0,yes,no
insights,human-mouse_aml_15000c_p1000_deepseek_deepseek-v4-flash,1068,5,3,5,2,60.0,0,0,0,0,0,0,0,yes,no
insights,human-mouse_aml_15000c_p1000_deepseek_deepseek-v4-flash,1069,10,6,32,4,60.0,0,0,0,4,0,0,4,yes,no
insights,human-mouse_aml_15000c_p1000_deepseek_deepseek-v4-flash,1070,9,5,6,4,55.6,0,0,0,0,0,0,0,yes,no
insights,human-mouse_aml_15000c_p1000_deepseek_deepseek-v4-flash,1071,15,13,9,2,86.7,0,0,0,0,0,0,0,yes,no
insights,human-mouse_aml_15000c_p1000_deepseek_deepseek-v4-flash,1072,11,2,5,9,18.2,0,0,0,0,0,0,0,yes,no
insights,human-mouse_aml_15000c_p1000_deepseek_deepseek-v4-flash,1073,8,6,5,2,75.0,0,0,0,2,0,0,2,yes,no
insights,human-mouse_aml_15000c_p1000_deepseek_deepseek-v4-flash,1074,5,2,2,3,40.0,0,0,0,0,0,0,0,yes,no
insights,human-mouse_aml_15000c_p1000_deepseek_deepseek-v4-flash,1075,5,4,20,1,80.0,0,0,0,1,0,0,1,yes,no
insights,human-mouse_aml_15000c_p1000_deepseek_deepseek-v4-flash,1076,6,3,14,3,50.0,0,0,0,2,0,0,2,yes,no
insights,human-mouse_aml_15000c_p1000_deepseek_deepseek-v4-flash,1077,6,4,11,2,66.7,0,0,0,0,0,0,0,yes,no
insights,human-mouse_aml_15000c_p1000_deepseek_deepseek-v4-flash,1078,9,7,10,2,77.8,0,1,1,0,0,0,0,yes,no
insights,human-mouse_aml_15000c_p1000_deepseek_deepseek-v4-flash,1079,6,4,3,2,66.7,0,0,0,0,0,0,0,yes,no
insights,human-mouse_aml_15000c_p1000_deepseek_deepseek-v4-flash,1080,6,4,13,2,66.7,0,4,4,1,0,0,1,yes,no
insights,human-mouse_aml_15000c_p1000_deepseek_deepseek-v4-flash,1081,20,18,32,2,90.0,0,0,0,0,0,0,0,yes,no
insights,human-mouse_aml_15000c_p1000_deepseek_deepseek-v4-flash,1082,6,6,11,0,100.0,0,4,4,1,0,0,1,no,no
insights,human-mouse_aml_15000c_p1000_deepseek_deepseek-v4-flash,1083,5,3,7,2,60.0,0,0,0,0,0,0,0,yes,no
insights,human-mouse_aml_15000c_p1000_deepseek_deepseek-v4-flash,1084,4,3,7,1,75.0,0,0,0,0,0,0,0,yes,no
insights,human-mouse_aml_15000c_p1000_deepseek_deepseek-v4-flash,1085,5,3,13,2,60.0,0,0,0,0,0,0,0,yes,no
insights,human-mouse_aml_15000c_p1000_deepseek_deepseek-v4-flash,1086,6,3,5,3,50.0,0,0,0,0,0,0,0,yes,no
insights,human-mouse_aml_15000c_p1000_deepseek_deepseek-v4-flash,1087,4,2,3,2,50.0,0,0,0,1,0,0,1,yes,no
insights,human-mouse_aml_15000c_p1000_deepseek_deepseek-v4-flash,1088,8,7,4,1,87.5,0,0,0,0,0,0,0,yes,no
insights,human-mouse_aml_15000c_p1000_deepseek_deepseek-v4-flash,1089,17,11,7,6,64.7,0,0,0,0,0,0,0,yes,no
insights,human-mouse_aml_15000c_p1000_deepseek_deepseek-v4-flash,1090,5,5,12,0,100.0,0,0,0,2,0,0,2,no,no
insights,human-mouse_aml_15000c_p1000_deepseek_deepseek-v4-flash,1091,7,5,10,2,71.4,0,0,0,0,0,0,0,yes,no
insights,human-mouse_aml_15000c_p1000_deepseek_deepseek-v4-flash,1092,6,4,11,2,66.7,0,0,0,0,0,0,0,yes,no
insights,human-mouse_aml_15000c_p1000_deepseek_deepseek-v4-flash,1093,14,10,45,4,71.4,0,3,3,1,0,0,1,yes,no
insights,human-mouse_aml_15000c_p1000_deepseek_deepseek-v4-flash,1094,5,3,6,2,60.0,0,0,0,0,0,0,0,no,no
insights,human-mouse_aml_15000c_p1000_deepseek_deepseek-v4-flash,1095,6,5,29,1,83.3,0,3,3,0,0,0,0,yes,no
insights,human-mouse_aml_15000c_p1000_deepseek_deepseek-v4-flash,1096,4,3,8,1,75.0,0,0,0,0,0,0,0,yes,no
insights,human-mouse_aml_15000c_p1000_deepseek_deepseek-v4-flash,1097,10,8,9,2,80.0,0,0,0,0,0,0,0,yes,no
insights,human-mouse_aml_15000c_p1000_deepseek_deepseek-v4-flash,1098,5,3,9,2,60.0,0,0,0,2,0,0,2,yes,no
insights,human-mouse_aml_15000c_p1000_deepseek_deepseek-v4-flash,1099,26,19,9,7,73.1,0,0,0,0,0,0,0,yes,no
insights,human-mouse_aml_15000c_p1000_deepseek_deepseek-v4-flash,1100,5,3,15,2,60.0,0,0,0,0,0,0,0,yes,no
insights,human-mouse_aml_15000c_p1000_deepseek_deepseek-v4-flash,1101,8,5,46,3,62.5,0,0,0,2,0,0,2,yes,no
insights,human-mouse_aml_15000c_p1000_deepseek_deepseek-v4-flash,1102,7,3,27,4,42.9,0,0,0,0,0,0,0,yes,no
insights,human-mouse_aml_15000c_p1000_deepseek_deepseek-v4-flash,1103,7,5,6,2,71.4,0,0,0,0,0,0,0,yes,no
insights,human-mouse_aml_15000c_p1000_deepseek_deepseek-v4-flash,1104,7,6,21,1,85.7,0,0,0,3,0,0,3,yes,no
insights,human-mouse_aml_15000c_p1000_deepseek_deepseek-v4-flash,1105,5,3,10,2,60.0,0,0,0,0,0,0,0,yes,no
insights,human-mouse_aml_15000c_p1000_deepseek_deepseek-v4-flash,1106,13,10,6,3,76.9,0,0,0,2,0,0,2,yes,no
insights,human-mouse_aml_15000c_p1000_deepseek_deepseek-v4-flash,1107,4,2,0,2,50.0,0,0,0,0,0,0,0,yes,no
insights,human-mouse_aml_15000c_p1000_deepseek_deepseek-v4-flash,1108,143,141,87,2,98.6,0,0,0,0,0,0,0,yes,no
insights,human-mouse_aml_15000c_p1000_deepseek_deepseek-v4-flash,1109,5,2,8,3,40.0,0,0,0,0,0,0,0,yes,no
insights,human-mouse_aml_15000c_p1000_deepseek_deepseek-v4-flash,1110,7,4,7,3,57.1,0,0,0,0,0,0,0,yes,no
insights,human-mouse_aml_15000c_p1000_deepseek_deepseek-v4-flash,1111,7,4,4,3,57.1,0,0,0,0,0,0,0,yes,no
insights,human-mouse_aml_15000c_p1000_deepseek_deepseek-v4-flash,1112,6,4,4,2,66.7,0,0,0,0,0,0,0,yes,no
insights,human-mouse_aml_15000c_p1000_deepseek_deepseek-v4-flash,1113,6,4,11,2,66.7,0,0,0,0,0,0,0,yes,no
insights,human-mouse_aml_15000c_p1000_deepseek_deepseek-v4-flash,1114,3,2,0,1,66.7,0,0,0,0,0,0,0,yes,no
insights,human-mouse_aml_15000c_p1000_deepseek_deepseek-v4-flash,1115,5,3,0,2,60.0,0,0,0,0,0,0,0,yes,no
insights,human-mouse_aml_15000c_p1000_deepseek_deepseek-v4-flash,1116,9,5,36,4,55.6,0,0,0,0,0,0,0,yes,no
insights,human-mouse_aml_15000c_p1000_deepseek_deepseek-v4-flash,1117,32,26,32,6,81.2,0,1,1,0,0,0,0,yes,no
insights,human-mouse_aml_15000c_p1000_deepseek_deepseek-v4-flash,1118,4,2,13,2,50.0,0,0,0,0,0,0,0,yes,no
insights,human-mouse_aml_15000c_p1000_deepseek_deepseek-v4-flash,1119,5,3,10,2,60.0,0,4,4,0,0,0,0,yes,no
insights,human-mouse_aml_15000c_p1000_deepseek_deepseek-v4-flash,1120,8,6,3,2,75.0,0,0,0,0,0,0,0,yes,no
insights,human-mouse_aml_15000c_p1000_deepseek_deepseek-v4-flash,1121,6,4,6,2,66.7,0,0,0,0,0,0,0,yes,no
insights,human-mouse_aml_15000c_p1000_deepseek_deepseek-v4-flash,1122,4,3,5,1,75.0,0,0,0,0,0,0,0,yes,no
insights,human-mouse_aml_15000c_p1000_deepseek_deepseek-v4-flash,1123,5,3,8,2,60.0,0,0,0,0,0,0,0,yes,no
insights,human-mouse_aml_15000c_p1000_deepseek_deepseek-v4-flash,1124,5,3,5,2,60.0,0,0,0,0,0,0,0,yes,no
insights,human-mouse_aml_15000c_p1000_deepseek_deepseek-v4-flash,1125,5,3,13,2,60.0,0,0,0,0,0,0,0,yes,no
insights,human-mouse_aml_15000c_p1000_deepseek_deepseek-v4-flash,1126,5,3,5,2,60.0,0,0,0,0,0,0,0,yes,no
insights,human-mouse_aml_15000c_p1000_deepseek_deepseek-v4-flash,1127,5,3,4,2,60.0,0,0,0,0,0,0,0,yes,no
insights,human-mouse_aml_15000c_p1000_deepseek_deepseek-v4-flash,1128,9,6,17,3,66.7,0,0,0,0,0,0,0,yes,no
insights,human-mouse_aml_15000c_p1000_deepseek_deepseek-v4-flash,1129,9,7,4,2,77.8,0,0,0,0,0,0,0,yes,no
insights,human-mouse_aml_15000c_p1000_deepseek_deepseek-v4-flash,1130,4,3,8,1,75.0,0,0,0,0,0,0,0,yes,no
insights,human-mouse_aml_15000c_p1000_deepseek_deepseek-v4-flash,1131,7,3,13,4,42.9,0,4,4,0,0,0,0,yes,no
insights,human-mouse_aml_15000c_p1000_deepseek_deepseek-v4-flash,1132,5,1,6,4,20.0,0,0,0,0,0,0,0,yes,no
insights,human-mouse_aml_15000c_p1000_deepseek_deepseek-v4-flash,1133,14,13,25,1,92.9,0,0,0,0,0,0,0,yes,no
insights,human-mouse_aml_15000c_p1000_deepseek_deepseek-v4-flash,1134,5,3,4,2,60.0,0,0,0,0,0,0,0,yes,no
insights,human-mouse_aml_15000c_p1000_deepseek_deepseek-v4-flash,1135,95,69,44,26,72.6,0,0,0,0,0,0,0,yes,no
insights,human-mouse_aml_15000c_p1000_deepseek_deepseek-v4-flash,1136,5,3,7,2,60.0,0,0,0,0,0,0,0,yes,no
insights,human-mouse_aml_15000c_p1000_deepseek_deepseek-v4-flash,1137,7,4,7,3,57.1,0,0,0,0,0,0,0,yes,no
insights,human-mouse_aml_15000c_p1000_deepseek_deepseek-v4-flash,1138,7,7,20,0,100.0,0,0,0,2,0,0,2,yes,no
insights,human-mouse_aml_15000c_p1000_deepseek_deepseek-v4-flash,1139,9,8,6,1,88.9,0,0,0,0,0,0,0,yes,no
insights,human-mouse_aml_15000c_p1000_deepseek_deepseek-v4-flash,1140,8,5,13,3,62.5,0,0,0,0,0,0,0,yes,no
insights,human-mouse_aml_15000c_p1000_deepseek_deepseek-v4-flash,1141,19,17,20,2,89.5,0,0,0,2,0,0,2,yes,no
insights,human-mouse_aml_15000c_p1000_deepseek_deepseek-v4-flash,1142,5,3,10,2,60.0,0,0,0,2,0,0,2,yes,no
insights,human-mouse_aml_15000c_p1000_deepseek_deepseek-v4-flash,1143,5,3,9,2,60.0,0,0,0,0,0,0,0,yes,no
insights,human-mouse_aml_15000c_p1000_deepseek_deepseek-v4-flash,1144,19,18,6,1,94.7,0,0,0,0,0,0,0,yes,no
insights,human-mouse_aml_15000c_p1000_deepseek_deepseek-v4-flash,1145,4,2,1,2,50.0,0,0,0,0,0,0,0,yes,no
insights,human-mouse_aml_15000c_p1000_deepseek_deepseek-v4-flash,1146,8,2,15,6,25.0,0,0,0,4,0,0,4,yes,no
insights,human-mouse_aml_15000c_p1000_deepseek_deepseek-v4-flash,1147,7,6,0,1,85.7,0,0,0,0,0,0,0,yes,no
insights,human-mouse_aml_15000c_p1000_deepseek_deepseek-v4-flash,1148,5,4,4,1,80.0,0,0,0,0,0,0,0,yes,no
insights,human-mouse_aml_15000c_p1000_deepseek_deepseek-v4-flash,1149,18,16,4,2,88.9,0,0,0,0,0,0,0,yes,no
insights,human-mouse_aml_15000c_p1000_deepseek_deepseek-v4-flash,1150,7,6,13,1,85.7,0,0,0,0,0,0,0,yes,no
insights,human-mouse_aml_15000c_p1000_deepseek_deepseek-v4-flash,1151,16,13,12,3,81.2,0,3,3,0,0,0,0,yes,no
insights,human-mouse_aml_15000c_p1000_deepseek_deepseek-v4-flash,1152,5,4,5,1,80.0,0,0,0,0,0,0,0,yes,no
insights,human-mouse_aml_15000c_p1000_deepseek_deepseek-v4-flash,1153,5,3,3,2,60.0,0,0,0,0,0,0,0,yes,no
insights,human-mouse_aml_15000c_p1000_deepseek_deepseek-v4-flash,1154,8,5,6,3,62.5,0,0,0,0,0,0,0,yes,no
insights,human-mouse_aml_15000c_p1000_deepseek_deepseek-v4-flash,1155,4,2,9,2,50.0,0,0,0,0,0,0,0,yes,no
insights,human-mouse_aml_15000c_p1000_deepseek_deepseek-v4-flash,1156,8,5,15,3,62.5,0,0,0,2,0,0,2,yes,no
insights,human-mouse_aml_15000c_p1000_deepseek_deepseek-v4-flash,1157,10,9,0,1,90.0,0,0,0,0,0,0,0,yes,no
insights,human-mouse_aml_15000c_p1000_deepseek_deepseek-v4-flash,1158,4,2,11,2,50.0,0,0,0,0,0,0,0,yes,no
insights,human-mouse_aml_15000c_p1000_deepseek_deepseek-v4-flash,1159,4,3,3,1,75.0,0,0,0,0,0,0,0,yes,no
insights,human-mouse_aml_15000c_p1000_deepseek_deepseek-v4-flash,1160,8,5,19,3,62.5,0,0,0,4,0,0,4,yes,no
insights,human-mouse_aml_15000c_p1000_deepseek_deepseek-v4-flash,1161,8,4,12,4,50.0,0,0,0,0,0,0,0,yes,no
insights,human-mouse_aml_15000c_p1000_deepseek_deepseek-v4-flash,1162,9,6,10,3,66.7,0,0,0,4,0,0,4,yes,no
insights,human-mouse_aml_15000c_p1000_deepseek_deepseek-v4-flash,1163,5,3,4,2,60.0,0,0,0,0,0,0,0,yes,no
insights,human-mouse_aml_15000c_p1000_deepseek_deepseek-v4-flash,1164,5,3,13,2,60.0,0,0,0,4,0,0,4,yes,no
insights,human-mouse_aml_15000c_p1000_deepseek_deepseek-v4-flash,1165,6,3,17,3,50.0,0,0,0,3,0,0,3,yes,no
insights,human-mouse_aml_15000c_p1000_deepseek_deepseek-v4-flash,1166,16,13,3,3,81.2,0,0,0,0,0,0,0,yes,no
insights,human-mouse_aml_15000c_p1000_deepseek_deepseek-v4-flash,1167,5,3,5,2,60.0,0,0,0,2,0,0,2,yes,no
insights,human-mouse_aml_15000c_p1000_deepseek_deepseek-v4-flash,1168,6,6,3,0,100.0,0,0,0,0,0,0,0,no,no
insights,human-mouse_aml_15000c_p1000_deepseek_deepseek-v4-flash,1169,6,0,7,6,0.0,0,0,0,0,0,0,0,yes,no
insights,human-mouse_aml_15000c_p1000_deepseek_deepseek-v4-flash,1170,4,3,6,1,75.0,0,0,0,0,0,0,0,yes,no
insights,human-mouse_aml_15000c_p1000_deepseek_deepseek-v4-flash,1171,6,3,9,3,50.0,0,0,0,0,0,0,0,yes,no
insights,human-mouse_aml_15000c_p1000_deepseek_deepseek-v4-flash,1172,8,4,5,4,50.0,0,0,0,0,0,0,0,yes,no
insights,human-mouse_aml_15000c_p1000_deepseek_deepseek-v4-flash,1173,4,3,3,1,75.0,0,0,0,0,0,0,0,yes,no
insights,human-mouse_aml_15000c_p1000_deepseek_deepseek-v4-flash,1174,5,3,4,2,60.0,0,0,0,0,0,0,0,yes,no
insights,human-mouse_aml_15000c_p1000_deepseek_deepseek-v4-flash,1175,8,5,8,3,62.5,0,0,0,1,0,0,1,yes,no
insights,human-mouse_aml_15000c_p1000_deepseek_deepseek-v4-flash,1176,7,4,15,3,57.1,0,0,0,0,0,0,0,yes,no
insights,human-mouse_aml_15000c_p1000_deepseek_deepseek-v4-flash,1177,12,12,10,0,100.0,0,4,4,0,0,0,0,no,no
insights,human-mouse_aml_15000c_p1000_deepseek_deepseek-v4-flash,1178,10,8,33,2,80.0,0,0,0,4,0,0,4,yes,no
insights,human-mouse_aml_15000c_p1000_deepseek_deepseek-v4-flash,1179,10,4,11,6,40.0,0,0,0,0,0,0,0,yes,no
insights,human-mouse_aml_15000c_p1000_deepseek_deepseek-v4-flash,1180,7,4,8,3,57.1,0,0,0,0,0,0,0,yes,no
insights,human-mouse_aml_15000c_p1000_deepseek_deepseek-v4-flash,1181,6,3,12,3,50.0,0,0,0,0,0,0,0,yes,no
insights,human-mouse_aml_15000c_p1000_deepseek_deepseek-v4-flash,1182,7,5,12,2,71.4,0,0,0,1,0,0,1,yes,no
insights,human-mouse_aml_15000c_p1000_deepseek_deepseek-v4-flash,1183,7,5,15,2,71.4,0,0,0,3,0,0,3,yes,no
insights,human-mouse_aml_15000c_p1000_deepseek_deepseek-v4-flash,1184,4,1,5,3,25.0,0,0,0,0,0,0,0,yes,no
insights,human-mouse_aml_15000c_p1000_deepseek_deepseek-v4-flash,1185,19,18,9,1,94.7,0,0,0,3,0,0,3,no,no
insights,human-mouse_aml_15000c_p1000_deepseek_deepseek-v4-flash,1186,7,5,6,2,71.4,0,0,0,0,0,0,0,yes,no
insights,human-mouse_aml_15000c_p1000_deepseek_deepseek-v4-flash,1187,5,3,3,2,60.0,0,0,0,0,0,0,0,yes,no
insights,human-mouse_aml_15000c_p1000_deepseek_deepseek-v4-flash,1188,8,5,14,3,62.5,0,0,0,2,0,0,2,yes,no
insights,human-mouse_aml_15000c_p1000_deepseek_deepseek-v4-flash,1189,4,0,8,4,0.0,0,0,0,0,0,0,0,yes,no
insights,human-mouse_aml_15000c_p1000_deepseek_deepseek-v4-flash,1190,13,10,36,3,76.9,0,0,0,0,0,0,0,yes,no
insights,human-mouse_aml_15000c_p1000_deepseek_deepseek-v4-flash,1191,18,18,7,0,100.0,0,0,0,0,0,0,0,no,no
insights,human-mouse_aml_15000c_p1000_deepseek_deepseek-v4-flash,1192,7,5,4,2,71.4,0,0,0,0,0,0,0,yes,no
insights,human-mouse_aml_15000c_p1000_deepseek_deepseek-v4-flash,1193,5,2,1,3,40.0,0,0,0,0,0,0,0,yes,no
insights,human-mouse_aml_15000c_p1000_deepseek_deepseek-v4-flash,1194,15,11,9,4,73.3,0,0,0,0,0,0,0,yes,no
insights,human-mouse_aml_15000c_p1000_deepseek_deepseek-v4-flash,1195,5,3,6,2,60.0,0,0,0,0,0,0,0,yes,no
insights,human-mouse_aml_15000c_p1000_deepseek_deepseek-v4-flash,1196,9,5,12,4,55.6,0,0,0,0,0,0,0,yes,no
insights,human-mouse_aml_15000c_p1000_deepseek_deepseek-v4-flash,1197,4,3,9,1,75.0,0,0,0,0,0,0,0,yes,no
insights,human-mouse_aml_15000c_p1000_deepseek_deepseek-v4-flash,1198,5,1,2,4,20.0,0,0,0,0,0,0,0,yes,no
insights,human-mouse_aml_15000c_p1000_deepseek_deepseek-v4-flash,1199,7,4,14,3,57.1,0,0,0,0,0,0,0,yes,no
insights,human-mouse_aml_15000c_p1000_deepseek_deepseek-v4-flash,1200,7,5,5,2,71.4,0,0,0,0,0,0,0,yes,no
insights,human-mouse_aml_15000c_p1000_deepseek_deepseek-v4-flash,1201,13,11,4,2,84.6,0,0,0,0,0,0,0,yes,no
insights,human-mouse_aml_15000c_p1000_deepseek_deepseek-v4-flash,1202,12,8,38,4,66.7,0,0,0,1,0,0,1,yes,no
insights,human-mouse_aml_15000c_p1000_deepseek_deepseek-v4-flash,1203,9,5,5,4,55.6,0,0,0,0,0,0,0,yes,no
insights,human-mouse_aml_15000c_p1000_deepseek_deepseek-v4-flash,1204,9,0,17,9,0.0,0,0,0,0,0,0,0,yes,no
insights,human-mouse_aml_15000c_p1000_deepseek_deepseek-v4-flash,1205,8,6,1,2,75.0,0,0,0,0,0,0,0,yes,no
insights,human-mouse_aml_15000c_p1000_deepseek_deepseek-v4-flash,1206,8,7,6,1,87.5,0,0,0,2,0,0,2,yes,no
insights,human-mouse_aml_15000c_p1000_deepseek_deepseek-v4-flash,1207,9,7,4,2,77.8,0,0,0,0,0,0,0,yes,no
insights,human-mouse_aml_15000c_p1000_deepseek_deepseek-v4-flash,1208,4,0,14,4,0.0,0,0,0,0,0,0,0,yes,no
insights,human-mouse_aml_15000c_p1000_deepseek_deepseek-v4-flash,1209,4,3,3,1,75.0,0,0,0,0,0,0,0,yes,no
insights,human-mouse_aml_15000c_p1000_deepseek_deepseek-v4-flash,1210,7,5,1,2,71.4,0,0,0,0,0,0,0,yes,no
insights,human-mouse_aml_15000c_p1000_deepseek_deepseek-v4-flash,1211,4,2,8,2,50.0,0,0,0,0,0,0,0,yes,no
insights,human-mouse_aml_15000c_p1000_deepseek_deepseek-v4-flash,1212,7,3,6,4,42.9,0,0,0,0,0,0,0,yes,no
insights,human-mouse_aml_15000c_p1000_deepseek_deepseek-v4-flash,1213,5,5,10,0,100.0,0,0,0,2,0,0,2,no,no
insights,human-mouse_aml_15000c_p1000_deepseek_deepseek-v4-flash,1214,43,41,15,2,95.3,0,0,0,0,0,0,0,yes,no
insights,human-mouse_aml_15000c_p1000_deepseek_deepseek-v4-flash,1215,5,3,10,2,60.0,0,0,0,4,0,0,4,yes,no
insights,human-mouse_aml_15000c_p1000_deepseek_deepseek-v4-flash,1216,5,3,23,2,60.0,0,0,0,4,0,0,4,yes,no
insights,human-mouse_aml_15000c_p1000_deepseek_deepseek-v4-flash,1217,10,6,33,4,60.0,0,0,0,4,0,0,4,yes,no
insights,human-mouse_aml_15000c_p1000_deepseek_deepseek-v4-flash,1218,5,3,4,2,60.0,0,0,0,0,0,0,0,yes,no
insights,human-mouse_aml_15000c_p1000_deepseek_deepseek-v4-flash,1219,5,3,8,2,60.0,0,0,0,0,0,0,0,yes,no
insights,human-mouse_aml_15000c_p1000_deepseek_deepseek-v4-flash,1220,5,3,8,2,60.0,0,0,0,0,0,0,0,yes,no
insights,human-mouse_aml_15000c_p1000_deepseek_deepseek-v4-flash,1221,5,2,9,3,40.0,0,0,0,0,0,0,0,yes,no
insights,human-mouse_aml_15000c_p1000_deepseek_deepseek-v4-flash,1222,8,3,8,5,37.5,0,0,0,0,0,0,0,yes,no
insights,human-mouse_aml_15000c_p1000_deepseek_deepseek-v4-flash,1223,11,7,19,4,63.6,0,0,0,0,0,0,0,yes,no
insights,human-mouse_aml_15000c_p1000_deepseek_deepseek-v4-flash,1224,8,7,15,1,87.5,0,0,0,0,0,0,0,yes,no
insights,human-mouse_aml_15000c_p1000_deepseek_deepseek-v4-flash,1225,6,4,9,2,66.7,0,0,0,0,0,0,0,yes,no
insights,human-mouse_aml_15000c_p1000_deepseek_deepseek-v4-flash,1226,20,18,2,2,90.0,0,0,0,0,0,0,0,yes,no
insights,human-mouse_aml_15000c_p1000_deepseek_deepseek-v4-flash,1227,6,4,14,2,66.7,0,0,0,2,0,0,2,yes,no
insights,human-mouse_aml_15000c_p1000_deepseek_deepseek-v4-flash,1228,11,8,15,3,72.7,0,0,0,0,0,0,0,yes,no
insights,human-mouse_aml_15000c_p1000_deepseek_deepseek-v4-flash,1229,7,4,18,3,57.1,0,0,0,1,0,0,1,yes,no
insights,human-mouse_aml_15000c_p1000_deepseek_deepseek-v4-flash,1230,7,0,11,7,0.0,0,0,0,0,0,0,0,yes,no
insights,human-mouse_aml_15000c_p1000_deepseek_deepseek-v4-flash,1231,4,2,2,2,50.0,0,0,0,0,0,0,0,yes,no
insights,human-mouse_aml_15000c_p1000_deepseek_deepseek-v4-flash,1232,11,11,13,0,100.0,0,0,0,2,0,0,2,no,no
insights,human-mouse_aml_15000c_p1000_deepseek_deepseek-v4-flash,1233,14,11,24,3,78.6,0,0,0,0,0,0,0,yes,no
insights,human-mouse_aml_15000c_p1000_deepseek_deepseek-v4-flash,1234,5,3,7,2,60.0,0,0,0,0,0,0,0,yes,no
insights,human-mouse_aml_15000c_p1000_deepseek_deepseek-v4-flash,1235,4,2,1,2,50.0,0,0,0,0,0,0,0,yes,no
insights,human-mouse_aml_15000c_p1000_deepseek_deepseek-v4-flash,1236,17,15,12,2,88.2,0,0,0,0,0,0,0,yes,no
insights,human-mouse_aml_15000c_p1000_deepseek_deepseek-v4-flash,1237,7,5,5,2,71.4,0,0,0,3,0,0,3,yes,no
insights,human-mouse_aml_15000c_p1000_deepseek_deepseek-v4-flash,1238,5,2,2,3,40.0,0,0,0,0,0,0,0,yes,no
insights,human-mouse_aml_15000c_p1000_deepseek_deepseek-v4-flash,1239,4,2,1,2,50.0,0,0,0,0,0,0,0,yes,no
insights,human-mouse_aml_15000c_p1000_deepseek_deepseek-v4-flash,1240,5,5,12,0,100.0,0,0,0,1,0,0,1,no,no
insights,human-mouse_aml_15000c_p1000_deepseek_deepseek-v4-flash,1241,6,4,1,2,66.7,0,0,0,0,0,0,0,yes,no
insights,human-mouse_aml_15000c_p1000_deepseek_deepseek-v4-flash,1242,5,3,5,2,60.0,0,0,0,2,0,0,2,yes,no
insights,human-mouse_aml_15000c_p1000_deepseek_deepseek-v4-flash,1243,4,2,3,2,50.0,0,0,0,0,0,0,0,yes,no
insights,human-mouse_aml_15000c_p1000_deepseek_deepseek-v4-flash,1244,5,0,9,5,0.0,0,0,0,0,0,0,0,yes,no
insights,human-mouse_aml_15000c_p1000_deepseek_deepseek-v4-flash,1245,11,9,14,2,81.8,0,0,0,0,0,0,0,yes,no
insights,human-mouse_aml_15000c_p1000_deepseek_deepseek-v4-flash,1246,6,0,5,6,0.0,0,0,0,3,0,0,3,yes,no
insights,human-mouse_aml_15000c_p1000_deepseek_deepseek-v4-flash,1247,9,7,19,2,77.8,0,0,0,0,0,0,0,yes,no
insights,human-mouse_aml_15000c_p1000_deepseek_deepseek-v4-flash,1248,17,14,15,3,82.4,0,0,0,0,0,0,0,yes,no
insights,human-mouse_aml_15000c_p1000_deepseek_deepseek-v4-flash,1249,9,5,12,4,55.6,0,0,0,0,0,0,0,yes,no
insights,human-mouse_aml_15000c_p1000_deepseek_deepseek-v4-flash,1250,5,0,7,5,0.0,0,0,0,0,0,0,0,yes,no
insights,human-mouse_aml_15000c_p1000_deepseek_deepseek-v4-flash,1251,6,3,8,3,50.0,0,0,0,0,0,0,0,yes,no
insights,human-mouse_aml_15000c_p1000_deepseek_deepseek-v4-flash,1252,9,6,13,3,66.7,0,0,0,0,0,0,0,yes,no
insights,human-mouse_aml_15000c_p1000_deepseek_deepseek-v4-flash,1253,6,2,5,4,33.3,0,0,0,0,0,0,0,yes,no
insights,human-mouse_aml_15000c_p1000_deepseek_deepseek-v4-flash,1254,56,52,11,4,92.9,0,0,0,0,0,0,0,yes,no
insights,human-mouse_aml_15000c_p1000_deepseek_deepseek-v4-flash,1255,5,3,12,2,60.0,0,0,0,0,0,0,0,yes,no
insights,human-mouse_aml_15000c_p1000_deepseek_deepseek-v4-flash,1256,12,9,14,3,75.0,0,0,0,0,0,0,0,yes,no
insights,human-mouse_aml_15000c_p1000_deepseek_deepseek-v4-flash,1257,6,3,12,3,50.0,0,0,0,2,0,0,2,yes,no
insights,human-mouse_aml_15000c_p1000_deepseek_deepseek-v4-flash,1258,15,7,12,8,46.7,0,0,0,0,0,0,0,yes,no
insights,human-mouse_aml_15000c_p1000_deepseek_deepseek-v4-flash,1259,4,2,3,2,50.0,0,0,0,2,0,0,2,yes,no
insights,human-mouse_aml_15000c_p1000_deepseek_deepseek-v4-flash,1260,7,4,5,3,57.1,0,0,0,0,0,0,0,yes,no
insights,human-mouse_aml_15000c_p1000_deepseek_deepseek-v4-flash,1261,9,5,4,4,55.6,0,0,0,0,0,0,0,yes,no
insights,human-mouse_aml_15000c_p1000_deepseek_deepseek-v4-flash,1262,8,3,5,5,37.5,0,0,0,0,0,0,0,yes,no
insights,human-mouse_aml_15000c_p1000_deepseek_deepseek-v4-flash,1263,5,3,7,2,60.0,0,0,0,0,0,0,0,yes,no
insights,human-mouse_aml_15000c_p1000_deepseek_deepseek-v4-flash,1264,2,2,0,0,100.0,0,0,0,1,0,0,1,yes,no
insights,human-mouse_aml_15000c_p1000_deepseek_deepseek-v4-flash,1265,6,3,12,3,50.0,0,0,0,0,0,0,0,yes,no
insights,human-mouse_aml_15000c_p1000_deepseek_deepseek-v4-flash,1266,5,3,4,2,60.0,0,0,0,2,0,0,2,yes,no
insights,human-mouse_aml_15000c_p1000_deepseek_deepseek-v4-flash,1267,5,3,8,2,60.0,0,0,0,0,0,0,0,yes,no
insights,human-mouse_aml_15000c_p1000_deepseek_deepseek-v4-flash,1268,20,20,6,0,100.0,0,0,0,0,0,0,0,no,no
insights,human-mouse_aml_15000c_p1000_deepseek_deepseek-v4-flash,1269,5,2,5,3,40.0,0,0,0,0,0,0,0,yes,no
insights,human-mouse_aml_15000c_p1000_deepseek_deepseek-v4-flash,1270,6,4,16,2,66.7,0,0,0,0,0,0,0,yes,no
insights,human-mouse_aml_15000c_p1000_deepseek_deepseek-v4-flash,1271,139,135,6,4,97.1,0,0,0,0,0,0,0,yes,no
insights,human-mouse_aml_15000c_p1000_deepseek_deepseek-v4-flash,1272,9,9,15,0,100.0,0,0,0,2,0,0,2,no,no
insights,human-mouse_aml_15000c_p1000_deepseek_deepseek-v4-flash,1273,5,4,2,1,80.0,0,0,0,0,0,0,0,yes,no
insights,human-mouse_aml_15000c_p1000_deepseek_deepseek-v4-flash,1274,9,6,5,3,66.7,0,0,0,0,0,0,0,yes,no
insights,human-mouse_aml_15000c_p1000_deepseek_deepseek-v4-flash,1275,30,15,3,15,50.0,0,0,0,0,0,0,0,yes,no
insights,human-mouse_aml_15000c_p1000_deepseek_deepseek-v4-flash,1276,21,21,6,0,100.0,0,0,0,0,0,0,0,no,no
insights,human-mouse_aml_15000c_p1000_deepseek_deepseek-v4-flash,1277,5,3,7,2,60.0,0,0,0,2,0,0,2,yes,no
insights,human-mouse_aml_15000c_p1000_deepseek_deepseek-v4-flash,1278,4,2,5,2,50.0,0,0,0,0,0,0,0,yes,no
insights,human-mouse_aml_15000c_p1000_deepseek_deepseek-v4-flash,1279,17,15,18,2,88.2,0,0,0,0,0,0,0,yes,no
insights,human-mouse_aml_15000c_p1000_deepseek_deepseek-v4-flash,1280,4,3,8,1,75.0,0,0,0,0,0,0,0,yes,no
insights,human-mouse_aml_15000c_p1000_deepseek_deepseek-v4-flash,1281,4,3,8,1,75.0,0,0,0,0,0,0,0,yes,no
insights,human-mouse_aml_15000c_p1000_deepseek_deepseek-v4-flash,1282,3,3,4,0,100.0,0,0,0,0,0,0,0,no,no
insights,human-mouse_aml_15000c_p1000_deepseek_deepseek-v4-flash,1283,5,3,5,2,60.0,0,0,0,0,0,0,0,yes,no
insights,human-mouse_aml_15000c_p1000_deepseek_deepseek-v4-flash,1284,5,4,2,1,80.0,0,0,0,0,0,0,0,yes,no
insights,human-mouse_aml_15000c_p1000_deepseek_deepseek-v4-flash,1285,5,2,4,3,40.0,0,0,0,0,0,0,0,yes,no
insights,human-mouse_aml_15000c_p1000_deepseek_deepseek-v4-flash,1286,6,6,1,0,100.0,0,0,0,0,0,0,0,no,no
insights,human-mouse_aml_15000c_p1000_deepseek_deepseek-v4-flash,1287,4,4,3,0,100.0,0,0,0,0,0,0,0,no,no
insights,human-mouse_aml_15000c_p1000_deepseek_deepseek-v4-flash,1288,4,2,3,2,50.0,0,0,0,0,0,0,0,yes,no
insights,human-mouse_aml_15000c_p1000_deepseek_deepseek-v4-flash,1289,12,9,1,3,75.0,0,0,0,0,0,0,0,yes,no
insights,human-mouse_aml_15000c_p1000_deepseek_deepseek-v4-flash,1290,3,1,5,2,33.3,0,0,0,0,0,0,0,yes,no
insights,human-mouse_aml_15000c_p1000_deepseek_deepseek-v4-flash,1291,3,0,9,3,0.0,0,0,0,0,0,0,0,yes,no
insights,human-mouse_aml_15000c_p1000_deepseek_deepseek-v4-flash,1292,5,2,3,3,40.0,0,0,0,0,0,0,0,yes,no
insights,human-mouse_aml_15000c_p1000_deepseek_deepseek-v4-flash,1293,3,1,6,2,33.3,0,0,0,0,0,0,0,yes,no
insights,human-mouse_aml_15000c_p1000_deepseek_deepseek-v4-flash,1294,4,2,3,2,50.0,0,0,0,0,0,0,0,yes,no
insights,human-mouse_aml_15000c_p1000_deepseek_deepseek-v4-flash,1295,9,9,14,0,100.0,0,0,0,0,0,0,0,no,no
insights,human-mouse_aml_15000c_p1000_deepseek_deepseek-v4-flash,1296,11,9,3,2,81.8,0,0,0,0,0,0,0,yes,no
insights,human-mouse_aml_15000c_p1000_deepseek_deepseek-v4-flash,1297,7,6,4,1,85.7,0,0,0,0,0,0,0,no,no
insights,human-mouse_aml_15000c_p1000_deepseek_deepseek-v4-flash,1298,11,9,7,2,81.8,0,0,0,4,0,0,4,yes,no
insights,human-mouse_aml_15000c_p1000_deepseek_deepseek-v4-flash,1299,5,0,7,5,0.0,0,0,0,0,0,0,0,yes,no
insights,human-mouse_aml_15000c_p1000_deepseek_deepseek-v4-flash,1300,6,4,6,2,66.7,0,0,0,0,0,0,0,yes,no
insights,human-mouse_aml_15000c_p1000_deepseek_deepseek-v4-flash,1301,6,4,14,2,66.7,0,0,0,2,0,0,2,yes,no
insights,human-mouse_aml_15000c_p1000_deepseek_deepseek-v4-flash,1302,16,8,10,8,50.0,0,0,0,0,0,0,0,yes,no
insights,human-mouse_aml_15000c_p1000_deepseek_deepseek-v4-flash,1303,5,3,4,2,60.0,0,0,0,0,0,0,0,yes,no
insights,human-mouse_aml_15000c_p1000_deepseek_deepseek-v4-flash,1304,5,3,10,2,60.0,0,0,0,3,0,0,3,yes,no
insights,human-mouse_aml_15000c_p1000_deepseek_deepseek-v4-flash,1305,9,5,30,4,55.6,0,0,0,6,0,0,6,yes,no
insights,human-mouse_aml_15000c_p1000_deepseek_deepseek-v4-flash,1306,14,11,11,3,78.6,0,0,0,2,0,0,2,yes,no
insights,human-mouse_aml_15000c_p1000_deepseek_deepseek-v4-flash,1307,15,9,2,6,60.0,0,0,0,0,0,0,0,no,no
insights,human-mouse_aml_15000c_p1000_deepseek_deepseek-v4-flash,1308,11,7,21,4,63.6,0,0,0,4,0,0,4,yes,no
insights,human-mouse_aml_15000c_p1000_deepseek_deepseek-v4-flash,1309,26,26,17,0,100.0,0,0,0,1,0,0,1,yes,no
insights,human-mouse_aml_15000c_p1000_deepseek_deepseek-v4-flash,1310,3,3,1,0,100.0,0,0,0,0,0,0,0,no,no
insights,human-mouse_aml_15000c_p1000_deepseek_deepseek-v4-flash,1311,8,4,6,4,50.0,0,0,0,0,0,0,0,yes,no
insights,human-mouse_aml_15000c_p1000_deepseek_deepseek-v4-flash,1312,5,4,0,1,80.0,0,0,0,0,0,0,0,yes,no
insights,human-mouse_aml_15000c_p1000_deepseek_deepseek-v4-flash,1313,18,18,2,0,100.0,0,0,0,0,0,0,0,no,no
insights,human-mouse_aml_15000c_p1000_deepseek_deepseek-v4-flash,1314,5,4,0,1,80.0,0,0,0,0,0,0,0,yes,no
insights,human-mouse_aml_15000c_p1000_deepseek_deepseek-v4-flash,1315,9,5,3,4,55.6,0,0,0,0,0,0,0,no,no
insights,human-mouse_aml_15000c_p1000_deepseek_deepseek-v4-flash,1316,6,0,11,6,0.0,0,0,0,2,0,0,2,yes,no
insights,human-mouse_aml_15000c_p1000_deepseek_deepseek-v4-flash,1317,5,3,7,2,60.0,0,0,0,0,0,0,0,yes,no
insights,human-mouse_aml_15000c_p1000_deepseek_deepseek-v4-flash,1318,5,3,6,2,60.0,0,0,0,0,0,0,0,yes,no
insights,human-mouse_aml_15000c_p1000_deepseek_deepseek-v4-flash,1319,15,9,8,6,60.0,0,0,0,0,0,0,0,yes,no
insights,human-mouse_aml_15000c_p1000_deepseek_deepseek-v4-flash,1320,6,3,4,3,50.0,0,0,0,0,0,0,0,yes,no
insights,human-mouse_aml_15000c_p1000_deepseek_deepseek-v4-flash,1321,6,4,2,2,66.7,0,0,0,0,0,0,0,yes,no
insights,human-mouse_aml_15000c_p1000_deepseek_deepseek-v4-flash,1322,11,9,2,2,81.8,0,0,0,5,0,0,5,yes,no
insights,human-mouse_aml_15000c_p1000_deepseek_deepseek-v4-flash,1323,8,8,4,0,100.0,0,0,0,0,0,0,0,no,no
insights,human-mouse_aml_15000c_p1000_deepseek_deepseek-v4-flash,1324,5,4,4,1,80.0,0,0,0,0,0,0,0,yes,no
insights,human-mouse_aml_15000c_p1000_deepseek_deepseek-v4-flash,1325,5,0,6,5,0.0,0,0,0,0,0,0,0,yes,no
insights,human-mouse_aml_15000c_p1000_deepseek_deepseek-v4-flash,1326,5,4,0,1,80.0,0,0,0,0,0,0,0,yes,no
insights,human-mouse_aml_15000c_p1000_deepseek_deepseek-v4-flash,1327,26,20,11,6,76.9,0,0,0,0,0,0,0,yes,no
insights,human-mouse_aml_15000c_p1000_deepseek_deepseek-v4-flash,1328,3,2,8,1,66.7,0,0,0,0,0,0,0,yes,no
insights,human-mouse_aml_15000c_p1000_deepseek_deepseek-v4-flash,1329,6,3,21,3,50.0,0,0,0,3,0,0,3,yes,no
insights,human-mouse_aml_15000c_p1000_deepseek_deepseek-v4-flash,1330,5,3,4,2,60.0,0,0,0,0,0,0,0,yes,no
insights,human-mouse_aml_15000c_p1000_deepseek_deepseek-v4-flash,1331,6,4,7,2,66.7,0,0,0,0,0,0,0,yes,no
insights,human-mouse_aml_15000c_p1000_deepseek_deepseek-v4-flash,1332,5,3,6,2,60.0,0,0,0,3,0,0,3,yes,no
insights,human-mouse_aml_15000c_p1000_deepseek_deepseek-v4-flash,1333,7,4,28,3,57.1,0,0,0,3,0,0,3,yes,no
insights,human-mouse_aml_15000c_p1000_deepseek_deepseek-v4-flash,1334,6,0,36,6,0.0,0,4,4,0,0,0,0,yes,no
insights,human-mouse_aml_15000c_p1000_deepseek_deepseek-v4-flash,1335,5,4,4,1,80.0,0,0,0,0,0,0,0,yes,no
insights,human-mouse_aml_15000c_p1000_deepseek_deepseek-v4-flash,1336,5,3,6,2,60.0,0,0,0,0,0,0,0,yes,no
insights,human-mouse_aml_15000c_p1000_deepseek_deepseek-v4-flash,1337,5,3,7,2,60.0,0,0,0,0,0,0,0,yes,no
insights,human-mouse_aml_15000c_p1000_deepseek_deepseek-v4-flash,1338,4,2,1,2,50.0,0,0,0,0,0,0,0,yes,no
insights,human-mouse_aml_15000c_p1000_deepseek_deepseek-v4-flash,1339,7,2,8,5,28.6,0,0,0,0,0,0,0,yes,no
insights,human-mouse_aml_15000c_p1000_deepseek_deepseek-v4-flash,1340,4,2,1,2,50.0,0,0,0,0,0,0,0,yes,no
insights,human-mouse_aml_15000c_p1000_deepseek_deepseek-v4-flash,1341,6,5,3,1,83.3,0,0,0,0,0,0,0,yes,no
insights,human-mouse_aml_15000c_p1000_deepseek_deepseek-v4-flash,1342,3,1,6,2,33.3,0,0,0,0,0,0,0,yes,no
insights,human-mouse_aml_15000c_p1000_deepseek_deepseek-v4-flash,1343,15,13,4,2,86.7,0,0,0,0,0,0,0,yes,no
insights,human-mouse_aml_15000c_p1000_deepseek_deepseek-v4-flash,1344,8,5,9,3,62.5,0,0,0,1,0,0,1,yes,no
insights,human-mouse_aml_15000c_p1000_deepseek_deepseek-v4-flash,1345,11,6,1,5,54.5,0,0,0,0,0,0,0,yes,no
insights,human-mouse_aml_15000c_p1000_deepseek_deepseek-v4-flash,1346,7,5,3,2,71.4,0,0,0,0,0,0,0,yes,no
insights,human-mouse_aml_15000c_p1000_deepseek_deepseek-v4-flash,1347,6,3,5,3,50.0,0,0,0,0,0,0,0,yes,no
insights,human-mouse_aml_15000c_p1000_deepseek_deepseek-v4-flash,1348,6,4,4,2,66.7,0,0,0,0,0,0,0,yes,no
insights,human-mouse_aml_15000c_p1000_deepseek_deepseek-v4-flash,1349,7,4,7,3,57.1,0,0,0,0,0,0,0,yes,no
insights,human-mouse_aml_15000c_p1000_deepseek_deepseek-v4-flash,1350,5,3,11,2,60.0,0,0,0,2,0,0,2,yes,no
insights,human-mouse_aml_15000c_p1000_deepseek_deepseek-v4-flash,1351,8,3,14,5,37.5,0,0,0,2,0,0,2,yes,no
insights,human-mouse_aml_15000c_p1000_deepseek_deepseek-v4-flash,1352,6,3,6,3,50.0,0,0,0,0,0,0,0,yes,no
insights,human-mouse_aml_15000c_p1000_deepseek_deepseek-v4-flash,1353,3,2,0,1,66.7,0,0,0,0,0,0,0,yes,no
insights,human-mouse_aml_15000c_p1000_deepseek_deepseek-v4-flash,1354,7,0,12,7,0.0,0,0,0,0,0,0,0,yes,no
insights,human-mouse_aml_15000c_p1000_deepseek_deepseek-v4-flash,1355,5,4,3,1,80.0,0,0,0,0,0,0,0,yes,no
insights,human-mouse_aml_15000c_p1000_deepseek_deepseek-v4-flash,1356,7,7,17,0,100.0,0,1,1,0,0,0,0,no,no
insights,human-mouse_aml_15000c_p1000_deepseek_deepseek-v4-flash,1357,3,1,1,2,33.3,0,0,0,0,0,0,0,yes,no
insights,human-mouse_aml_15000c_p1000_deepseek_deepseek-v4-flash,1358,14,9,3,5,64.3,0,0,0,2,0,0,2,no,no
insights,human-mouse_aml_15000c_p1000_deepseek_deepseek-v4-flash,1359,5,3,6,2,60.0,0,0,0,2,0,0,2,yes,no
insights,human-mouse_aml_15000c_p1000_deepseek_deepseek-v4-flash,1360,13,11,7,2,84.6,0,0,0,2,0,0,2,yes,no
insights,human-mouse_aml_15000c_p1000_deepseek_deepseek-v4-flash,1361,13,6,22,7,46.2,0,0,0,0,0,0,0,yes,no
insights,human-mouse_aml_15000c_p1000_deepseek_deepseek-v4-flash,1362,6,4,4,2,66.7,0,0,0,0,0,0,0,yes,no
insights,human-mouse_aml_15000c_p1000_deepseek_deepseek-v4-flash,1363,14,11,17,3,78.6,0,0,0,1,0,0,1,no,no
insights,human-mouse_aml_15000c_p1000_deepseek_deepseek-v4-flash,1364,5,4,3,1,80.0,0,0,0,0,0,0,0,yes,no
insights,human-mouse_aml_15000c_p1000_deepseek_deepseek-v4-flash,1365,11,10,0,1,90.9,0,0,0,0,0,0,0,yes,no
insights,human-mouse_aml_15000c_p1000_deepseek_deepseek-v4-flash,1366,9,5,9,4,55.6,0,0,0,1,0,0,1,yes,no
insights,human-mouse_aml_15000c_p1000_deepseek_deepseek-v4-flash,1367,4,4,1,0,100.0,0,0,0,0,0,0,0,no,no
insights,human-mouse_aml_15000c_p1000_deepseek_deepseek-v4-flash,1368,4,3,2,1,75.0,0,0,0,0,0,0,0,yes,no
insights,human-mouse_aml_15000c_p1000_deepseek_deepseek-v4-flash,1369,9,7,5,2,77.8,0,0,0,0,0,0,0,yes,no
insights,human-mouse_aml_15000c_p1000_deepseek_deepseek-v4-flash,1370,5,5,11,0,100.0,0,0,0,2,0,0,2,no,no
insights,human-mouse_aml_15000c_p1000_deepseek_deepseek-v4-flash,1371,16,12,4,4,75.0,0,0,0,0,0,0,0,yes,no
insights,human-mouse_aml_15000c_p1000_deepseek_deepseek-v4-flash,1372,4,4,8,0,100.0,0,0,0,0,0,0,0,no,no
insights,human-mouse_aml_15000c_p1000_deepseek_deepseek-v4-flash,1373,8,5,18,3,62.5,0,0,0,2,0,0,2,yes,no
insights,human-mouse_aml_15000c_p1000_deepseek_deepseek-v4-flash,1374,123,123,2,0,100.0,0,0,0,0,0,0,0,no,no
insights,human-mouse_aml_15000c_p1000_deepseek_deepseek-v4-flash,1375,25,24,2,1,96.0,0,0,0,0,0,0,0,yes,no
insights,human-mouse_aml_15000c_p1000_deepseek_deepseek-v4-flash,1376,7,5,3,2,71.4,0,0,0,0,0,0,0,yes,no
insights,human-mouse_aml_15000c_p1000_deepseek_deepseek-v4-flash,1377,3,3,6,0,100.0,0,0,0,0,0,0,0,no,no
insights,human-mouse_aml_15000c_p1000_deepseek_deepseek-v4-flash,1378,12,10,19,2,83.3,0,0,0,0,0,0,0,yes,no
insights,human-mouse_aml_15000c_p1000_deepseek_deepseek-v4-flash,1379,7,6,4,1,85.7,0,0,0,0,0,0,0,yes,no
insights,human-mouse_aml_15000c_p1000_deepseek_deepseek-v4-flash,1380,6,4,6,2,66.7,0,0,0,0,0,0,0,yes,no
insights,human-mouse_aml_15000c_p1000_deepseek_deepseek-v4-flash,1381,5,3,0,2,60.0,0,0,0,0,0,0,0,yes,no
insights,human-mouse_aml_15000c_p1000_deepseek_deepseek-v4-flash,1382,15,12,1,3,80.0,0,0,0,0,0,0,0,yes,no
insights,human-mouse_aml_15000c_p1000_deepseek_deepseek-v4-flash,1383,9,9,10,0,100.0,0,0,0,0,0,0,0,no,no
insights,human-mouse_aml_15000c_p1000_deepseek_deepseek-v4-flash,1384,10,7,6,3,70.0,0,0,0,0,0,0,0,yes,no
insights,human-mouse_aml_15000c_p1000_deepseek_deepseek-v4-flash,1385,8,7,2,1,87.5,0,0,0,0,0,0,0,yes,no
insights,human-mouse_aml_15000c_p1000_deepseek_deepseek-v4-flash,1386,8,2,0,6,25.0,0,0,0,0,0,0,0,yes,no
insights,human-mouse_aml_15000c_p1000_deepseek_deepseek-v4-flash,1387,10,7,9,3,70.0,0,0,0,3,0,0,3,yes,no
insights,human-mouse_aml_15000c_p1000_deepseek_deepseek-v4-flash,1388,6,4,7,2,66.7,0,0,0,0,0,0,0,yes,no
insights,human-mouse_aml_15000c_p1000_deepseek_deepseek-v4-flash,1389,5,3,4,2,60.0,0,0,0,0,0,0,0,yes,no
insights,human-mouse_aml_15000c_p1000_deepseek_deepseek-v4-flash,1390,22,21,4,1,95.5,0,0,0,0,0,0,0,yes,no
insights,human-mouse_aml_15000c_p1000_deepseek_deepseek-v4-flash,1391,19,14,9,5,73.7,0,0,0,0,0,0,0,yes,no
insights,human-mouse_aml_15000c_p1000_deepseek_deepseek-v4-flash,1392,19,17,14,2,89.5,0,0,0,0,0,0,0,yes,no
insights,human-mouse_aml_15000c_p1000_deepseek_deepseek-v4-flash,1393,18,18,12,0,100.0,0,0,0,0,0,0,0,yes,no
insights,human-mouse_aml_15000c_p1000_deepseek_deepseek-v4-flash,1394,17,17,5,0,100.0,0,0,0,0,0,0,0,no,no
insights,human-mouse_aml_15000c_p1000_deepseek_deepseek-v4-flash,1395,4,2,1,2,50.0,0,0,0,0,0,0,0,yes,no
insights,human-mouse_aml_15000c_p1000_deepseek_deepseek-v4-flash,1396,6,3,10,3,50.0,0,0,0,3,0,0,3,yes,no
insights,human-mouse_aml_15000c_p1000_deepseek_deepseek-v4-flash,TOTAL,15065,11102,16815,3963,73.7,17,215,198,1208,0,1,1209,1346/1396,4/1396

# section: comparison (merged_ontology metric values across scenarios)
metric,human-mouse_aml_15000c_p1000_deepseek_deepseek-v4-flash_baseline
ARC,1293.0
cycle_count,135.0
syntactic_uniqueness_ratio,0.9879
structural_redundancy,0.161816
ALC,4476.0
cross_onto_relations_count,2899.0
corc_per_applied_alignment,2.1538
new_cross_onto_relations_count,914.0
new_intra_onto_relations_count,891.0
triple_count_delta,5764.0
cross_onto_subclassof_count,2309.0
connectivity_ratio,0.776
average_depth,2.5028
max_depth,10.0
average_breadth,5.0255
max_breadth,169.0
triple_preservation_ratio,0.9338
applied_alignments,1346.0
multi_domain_range_change_per_alignment,0.000743
multi_domain_range_count,1.0
annotation_coverage_ratio,0.8201
comment_coverage_ratio,0.8165

# section: comparison (boomer_ontology metric values across scenarios)
metric,human-mouse_aml_15000c_p1000_deepseek_deepseek-v4-flash_baseline
ARC,605.0
cycle_count,0.0
syntactic_uniqueness_ratio,1.0
structural_redundancy,0.089267
ALC,3659.0
cross_onto_relations_count,4932.0
corc_per_applied_alignment,3.5431
new_cross_onto_relations_count,0.0
new_intra_onto_relations_count,0.0
triple_count_delta,-1850.0
cross_onto_subclassof_count,2336.0
connectivity_ratio,0.8699
average_depth,3.1021
max_depth,10.0
average_breadth,5.1616
max_breadth,168.0
triple_preservation_ratio,1.0
applied_alignments,1392.0
multi_domain_range_change_per_alignment,0.0
multi_domain_range_count,0.0
annotation_coverage_ratio,0.9968
comment_coverage_ratio,0.0

# section: comparison (arom_ontology metric values across scenarios)
metric,human-mouse_aml_15000c_p1000_deepseek_deepseek-v4-flash_baseline
ARC,603.0
cycle_count,0.0
syntactic_uniqueness_ratio,1.0
structural_redundancy,0.089343
ALC,3655.0
cross_onto_relations_count,4934.0
corc_per_applied_alignment,3.5344
new_cross_onto_relations_count,4.0
new_intra_onto_relations_count,0.0
triple_count_delta,-12004.0
cross_onto_subclassof_count,2336.0
connectivity_ratio,0.8702
average_depth,3.1022
max_depth,10.0
average_breadth,5.1606
max_breadth,168.0
triple_preservation_ratio,0.9988
applied_alignments,1396.0
multi_domain_range_change_per_alignment,0.0
multi_domain_range_count,0.0
annotation_coverage_ratio,0.997
comment_coverage_ratio,0.0

# section: comparison (comerger_ontology metric values across scenarios)
metric,human-mouse_aml_15000c_p1000_deepseek_deepseek-v4-flash_baseline
ARC,603.0
cycle_count,0.0
syntactic_uniqueness_ratio,1.0
structural_redundancy,0.089343
ALC,3655.0
cross_onto_relations_count,4919.0
corc_per_applied_alignment,3.5338
new_cross_onto_relations_count,6.0
new_intra_onto_relations_count,1.0
triple_count_delta,-1884.0
cross_onto_subclassof_count,2334.0
connectivity_ratio,0.8702
average_depth,3.1022
max_depth,10.0
average_breadth,5.1606
max_breadth,168.0
triple_preservation_ratio,0.9974
applied_alignments,1392.0
multi_domain_range_change_per_alignment,0.0
multi_domain_range_count,0.0
annotation_coverage_ratio,0.9968
comment_coverage_ratio,0.0
