"# section: metrics (per scenario, per metric, per graph)"
section,scenario,metric,graph,value,suspected
metrics,human-mouse_aml_15000c_p1000_deepseek_deepseek-v4-flash,ARC,union_input,1057.0,
metrics,human-mouse_aml_15000c_p1000_deepseek_deepseek-v4-flash,cycle_count,union_input,0.0,
metrics,human-mouse_aml_15000c_p1000_deepseek_deepseek-v4-flash,syntactic_uniqueness_ratio,union_input,1.0,
metrics,human-mouse_aml_15000c_p1000_deepseek_deepseek-v4-flash,cross_onto_subclassof_count,union_input,0.0,
metrics,human-mouse_aml_15000c_p1000_deepseek_deepseek-v4-flash,new_cross_onto_relations_count,union_input,0.0,
metrics,human-mouse_aml_15000c_p1000_deepseek_deepseek-v4-flash,cross_onto_relations_count,union_input,0.0,
metrics,human-mouse_aml_15000c_p1000_deepseek_deepseek-v4-flash,corc_per_applied_alignment,union_input,0.0,
metrics,human-mouse_aml_15000c_p1000_deepseek_deepseek-v4-flash,new_intra_onto_relations_count,union_input,0.0,
metrics,human-mouse_aml_15000c_p1000_deepseek_deepseek-v4-flash,triple_count_delta,union_input,0.0,
metrics,human-mouse_aml_15000c_p1000_deepseek_deepseek-v4-flash,connectivity_ratio,union_input,0.825,
metrics,human-mouse_aml_15000c_p1000_deepseek_deepseek-v4-flash,triple_preservation_ratio,union_input,1.0,
metrics,human-mouse_aml_15000c_p1000_deepseek_deepseek-v4-flash,annotation_coverage_ratio,union_input,0.9975,
metrics,human-mouse_aml_15000c_p1000_deepseek_deepseek-v4-flash,comment_coverage_ratio,union_input,0.0,
metrics,human-mouse_aml_15000c_p1000_deepseek_deepseek-v4-flash,multi_domain_range_count,union_input,0.0,
metrics,human-mouse_aml_15000c_p1000_deepseek_deepseek-v4-flash,multi_domain_range_change_per_alignment,union_input,0.0,
metrics,human-mouse_aml_15000c_p1000_deepseek_deepseek-v4-flash,structural_redundancy,union_input,0.029134,
metrics,human-mouse_aml_15000c_p1000_deepseek_deepseek-v4-flash,ALC,union_input,4886.0,
metrics,human-mouse_aml_15000c_p1000_deepseek_deepseek-v4-flash,average_depth,union_input,3.8034,
metrics,human-mouse_aml_15000c_p1000_deepseek_deepseek-v4-flash,max_depth,union_input,10.0,
metrics,human-mouse_aml_15000c_p1000_deepseek_deepseek-v4-flash,average_breadth,union_input,4.8208,
metrics,human-mouse_aml_15000c_p1000_deepseek_deepseek-v4-flash,max_breadth,union_input,151.0,
metrics,human-mouse_aml_15000c_p1000_deepseek_deepseek-v4-flash,unsatisfiable_classes,union_input,,
metrics,human-mouse_aml_15000c_p1000_deepseek_deepseek-v4-flash,applied_alignments,union_input,0.0,
metrics,human-mouse_aml_15000c_p1000_deepseek_deepseek-v4-flash,ARC,merged_ontology,1260.0,
metrics,human-mouse_aml_15000c_p1000_deepseek_deepseek-v4-flash,cycle_count,merged_ontology,100.0,
metrics,human-mouse_aml_15000c_p1000_deepseek_deepseek-v4-flash,syntactic_uniqueness_ratio,merged_ontology,0.9869,
metrics,human-mouse_aml_15000c_p1000_deepseek_deepseek-v4-flash,cross_onto_subclassof_count,merged_ontology,2211.0,
metrics,human-mouse_aml_15000c_p1000_deepseek_deepseek-v4-flash,new_cross_onto_relations_count,merged_ontology,940.0,
metrics,human-mouse_aml_15000c_p1000_deepseek_deepseek-v4-flash,cross_onto_relations_count,merged_ontology,2811.0,
metrics,human-mouse_aml_15000c_p1000_deepseek_deepseek-v4-flash,corc_per_applied_alignment,merged_ontology,2.0869,
metrics,human-mouse_aml_15000c_p1000_deepseek_deepseek-v4-flash,new_intra_onto_relations_count,merged_ontology,812.0,
metrics,human-mouse_aml_15000c_p1000_deepseek_deepseek-v4-flash,triple_count_delta,merged_ontology,5210.0,
metrics,human-mouse_aml_15000c_p1000_deepseek_deepseek-v4-flash,connectivity_ratio,merged_ontology,0.7821,
metrics,human-mouse_aml_15000c_p1000_deepseek_deepseek-v4-flash,triple_preservation_ratio,merged_ontology,0.9414,
metrics,human-mouse_aml_15000c_p1000_deepseek_deepseek-v4-flash,annotation_coverage_ratio,merged_ontology,0.813,
metrics,human-mouse_aml_15000c_p1000_deepseek_deepseek-v4-flash,comment_coverage_ratio,merged_ontology,0.809,
metrics,human-mouse_aml_15000c_p1000_deepseek_deepseek-v4-flash,multi_domain_range_count,merged_ontology,1.0,
metrics,human-mouse_aml_15000c_p1000_deepseek_deepseek-v4-flash,multi_domain_range_change_per_alignment,merged_ontology,0.000742,
metrics,human-mouse_aml_15000c_p1000_deepseek_deepseek-v4-flash,structural_redundancy,merged_ontology,0.163438,
metrics,human-mouse_aml_15000c_p1000_deepseek_deepseek-v4-flash,ALC,merged_ontology,4429.0,
metrics,human-mouse_aml_15000c_p1000_deepseek_deepseek-v4-flash,average_depth,merged_ontology,2.5102,
metrics,human-mouse_aml_15000c_p1000_deepseek_deepseek-v4-flash,max_depth,merged_ontology,9.0,
metrics,human-mouse_aml_15000c_p1000_deepseek_deepseek-v4-flash,average_breadth,merged_ontology,4.8359,
metrics,human-mouse_aml_15000c_p1000_deepseek_deepseek-v4-flash,max_breadth,merged_ontology,172.0,
metrics,human-mouse_aml_15000c_p1000_deepseek_deepseek-v4-flash,unsatisfiable_classes,merged_ontology,,
metrics,human-mouse_aml_15000c_p1000_deepseek_deepseek-v4-flash,applied_alignments,merged_ontology,1347.0,
metrics,human-mouse_aml_15000c_p1000_deepseek_deepseek-v4-flash,ARC,applied_alignments,603.0,
metrics,human-mouse_aml_15000c_p1000_deepseek_deepseek-v4-flash,cycle_count,applied_alignments,0.0,
metrics,human-mouse_aml_15000c_p1000_deepseek_deepseek-v4-flash,syntactic_uniqueness_ratio,applied_alignments,1.0,
metrics,human-mouse_aml_15000c_p1000_deepseek_deepseek-v4-flash,cross_onto_subclassof_count,applied_alignments,2336.0,0
metrics,human-mouse_aml_15000c_p1000_deepseek_deepseek-v4-flash,new_cross_onto_relations_count,applied_alignments,2.0,
metrics,human-mouse_aml_15000c_p1000_deepseek_deepseek-v4-flash,cross_onto_relations_count,applied_alignments,4934.0,0
metrics,human-mouse_aml_15000c_p1000_deepseek_deepseek-v4-flash,corc_per_applied_alignment,applied_alignments,3.5344,
metrics,human-mouse_aml_15000c_p1000_deepseek_deepseek-v4-flash,new_intra_onto_relations_count,applied_alignments,0.0,
metrics,human-mouse_aml_15000c_p1000_deepseek_deepseek-v4-flash,triple_count_delta,applied_alignments,-1855.0,
metrics,human-mouse_aml_15000c_p1000_deepseek_deepseek-v4-flash,connectivity_ratio,applied_alignments,0.8702,
metrics,human-mouse_aml_15000c_p1000_deepseek_deepseek-v4-flash,triple_preservation_ratio,applied_alignments,0.9996,
metrics,human-mouse_aml_15000c_p1000_deepseek_deepseek-v4-flash,annotation_coverage_ratio,applied_alignments,0.9968,
metrics,human-mouse_aml_15000c_p1000_deepseek_deepseek-v4-flash,comment_coverage_ratio,applied_alignments,0.0,
metrics,human-mouse_aml_15000c_p1000_deepseek_deepseek-v4-flash,multi_domain_range_count,applied_alignments,0.0,
metrics,human-mouse_aml_15000c_p1000_deepseek_deepseek-v4-flash,multi_domain_range_change_per_alignment,applied_alignments,0.0,
metrics,human-mouse_aml_15000c_p1000_deepseek_deepseek-v4-flash,structural_redundancy,applied_alignments,0.089324,
metrics,human-mouse_aml_15000c_p1000_deepseek_deepseek-v4-flash,ALC,applied_alignments,3656.0,
metrics,human-mouse_aml_15000c_p1000_deepseek_deepseek-v4-flash,average_depth,applied_alignments,3.1022,
metrics,human-mouse_aml_15000c_p1000_deepseek_deepseek-v4-flash,max_depth,applied_alignments,10.0,
metrics,human-mouse_aml_15000c_p1000_deepseek_deepseek-v4-flash,average_breadth,applied_alignments,5.1616,
metrics,human-mouse_aml_15000c_p1000_deepseek_deepseek-v4-flash,max_breadth,applied_alignments,168.0,
metrics,human-mouse_aml_15000c_p1000_deepseek_deepseek-v4-flash,unsatisfiable_classes,applied_alignments,,
metrics,human-mouse_aml_15000c_p1000_deepseek_deepseek-v4-flash,applied_alignments,applied_alignments,1396.0,49
metrics,human-mouse_aml_15000c_p1000_deepseek_deepseek-v4-flash,ARC,arom_ontology,603.0,
metrics,human-mouse_aml_15000c_p1000_deepseek_deepseek-v4-flash,cycle_count,arom_ontology,0.0,
metrics,human-mouse_aml_15000c_p1000_deepseek_deepseek-v4-flash,syntactic_uniqueness_ratio,arom_ontology,1.0,
metrics,human-mouse_aml_15000c_p1000_deepseek_deepseek-v4-flash,cross_onto_subclassof_count,arom_ontology,2336.0,
metrics,human-mouse_aml_15000c_p1000_deepseek_deepseek-v4-flash,new_cross_onto_relations_count,arom_ontology,4.0,
metrics,human-mouse_aml_15000c_p1000_deepseek_deepseek-v4-flash,cross_onto_relations_count,arom_ontology,4934.0,
metrics,human-mouse_aml_15000c_p1000_deepseek_deepseek-v4-flash,corc_per_applied_alignment,arom_ontology,3.5344,
metrics,human-mouse_aml_15000c_p1000_deepseek_deepseek-v4-flash,new_intra_onto_relations_count,arom_ontology,0.0,
metrics,human-mouse_aml_15000c_p1000_deepseek_deepseek-v4-flash,triple_count_delta,arom_ontology,-12004.0,
metrics,human-mouse_aml_15000c_p1000_deepseek_deepseek-v4-flash,connectivity_ratio,arom_ontology,0.8702,
metrics,human-mouse_aml_15000c_p1000_deepseek_deepseek-v4-flash,triple_preservation_ratio,arom_ontology,0.9988,
metrics,human-mouse_aml_15000c_p1000_deepseek_deepseek-v4-flash,annotation_coverage_ratio,arom_ontology,0.997,
metrics,human-mouse_aml_15000c_p1000_deepseek_deepseek-v4-flash,comment_coverage_ratio,arom_ontology,0.0,
metrics,human-mouse_aml_15000c_p1000_deepseek_deepseek-v4-flash,multi_domain_range_count,arom_ontology,0.0,
metrics,human-mouse_aml_15000c_p1000_deepseek_deepseek-v4-flash,multi_domain_range_change_per_alignment,arom_ontology,0.0,
metrics,human-mouse_aml_15000c_p1000_deepseek_deepseek-v4-flash,structural_redundancy,arom_ontology,0.089343,
metrics,human-mouse_aml_15000c_p1000_deepseek_deepseek-v4-flash,ALC,arom_ontology,3655.0,
metrics,human-mouse_aml_15000c_p1000_deepseek_deepseek-v4-flash,average_depth,arom_ontology,3.1022,
metrics,human-mouse_aml_15000c_p1000_deepseek_deepseek-v4-flash,max_depth,arom_ontology,10.0,
metrics,human-mouse_aml_15000c_p1000_deepseek_deepseek-v4-flash,average_breadth,arom_ontology,5.1606,
metrics,human-mouse_aml_15000c_p1000_deepseek_deepseek-v4-flash,max_breadth,arom_ontology,168.0,
metrics,human-mouse_aml_15000c_p1000_deepseek_deepseek-v4-flash,unsatisfiable_classes,arom_ontology,,
metrics,human-mouse_aml_15000c_p1000_deepseek_deepseek-v4-flash,applied_alignments,arom_ontology,1396.0,
metrics,human-mouse_aml_15000c_p1000_deepseek_deepseek-v4-flash,ARC,comerger_ontology,603.0,
metrics,human-mouse_aml_15000c_p1000_deepseek_deepseek-v4-flash,cycle_count,comerger_ontology,0.0,
metrics,human-mouse_aml_15000c_p1000_deepseek_deepseek-v4-flash,syntactic_uniqueness_ratio,comerger_ontology,1.0,
metrics,human-mouse_aml_15000c_p1000_deepseek_deepseek-v4-flash,cross_onto_subclassof_count,comerger_ontology,2334.0,
metrics,human-mouse_aml_15000c_p1000_deepseek_deepseek-v4-flash,new_cross_onto_relations_count,comerger_ontology,6.0,
metrics,human-mouse_aml_15000c_p1000_deepseek_deepseek-v4-flash,cross_onto_relations_count,comerger_ontology,4919.0,
metrics,human-mouse_aml_15000c_p1000_deepseek_deepseek-v4-flash,corc_per_applied_alignment,comerger_ontology,3.5338,
metrics,human-mouse_aml_15000c_p1000_deepseek_deepseek-v4-flash,new_intra_onto_relations_count,comerger_ontology,1.0,
metrics,human-mouse_aml_15000c_p1000_deepseek_deepseek-v4-flash,triple_count_delta,comerger_ontology,-1884.0,
metrics,human-mouse_aml_15000c_p1000_deepseek_deepseek-v4-flash,connectivity_ratio,comerger_ontology,0.8702,
metrics,human-mouse_aml_15000c_p1000_deepseek_deepseek-v4-flash,triple_preservation_ratio,comerger_ontology,0.9974,
metrics,human-mouse_aml_15000c_p1000_deepseek_deepseek-v4-flash,annotation_coverage_ratio,comerger_ontology,0.9968,
metrics,human-mouse_aml_15000c_p1000_deepseek_deepseek-v4-flash,comment_coverage_ratio,comerger_ontology,0.0,
metrics,human-mouse_aml_15000c_p1000_deepseek_deepseek-v4-flash,multi_domain_range_count,comerger_ontology,0.0,
metrics,human-mouse_aml_15000c_p1000_deepseek_deepseek-v4-flash,multi_domain_range_change_per_alignment,comerger_ontology,0.0,
metrics,human-mouse_aml_15000c_p1000_deepseek_deepseek-v4-flash,structural_redundancy,comerger_ontology,0.089343,
metrics,human-mouse_aml_15000c_p1000_deepseek_deepseek-v4-flash,ALC,comerger_ontology,3655.0,
metrics,human-mouse_aml_15000c_p1000_deepseek_deepseek-v4-flash,average_depth,comerger_ontology,3.1022,
metrics,human-mouse_aml_15000c_p1000_deepseek_deepseek-v4-flash,max_depth,comerger_ontology,10.0,
metrics,human-mouse_aml_15000c_p1000_deepseek_deepseek-v4-flash,average_breadth,comerger_ontology,5.1606,
metrics,human-mouse_aml_15000c_p1000_deepseek_deepseek-v4-flash,max_breadth,comerger_ontology,168.0,
metrics,human-mouse_aml_15000c_p1000_deepseek_deepseek-v4-flash,unsatisfiable_classes,comerger_ontology,,
metrics,human-mouse_aml_15000c_p1000_deepseek_deepseek-v4-flash,applied_alignments,comerger_ontology,1392.0,
metrics,human-mouse_aml_15000c_p1000_deepseek_deepseek-v4-flash,ARC,boomer_ontology,605.0,
metrics,human-mouse_aml_15000c_p1000_deepseek_deepseek-v4-flash,cycle_count,boomer_ontology,0.0,
metrics,human-mouse_aml_15000c_p1000_deepseek_deepseek-v4-flash,syntactic_uniqueness_ratio,boomer_ontology,1.0,
metrics,human-mouse_aml_15000c_p1000_deepseek_deepseek-v4-flash,cross_onto_subclassof_count,boomer_ontology,2336.0,
metrics,human-mouse_aml_15000c_p1000_deepseek_deepseek-v4-flash,new_cross_onto_relations_count,boomer_ontology,0.0,
metrics,human-mouse_aml_15000c_p1000_deepseek_deepseek-v4-flash,cross_onto_relations_count,boomer_ontology,4932.0,
metrics,human-mouse_aml_15000c_p1000_deepseek_deepseek-v4-flash,corc_per_applied_alignment,boomer_ontology,3.5431,
metrics,human-mouse_aml_15000c_p1000_deepseek_deepseek-v4-flash,new_intra_onto_relations_count,boomer_ontology,0.0,
metrics,human-mouse_aml_15000c_p1000_deepseek_deepseek-v4-flash,triple_count_delta,boomer_ontology,-1850.0,
metrics,human-mouse_aml_15000c_p1000_deepseek_deepseek-v4-flash,connectivity_ratio,boomer_ontology,0.8699,
metrics,human-mouse_aml_15000c_p1000_deepseek_deepseek-v4-flash,triple_preservation_ratio,boomer_ontology,1.0,
metrics,human-mouse_aml_15000c_p1000_deepseek_deepseek-v4-flash,annotation_coverage_ratio,boomer_ontology,0.9968,
metrics,human-mouse_aml_15000c_p1000_deepseek_deepseek-v4-flash,comment_coverage_ratio,boomer_ontology,0.0,
metrics,human-mouse_aml_15000c_p1000_deepseek_deepseek-v4-flash,multi_domain_range_count,boomer_ontology,0.0,
metrics,human-mouse_aml_15000c_p1000_deepseek_deepseek-v4-flash,multi_domain_range_change_per_alignment,boomer_ontology,0.0,
metrics,human-mouse_aml_15000c_p1000_deepseek_deepseek-v4-flash,structural_redundancy,boomer_ontology,0.089267,
metrics,human-mouse_aml_15000c_p1000_deepseek_deepseek-v4-flash,ALC,boomer_ontology,3659.0,
metrics,human-mouse_aml_15000c_p1000_deepseek_deepseek-v4-flash,average_depth,boomer_ontology,3.1021,
metrics,human-mouse_aml_15000c_p1000_deepseek_deepseek-v4-flash,max_depth,boomer_ontology,10.0,
metrics,human-mouse_aml_15000c_p1000_deepseek_deepseek-v4-flash,average_breadth,boomer_ontology,5.1616,
metrics,human-mouse_aml_15000c_p1000_deepseek_deepseek-v4-flash,max_breadth,boomer_ontology,168.0,
metrics,human-mouse_aml_15000c_p1000_deepseek_deepseek-v4-flash,unsatisfiable_classes,boomer_ontology,,
metrics,human-mouse_aml_15000c_p1000_deepseek_deepseek-v4-flash,applied_alignments,boomer_ontology,1392.0,

"# section: insights (per scenario, per env)"
section,scenario,env,input_triples,kept,added,deleted,retention_%,disjoint_in,disjoint_out,disjoint_delta,dropped_invalid,dropped_bad_subject,dropped_bad_pred,dropped_total,alignment_applied,llm_failed*
insights,human-mouse_aml_15000c_p1000_deepseek_deepseek-v4-flash,1,5,3,8,2,60.0,0,0,0,2,0,0,2,yes,no
insights,human-mouse_aml_15000c_p1000_deepseek_deepseek-v4-flash,2,72,70,12,2,97.2,0,0,0,0,0,0,0,yes,no
insights,human-mouse_aml_15000c_p1000_deepseek_deepseek-v4-flash,3,8,6,20,2,75.0,0,3,3,2,0,0,2,yes,no
insights,human-mouse_aml_15000c_p1000_deepseek_deepseek-v4-flash,4,9,5,17,4,55.6,0,3,3,0,0,0,0,yes,no
insights,human-mouse_aml_15000c_p1000_deepseek_deepseek-v4-flash,5,5,3,20,2,60.0,0,0,0,3,0,0,3,yes,no
insights,human-mouse_aml_15000c_p1000_deepseek_deepseek-v4-flash,6,8,5,7,3,62.5,0,0,0,0,0,0,0,yes,no
insights,human-mouse_aml_15000c_p1000_deepseek_deepseek-v4-flash,7,128,125,97,3,97.7,0,0,0,0,0,0,0,yes,no
insights,human-mouse_aml_15000c_p1000_deepseek_deepseek-v4-flash,8,5,2,17,3,40.0,0,0,0,1,0,0,1,yes,no
insights,human-mouse_aml_15000c_p1000_deepseek_deepseek-v4-flash,9,14,12,11,2,85.7,0,2,2,0,0,0,0,yes,no
insights,human-mouse_aml_15000c_p1000_deepseek_deepseek-v4-flash,10,8,6,18,2,75.0,0,3,3,0,0,0,0,yes,no
insights,human-mouse_aml_15000c_p1000_deepseek_deepseek-v4-flash,11,5,3,15,2,60.0,0,0,0,3,0,0,3,yes,no
insights,human-mouse_aml_15000c_p1000_deepseek_deepseek-v4-flash,12,5,3,4,2,60.0,0,0,0,0,0,0,0,yes,no
insights,human-mouse_aml_15000c_p1000_deepseek_deepseek-v4-flash,13,6,3,4,3,50.0,0,0,0,1,0,0,1,yes,no
insights,human-mouse_aml_15000c_p1000_deepseek_deepseek-v4-flash,14,6,4,23,2,66.7,0,0,0,1,0,0,1,yes,no
insights,human-mouse_aml_15000c_p1000_deepseek_deepseek-v4-flash,15,5,3,9,2,60.0,0,0,0,0,0,0,0,yes,no
insights,human-mouse_aml_15000c_p1000_deepseek_deepseek-v4-flash,16,5,3,18,2,60.0,0,0,0,0,0,0,0,yes,no
insights,human-mouse_aml_15000c_p1000_deepseek_deepseek-v4-flash,17,29,27,1,2,93.1,0,0,0,0,0,0,0,yes,yes
insights,human-mouse_aml_15000c_p1000_deepseek_deepseek-v4-flash,18,13,10,10,3,76.9,0,0,0,0,0,0,0,yes,no
insights,human-mouse_aml_15000c_p1000_deepseek_deepseek-v4-flash,19,5,3,9,2,60.0,0,0,0,2,0,0,2,yes,no
insights,human-mouse_aml_15000c_p1000_deepseek_deepseek-v4-flash,20,5,3,20,2,60.0,0,0,0,1,0,0,1,yes,no
insights,human-mouse_aml_15000c_p1000_deepseek_deepseek-v4-flash,21,5,3,12,2,60.0,0,0,0,0,0,0,0,yes,no
insights,human-mouse_aml_15000c_p1000_deepseek_deepseek-v4-flash,22,5,3,12,2,60.0,0,0,0,0,0,0,0,yes,no
insights,human-mouse_aml_15000c_p1000_deepseek_deepseek-v4-flash,23,6,5,14,1,83.3,0,0,0,0,0,0,0,no,no
insights,human-mouse_aml_15000c_p1000_deepseek_deepseek-v4-flash,24,5,3,31,2,60.0,0,0,0,1,0,0,1,yes,no
insights,human-mouse_aml_15000c_p1000_deepseek_deepseek-v4-flash,25,9,7,14,2,77.8,0,0,0,4,0,0,4,yes,no
insights,human-mouse_aml_15000c_p1000_deepseek_deepseek-v4-flash,26,5,2,10,3,40.0,0,0,0,1,0,0,1,yes,no
insights,human-mouse_aml_15000c_p1000_deepseek_deepseek-v4-flash,27,5,3,13,2,60.0,0,0,0,3,0,0,3,yes,no
insights,human-mouse_aml_15000c_p1000_deepseek_deepseek-v4-flash,28,5,3,15,2,60.0,0,0,0,0,0,0,0,yes,no
insights,human-mouse_aml_15000c_p1000_deepseek_deepseek-v4-flash,29,5,3,12,2,60.0,0,0,0,1,0,0,1,yes,no
insights,human-mouse_aml_15000c_p1000_deepseek_deepseek-v4-flash,30,9,5,18,4,55.6,0,0,0,0,0,0,0,yes,no
insights,human-mouse_aml_15000c_p1000_deepseek_deepseek-v4-flash,31,5,3,23,2,60.0,0,0,0,3,0,0,3,yes,no
insights,human-mouse_aml_15000c_p1000_deepseek_deepseek-v4-flash,32,5,3,4,2,60.0,0,0,0,0,0,0,0,yes,no
insights,human-mouse_aml_15000c_p1000_deepseek_deepseek-v4-flash,33,6,4,7,2,66.7,0,0,0,2,0,0,2,yes,no
insights,human-mouse_aml_15000c_p1000_deepseek_deepseek-v4-flash,34,5,3,4,2,60.0,0,0,0,0,0,0,0,yes,no
insights,human-mouse_aml_15000c_p1000_deepseek_deepseek-v4-flash,35,9,5,28,4,55.6,0,0,0,3,0,0,3,yes,no
insights,human-mouse_aml_15000c_p1000_deepseek_deepseek-v4-flash,36,18,13,12,5,72.2,0,0,0,0,0,0,0,yes,no
insights,human-mouse_aml_15000c_p1000_deepseek_deepseek-v4-flash,37,5,3,8,2,60.0,0,0,0,0,0,0,0,yes,no
insights,human-mouse_aml_15000c_p1000_deepseek_deepseek-v4-flash,38,13,11,12,2,84.6,0,0,0,3,0,0,3,yes,no
insights,human-mouse_aml_15000c_p1000_deepseek_deepseek-v4-flash,39,12,9,6,3,75.0,0,0,0,2,0,0,2,yes,no
insights,human-mouse_aml_15000c_p1000_deepseek_deepseek-v4-flash,40,4,2,2,2,50.0,0,0,0,0,0,0,0,yes,no
insights,human-mouse_aml_15000c_p1000_deepseek_deepseek-v4-flash,41,5,3,7,2,60.0,0,0,0,1,0,0,1,yes,no
insights,human-mouse_aml_15000c_p1000_deepseek_deepseek-v4-flash,42,24,22,13,2,91.7,0,0,0,3,0,0,3,yes,no
insights,human-mouse_aml_15000c_p1000_deepseek_deepseek-v4-flash,43,5,3,9,2,60.0,0,0,0,0,0,0,0,yes,no
insights,human-mouse_aml_15000c_p1000_deepseek_deepseek-v4-flash,44,12,9,19,3,75.0,0,0,0,0,0,0,0,yes,no
insights,human-mouse_aml_15000c_p1000_deepseek_deepseek-v4-flash,45,5,3,12,2,60.0,0,0,0,0,0,0,0,yes,no
insights,human-mouse_aml_15000c_p1000_deepseek_deepseek-v4-flash,46,11,6,21,5,54.5,0,0,0,0,0,0,0,yes,no
insights,human-mouse_aml_15000c_p1000_deepseek_deepseek-v4-flash,47,5,3,4,2,60.0,0,0,0,1,0,0,1,yes,no
insights,human-mouse_aml_15000c_p1000_deepseek_deepseek-v4-flash,48,4,2,1,2,50.0,0,0,0,0,0,0,0,yes,no
insights,human-mouse_aml_15000c_p1000_deepseek_deepseek-v4-flash,49,7,3,11,4,42.9,0,0,0,0,0,0,0,yes,no
insights,human-mouse_aml_15000c_p1000_deepseek_deepseek-v4-flash,50,28,26,13,2,92.9,0,0,0,0,0,0,0,yes,no
insights,human-mouse_aml_15000c_p1000_deepseek_deepseek-v4-flash,51,5,3,22,2,60.0,0,0,0,2,0,0,2,yes,no
insights,human-mouse_aml_15000c_p1000_deepseek_deepseek-v4-flash,52,5,2,8,3,40.0,0,0,0,2,0,0,2,yes,no
insights,human-mouse_aml_15000c_p1000_deepseek_deepseek-v4-flash,53,5,2,11,3,40.0,0,0,0,0,0,0,0,yes,no
insights,human-mouse_aml_15000c_p1000_deepseek_deepseek-v4-flash,54,6,4,16,2,66.7,0,3,3,1,0,0,1,yes,no
insights,human-mouse_aml_15000c_p1000_deepseek_deepseek-v4-flash,55,18,16,4,2,88.9,0,0,0,0,0,0,0,yes,no
insights,human-mouse_aml_15000c_p1000_deepseek_deepseek-v4-flash,56,12,10,1,2,83.3,0,0,0,0,0,0,0,yes,yes
insights,human-mouse_aml_15000c_p1000_deepseek_deepseek-v4-flash,57,5,3,11,2,60.0,0,0,0,0,0,0,0,yes,no
insights,human-mouse_aml_15000c_p1000_deepseek_deepseek-v4-flash,58,5,2,16,3,40.0,0,0,0,1,0,0,1,yes,no
insights,human-mouse_aml_15000c_p1000_deepseek_deepseek-v4-flash,59,5,2,9,3,40.0,0,0,0,0,0,0,0,yes,no
insights,human-mouse_aml_15000c_p1000_deepseek_deepseek-v4-flash,60,6,4,17,2,66.7,0,0,0,0,0,0,0,yes,no
insights,human-mouse_aml_15000c_p1000_deepseek_deepseek-v4-flash,61,5,3,19,2,60.0,0,0,0,2,0,0,2,yes,no
insights,human-mouse_aml_15000c_p1000_deepseek_deepseek-v4-flash,62,94,85,31,9,90.4,0,0,0,0,0,0,0,yes,no
insights,human-mouse_aml_15000c_p1000_deepseek_deepseek-v4-flash,63,14,9,6,5,64.3,0,0,0,0,0,0,0,yes,no
insights,human-mouse_aml_15000c_p1000_deepseek_deepseek-v4-flash,64,36,22,59,14,61.1,0,0,0,0,0,0,0,yes,no
insights,human-mouse_aml_15000c_p1000_deepseek_deepseek-v4-flash,65,142,138,63,4,97.2,0,0,0,0,0,0,0,yes,no
insights,human-mouse_aml_15000c_p1000_deepseek_deepseek-v4-flash,66,50,48,5,2,96.0,0,0,0,0,0,0,0,yes,no
insights,human-mouse_aml_15000c_p1000_deepseek_deepseek-v4-flash,67,6,3,10,3,50.0,0,0,0,2,0,0,2,yes,no
insights,human-mouse_aml_15000c_p1000_deepseek_deepseek-v4-flash,68,5,3,18,2,60.0,0,0,0,0,0,0,0,yes,no
insights,human-mouse_aml_15000c_p1000_deepseek_deepseek-v4-flash,69,8,6,19,2,75.0,0,0,0,0,0,0,0,yes,no
insights,human-mouse_aml_15000c_p1000_deepseek_deepseek-v4-flash,70,3,2,6,1,66.7,0,0,0,0,0,0,0,yes,no
insights,human-mouse_aml_15000c_p1000_deepseek_deepseek-v4-flash,71,14,8,27,6,57.1,0,0,0,0,0,0,0,yes,no
insights,human-mouse_aml_15000c_p1000_deepseek_deepseek-v4-flash,72,5,3,9,2,60.0,0,0,0,1,0,0,1,yes,no
insights,human-mouse_aml_15000c_p1000_deepseek_deepseek-v4-flash,73,5,3,14,2,60.0,0,0,0,2,0,0,2,yes,no
insights,human-mouse_aml_15000c_p1000_deepseek_deepseek-v4-flash,74,7,5,8,2,71.4,0,0,0,0,0,0,0,yes,no
insights,human-mouse_aml_15000c_p1000_deepseek_deepseek-v4-flash,75,5,3,16,2,60.0,0,0,0,0,0,0,0,yes,no
insights,human-mouse_aml_15000c_p1000_deepseek_deepseek-v4-flash,76,5,3,11,2,60.0,0,0,0,0,0,0,0,yes,no
insights,human-mouse_aml_15000c_p1000_deepseek_deepseek-v4-flash,77,5,3,7,2,60.0,0,0,0,1,0,1,2,yes,no
insights,human-mouse_aml_15000c_p1000_deepseek_deepseek-v4-flash,78,7,5,18,2,71.4,0,3,3,0,0,0,0,yes,no
insights,human-mouse_aml_15000c_p1000_deepseek_deepseek-v4-flash,79,19,18,8,1,94.7,0,0,0,3,0,0,3,yes,no
insights,human-mouse_aml_15000c_p1000_deepseek_deepseek-v4-flash,80,17,15,6,2,88.2,0,0,0,1,0,0,1,yes,no
insights,human-mouse_aml_15000c_p1000_deepseek_deepseek-v4-flash,81,6,4,6,2,66.7,0,0,0,0,0,0,0,yes,no
insights,human-mouse_aml_15000c_p1000_deepseek_deepseek-v4-flash,82,11,8,15,3,72.7,0,0,0,0,0,0,0,yes,no
insights,human-mouse_aml_15000c_p1000_deepseek_deepseek-v4-flash,83,5,3,10,2,60.0,0,0,0,0,0,0,0,yes,no
insights,human-mouse_aml_15000c_p1000_deepseek_deepseek-v4-flash,84,7,4,22,3,57.1,0,0,0,0,0,0,0,yes,no
insights,human-mouse_aml_15000c_p1000_deepseek_deepseek-v4-flash,85,43,41,13,2,95.3,0,0,0,2,0,0,2,yes,no
insights,human-mouse_aml_15000c_p1000_deepseek_deepseek-v4-flash,86,5,3,7,2,60.0,0,0,0,0,0,0,0,yes,no
insights,human-mouse_aml_15000c_p1000_deepseek_deepseek-v4-flash,87,3,1,0,2,33.3,0,0,0,0,0,0,0,yes,no
insights,human-mouse_aml_15000c_p1000_deepseek_deepseek-v4-flash,88,22,11,53,11,50.0,0,0,0,0,0,0,0,yes,no
insights,human-mouse_aml_15000c_p1000_deepseek_deepseek-v4-flash,89,13,7,38,6,53.8,0,2,2,3,0,0,3,yes,no
insights,human-mouse_aml_15000c_p1000_deepseek_deepseek-v4-flash,90,5,3,9,2,60.0,0,0,0,0,0,0,0,yes,no
insights,human-mouse_aml_15000c_p1000_deepseek_deepseek-v4-flash,91,8,3,12,5,37.5,0,0,0,2,0,0,2,yes,no
insights,human-mouse_aml_15000c_p1000_deepseek_deepseek-v4-flash,92,8,4,17,4,50.0,0,0,0,1,0,0,1,yes,no
insights,human-mouse_aml_15000c_p1000_deepseek_deepseek-v4-flash,93,9,4,17,5,44.4,0,0,0,0,0,0,0,yes,no
insights,human-mouse_aml_15000c_p1000_deepseek_deepseek-v4-flash,94,19,8,19,11,42.1,0,0,0,0,0,0,0,yes,no
insights,human-mouse_aml_15000c_p1000_deepseek_deepseek-v4-flash,95,12,10,12,2,83.3,0,0,0,4,0,0,4,yes,no
insights,human-mouse_aml_15000c_p1000_deepseek_deepseek-v4-flash,96,57,55,6,2,96.5,0,0,0,0,0,0,0,yes,no
insights,human-mouse_aml_15000c_p1000_deepseek_deepseek-v4-flash,97,5,2,10,3,40.0,0,0,0,1,0,0,1,yes,no
insights,human-mouse_aml_15000c_p1000_deepseek_deepseek-v4-flash,98,6,4,6,2,66.7,0,0,0,0,0,0,0,yes,no
insights,human-mouse_aml_15000c_p1000_deepseek_deepseek-v4-flash,99,3,2,0,1,66.7,0,0,0,0,0,0,0,yes,no
insights,human-mouse_aml_15000c_p1000_deepseek_deepseek-v4-flash,100,73,71,9,2,97.3,0,0,0,0,0,0,0,yes,no
insights,human-mouse_aml_15000c_p1000_deepseek_deepseek-v4-flash,101,8,4,15,4,50.0,0,0,0,0,0,0,0,yes,no
insights,human-mouse_aml_15000c_p1000_deepseek_deepseek-v4-flash,102,3,2,7,1,66.7,0,0,0,0,0,0,0,yes,no
insights,human-mouse_aml_15000c_p1000_deepseek_deepseek-v4-flash,103,3,2,8,1,66.7,0,0,0,0,0,0,0,yes,no
insights,human-mouse_aml_15000c_p1000_deepseek_deepseek-v4-flash,104,7,3,27,4,42.9,0,0,0,2,0,0,2,yes,no
insights,human-mouse_aml_15000c_p1000_deepseek_deepseek-v4-flash,105,14,9,21,5,64.3,0,0,0,0,0,0,0,yes,no
insights,human-mouse_aml_15000c_p1000_deepseek_deepseek-v4-flash,106,6,4,11,2,66.7,0,5,5,0,0,0,0,yes,no
insights,human-mouse_aml_15000c_p1000_deepseek_deepseek-v4-flash,107,5,3,17,2,60.0,0,0,0,3,0,0,3,yes,no
insights,human-mouse_aml_15000c_p1000_deepseek_deepseek-v4-flash,108,5,2,7,3,40.0,0,0,0,0,0,0,0,yes,no
insights,human-mouse_aml_15000c_p1000_deepseek_deepseek-v4-flash,109,16,14,9,2,87.5,0,0,0,0,0,0,0,yes,no
insights,human-mouse_aml_15000c_p1000_deepseek_deepseek-v4-flash,110,5,3,13,2,60.0,0,0,0,0,0,0,0,yes,no
insights,human-mouse_aml_15000c_p1000_deepseek_deepseek-v4-flash,111,5,3,8,2,60.0,0,0,0,0,0,0,0,yes,no
insights,human-mouse_aml_15000c_p1000_deepseek_deepseek-v4-flash,112,83,81,61,2,97.6,0,0,0,0,0,0,0,yes,no
insights,human-mouse_aml_15000c_p1000_deepseek_deepseek-v4-flash,113,5,3,16,2,60.0,0,0,0,2,0,0,2,yes,no
insights,human-mouse_aml_15000c_p1000_deepseek_deepseek-v4-flash,114,5,3,15,2,60.0,0,0,0,1,0,0,1,yes,no
insights,human-mouse_aml_15000c_p1000_deepseek_deepseek-v4-flash,115,9,5,17,4,55.6,0,0,0,0,0,0,0,yes,no
insights,human-mouse_aml_15000c_p1000_deepseek_deepseek-v4-flash,116,5,3,9,2,60.0,0,0,0,0,0,0,0,yes,no
insights,human-mouse_aml_15000c_p1000_deepseek_deepseek-v4-flash,117,5,3,11,2,60.0,0,0,0,1,0,0,1,yes,no
insights,human-mouse_aml_15000c_p1000_deepseek_deepseek-v4-flash,118,5,3,31,2,60.0,0,0,0,1,0,0,1,yes,no
insights,human-mouse_aml_15000c_p1000_deepseek_deepseek-v4-flash,119,64,61,42,3,95.3,0,0,0,0,0,0,0,yes,no
insights,human-mouse_aml_15000c_p1000_deepseek_deepseek-v4-flash,120,23,18,27,5,78.3,0,0,0,0,0,0,0,yes,no
insights,human-mouse_aml_15000c_p1000_deepseek_deepseek-v4-flash,121,5,3,12,2,60.0,0,0,0,1,0,0,1,yes,no
insights,human-mouse_aml_15000c_p1000_deepseek_deepseek-v4-flash,122,12,10,11,2,83.3,0,0,0,0,0,0,0,yes,no
insights,human-mouse_aml_15000c_p1000_deepseek_deepseek-v4-flash,123,3,2,8,1,66.7,0,0,0,0,0,0,0,yes,no
insights,human-mouse_aml_15000c_p1000_deepseek_deepseek-v4-flash,124,8,4,13,4,50.0,0,0,0,0,0,0,0,yes,no
insights,human-mouse_aml_15000c_p1000_deepseek_deepseek-v4-flash,125,5,3,16,2,60.0,0,0,0,1,0,0,1,yes,no
insights,human-mouse_aml_15000c_p1000_deepseek_deepseek-v4-flash,126,5,3,8,2,60.0,0,0,0,1,0,0,1,yes,no
insights,human-mouse_aml_15000c_p1000_deepseek_deepseek-v4-flash,127,5,3,6,2,60.0,0,0,0,0,0,0,0,yes,no
insights,human-mouse_aml_15000c_p1000_deepseek_deepseek-v4-flash,128,16,10,22,6,62.5,0,2,2,0,0,0,0,yes,no
insights,human-mouse_aml_15000c_p1000_deepseek_deepseek-v4-flash,129,8,7,29,1,87.5,0,2,2,6,0,0,6,yes,no
insights,human-mouse_aml_15000c_p1000_deepseek_deepseek-v4-flash,130,5,5,12,0,100.0,0,0,0,0,0,0,0,no,no
insights,human-mouse_aml_15000c_p1000_deepseek_deepseek-v4-flash,131,20,18,14,2,90.0,0,4,4,3,0,0,3,yes,no
insights,human-mouse_aml_15000c_p1000_deepseek_deepseek-v4-flash,132,5,2,6,3,40.0,0,0,0,0,0,0,0,yes,no
insights,human-mouse_aml_15000c_p1000_deepseek_deepseek-v4-flash,133,8,2,4,6,25.0,0,0,0,0,0,0,0,yes,no
insights,human-mouse_aml_15000c_p1000_deepseek_deepseek-v4-flash,134,33,31,12,2,93.9,0,0,0,0,0,0,0,yes,no
insights,human-mouse_aml_15000c_p1000_deepseek_deepseek-v4-flash,135,6,4,5,2,66.7,0,0,0,0,0,0,0,yes,no
insights,human-mouse_aml_15000c_p1000_deepseek_deepseek-v4-flash,136,5,3,8,2,60.0,0,0,0,0,0,0,0,yes,no
insights,human-mouse_aml_15000c_p1000_deepseek_deepseek-v4-flash,137,5,3,13,2,60.0,0,0,0,0,0,0,0,yes,no
insights,human-mouse_aml_15000c_p1000_deepseek_deepseek-v4-flash,138,3,2,7,1,66.7,0,0,0,0,0,0,0,yes,no
insights,human-mouse_aml_15000c_p1000_deepseek_deepseek-v4-flash,139,5,3,19,2,60.0,0,0,0,2,0,0,2,yes,no
insights,human-mouse_aml_15000c_p1000_deepseek_deepseek-v4-flash,140,5,3,9,2,60.0,0,0,0,0,0,0,0,yes,no
insights,human-mouse_aml_15000c_p1000_deepseek_deepseek-v4-flash,141,5,3,4,2,60.0,0,0,0,0,0,0,0,yes,no
insights,human-mouse_aml_15000c_p1000_deepseek_deepseek-v4-flash,142,5,3,13,2,60.0,0,0,0,0,0,0,0,yes,no
insights,human-mouse_aml_15000c_p1000_deepseek_deepseek-v4-flash,143,13,9,20,4,69.2,0,0,0,0,0,0,0,yes,no
insights,human-mouse_aml_15000c_p1000_deepseek_deepseek-v4-flash,144,6,3,10,3,50.0,0,0,0,0,0,0,0,yes,no
insights,human-mouse_aml_15000c_p1000_deepseek_deepseek-v4-flash,145,3,2,10,1,66.7,0,0,0,1,0,0,1,yes,no
insights,human-mouse_aml_15000c_p1000_deepseek_deepseek-v4-flash,146,13,10,8,3,76.9,0,0,0,1,0,0,1,yes,no
insights,human-mouse_aml_15000c_p1000_deepseek_deepseek-v4-flash,147,6,4,18,2,66.7,0,0,0,0,0,0,0,yes,no
insights,human-mouse_aml_15000c_p1000_deepseek_deepseek-v4-flash,148,5,3,8,2,60.0,0,0,0,0,0,0,0,yes,no
insights,human-mouse_aml_15000c_p1000_deepseek_deepseek-v4-flash,149,14,12,12,2,85.7,0,0,0,0,0,0,0,yes,no
insights,human-mouse_aml_15000c_p1000_deepseek_deepseek-v4-flash,150,6,4,18,2,66.7,0,0,0,0,0,0,0,yes,no
insights,human-mouse_aml_15000c_p1000_deepseek_deepseek-v4-flash,151,19,9,43,10,47.4,0,0,0,6,0,0,6,yes,no
insights,human-mouse_aml_15000c_p1000_deepseek_deepseek-v4-flash,152,3,2,6,1,66.7,0,0,0,0,0,0,0,yes,no
insights,human-mouse_aml_15000c_p1000_deepseek_deepseek-v4-flash,153,54,40,133,14,74.1,0,0,0,0,0,0,0,yes,no
insights,human-mouse_aml_15000c_p1000_deepseek_deepseek-v4-flash,154,5,3,4,2,60.0,0,0,0,0,0,0,0,yes,no
insights,human-mouse_aml_15000c_p1000_deepseek_deepseek-v4-flash,155,5,3,9,2,60.0,0,0,0,1,0,0,1,yes,no
insights,human-mouse_aml_15000c_p1000_deepseek_deepseek-v4-flash,156,5,3,11,2,60.0,0,0,0,1,0,0,1,yes,no
insights,human-mouse_aml_15000c_p1000_deepseek_deepseek-v4-flash,157,18,16,8,2,88.9,0,0,0,0,0,0,0,yes,no
insights,human-mouse_aml_15000c_p1000_deepseek_deepseek-v4-flash,158,9,3,20,6,33.3,0,2,2,0,0,0,0,yes,no
insights,human-mouse_aml_15000c_p1000_deepseek_deepseek-v4-flash,159,5,3,9,2,60.0,0,0,0,0,0,0,0,yes,no
insights,human-mouse_aml_15000c_p1000_deepseek_deepseek-v4-flash,160,11,7,16,4,63.6,0,0,0,0,0,0,0,yes,no
insights,human-mouse_aml_15000c_p1000_deepseek_deepseek-v4-flash,161,5,3,16,2,60.0,0,0,0,1,0,0,1,yes,no
insights,human-mouse_aml_15000c_p1000_deepseek_deepseek-v4-flash,162,9,9,0,0,100.0,0,0,0,0,0,0,0,yes,no
insights,human-mouse_aml_15000c_p1000_deepseek_deepseek-v4-flash,163,5,3,24,2,60.0,0,0,0,3,0,0,3,yes,no
insights,human-mouse_aml_15000c_p1000_deepseek_deepseek-v4-flash,164,28,22,55,6,78.6,0,0,0,5,0,0,5,yes,no
insights,human-mouse_aml_15000c_p1000_deepseek_deepseek-v4-flash,165,5,2,8,3,40.0,0,0,0,1,0,0,1,yes,no
insights,human-mouse_aml_15000c_p1000_deepseek_deepseek-v4-flash,166,10,5,31,5,50.0,0,0,0,3,0,0,3,yes,no
insights,human-mouse_aml_15000c_p1000_deepseek_deepseek-v4-flash,167,12,7,28,5,58.3,0,0,0,1,0,0,1,yes,no
insights,human-mouse_aml_15000c_p1000_deepseek_deepseek-v4-flash,168,4,3,8,1,75.0,0,0,0,1,0,0,1,yes,no
insights,human-mouse_aml_15000c_p1000_deepseek_deepseek-v4-flash,169,9,2,9,7,22.2,0,3,3,0,0,0,0,yes,no
insights,human-mouse_aml_15000c_p1000_deepseek_deepseek-v4-flash,170,15,10,17,5,66.7,0,0,0,1,0,0,1,yes,no
insights,human-mouse_aml_15000c_p1000_deepseek_deepseek-v4-flash,171,17,15,20,2,88.2,0,0,0,0,0,0,0,yes,no
insights,human-mouse_aml_15000c_p1000_deepseek_deepseek-v4-flash,172,5,3,10,2,60.0,0,0,0,0,0,0,0,yes,no
insights,human-mouse_aml_15000c_p1000_deepseek_deepseek-v4-flash,173,9,5,13,4,55.6,0,0,0,0,0,0,0,yes,no
insights,human-mouse_aml_15000c_p1000_deepseek_deepseek-v4-flash,174,13,11,22,2,84.6,0,0,0,0,0,0,0,yes,no
insights,human-mouse_aml_15000c_p1000_deepseek_deepseek-v4-flash,175,3,1,3,2,33.3,0,0,0,0,0,0,0,yes,no
insights,human-mouse_aml_15000c_p1000_deepseek_deepseek-v4-flash,176,5,3,8,2,60.0,0,0,0,0,0,0,0,yes,no
insights,human-mouse_aml_15000c_p1000_deepseek_deepseek-v4-flash,177,5,3,13,2,60.0,0,0,0,0,0,0,0,yes,no
insights,human-mouse_aml_15000c_p1000_deepseek_deepseek-v4-flash,178,25,22,2,3,88.0,0,0,0,0,0,0,0,yes,yes
insights,human-mouse_aml_15000c_p1000_deepseek_deepseek-v4-flash,179,11,8,17,3,72.7,0,0,0,0,0,0,0,yes,no
insights,human-mouse_aml_15000c_p1000_deepseek_deepseek-v4-flash,180,3,3,1,0,100.0,0,0,0,0,0,0,0,no,no
insights,human-mouse_aml_15000c_p1000_deepseek_deepseek-v4-flash,181,15,9,24,6,60.0,0,0,0,5,0,0,5,yes,no
insights,human-mouse_aml_15000c_p1000_deepseek_deepseek-v4-flash,182,8,6,16,2,75.0,0,0,0,3,0,0,3,yes,no
insights,human-mouse_aml_15000c_p1000_deepseek_deepseek-v4-flash,183,5,3,15,2,60.0,0,0,0,0,0,0,0,yes,no
insights,human-mouse_aml_15000c_p1000_deepseek_deepseek-v4-flash,184,6,4,5,2,66.7,0,0,0,0,0,0,0,yes,no
insights,human-mouse_aml_15000c_p1000_deepseek_deepseek-v4-flash,185,5,3,13,2,60.0,0,0,0,1,0,0,1,yes,no
insights,human-mouse_aml_15000c_p1000_deepseek_deepseek-v4-flash,186,12,9,18,3,75.0,0,0,0,3,0,0,3,yes,no
insights,human-mouse_aml_15000c_p1000_deepseek_deepseek-v4-flash,187,6,3,16,3,50.0,0,0,0,4,0,0,4,yes,no
insights,human-mouse_aml_15000c_p1000_deepseek_deepseek-v4-flash,188,5,3,12,2,60.0,0,0,0,0,0,0,0,yes,no
insights,human-mouse_aml_15000c_p1000_deepseek_deepseek-v4-flash,189,13,11,1,2,84.6,0,0,0,0,0,0,0,yes,yes
insights,human-mouse_aml_15000c_p1000_deepseek_deepseek-v4-flash,190,8,5,5,3,62.5,0,0,0,0,0,0,0,yes,no
insights,human-mouse_aml_15000c_p1000_deepseek_deepseek-v4-flash,191,11,9,6,2,81.8,0,0,0,0,0,0,0,yes,no
insights,human-mouse_aml_15000c_p1000_deepseek_deepseek-v4-flash,192,12,9,19,3,75.0,0,0,0,0,0,0,0,yes,no
insights,human-mouse_aml_15000c_p1000_deepseek_deepseek-v4-flash,193,5,3,6,2,60.0,0,0,0,0,0,0,0,yes,no
insights,human-mouse_aml_15000c_p1000_deepseek_deepseek-v4-flash,194,13,7,7,6,53.8,0,0,0,0,0,0,0,yes,no
insights,human-mouse_aml_15000c_p1000_deepseek_deepseek-v4-flash,195,5,3,8,2,60.0,0,0,0,0,0,0,0,yes,no
insights,human-mouse_aml_15000c_p1000_deepseek_deepseek-v4-flash,196,11,6,17,5,54.5,0,0,0,0,0,0,0,no,no
insights,human-mouse_aml_15000c_p1000_deepseek_deepseek-v4-flash,197,3,2,8,1,66.7,0,0,0,0,0,0,0,yes,no
insights,human-mouse_aml_15000c_p1000_deepseek_deepseek-v4-flash,198,5,3,11,2,60.0,0,0,0,0,0,0,0,yes,no
insights,human-mouse_aml_15000c_p1000_deepseek_deepseek-v4-flash,199,18,17,2,1,94.4,0,0,0,0,0,0,0,yes,no
insights,human-mouse_aml_15000c_p1000_deepseek_deepseek-v4-flash,200,5,3,5,2,60.0,0,0,0,0,0,0,0,yes,no
insights,human-mouse_aml_15000c_p1000_deepseek_deepseek-v4-flash,201,8,3,21,5,37.5,0,0,0,0,0,0,0,yes,no
insights,human-mouse_aml_15000c_p1000_deepseek_deepseek-v4-flash,202,6,4,14,2,66.7,0,0,0,0,0,0,0,yes,no
insights,human-mouse_aml_15000c_p1000_deepseek_deepseek-v4-flash,203,7,6,8,1,85.7,0,0,0,0,0,0,0,yes,no
insights,human-mouse_aml_15000c_p1000_deepseek_deepseek-v4-flash,204,142,140,5,2,98.6,0,0,0,0,0,0,0,yes,no
insights,human-mouse_aml_15000c_p1000_deepseek_deepseek-v4-flash,205,19,11,21,8,57.9,0,0,0,2,0,0,2,yes,no
insights,human-mouse_aml_15000c_p1000_deepseek_deepseek-v4-flash,206,6,5,6,1,83.3,0,0,0,1,0,0,1,yes,no
insights,human-mouse_aml_15000c_p1000_deepseek_deepseek-v4-flash,207,5,3,21,2,60.0,0,0,0,0,0,0,0,yes,no
insights,human-mouse_aml_15000c_p1000_deepseek_deepseek-v4-flash,208,5,3,19,2,60.0,0,0,0,4,0,0,4,yes,no
insights,human-mouse_aml_15000c_p1000_deepseek_deepseek-v4-flash,209,8,6,7,2,75.0,0,0,0,0,0,0,0,yes,no
insights,human-mouse_aml_15000c_p1000_deepseek_deepseek-v4-flash,210,7,3,17,4,42.9,0,0,0,2,0,0,2,yes,no
insights,human-mouse_aml_15000c_p1000_deepseek_deepseek-v4-flash,211,14,12,7,2,85.7,0,0,0,0,0,0,0,yes,no
insights,human-mouse_aml_15000c_p1000_deepseek_deepseek-v4-flash,212,6,4,22,2,66.7,0,0,0,0,0,0,0,yes,no
insights,human-mouse_aml_15000c_p1000_deepseek_deepseek-v4-flash,213,6,5,1,1,83.3,0,0,0,0,0,0,0,yes,no
insights,human-mouse_aml_15000c_p1000_deepseek_deepseek-v4-flash,214,15,6,12,9,40.0,0,4,4,0,0,0,0,yes,no
insights,human-mouse_aml_15000c_p1000_deepseek_deepseek-v4-flash,215,6,4,26,2,66.7,0,0,0,0,0,0,0,yes,no
insights,human-mouse_aml_15000c_p1000_deepseek_deepseek-v4-flash,216,7,0,24,7,0.0,0,0,0,1,0,0,1,yes,no
insights,human-mouse_aml_15000c_p1000_deepseek_deepseek-v4-flash,217,6,4,4,2,66.7,0,0,0,0,0,0,0,yes,no
insights,human-mouse_aml_15000c_p1000_deepseek_deepseek-v4-flash,218,6,3,16,3,50.0,0,0,0,0,0,0,0,yes,no
insights,human-mouse_aml_15000c_p1000_deepseek_deepseek-v4-flash,219,19,17,11,2,89.5,0,0,0,4,0,0,4,yes,no
insights,human-mouse_aml_15000c_p1000_deepseek_deepseek-v4-flash,220,12,11,23,1,91.7,0,2,2,4,0,0,4,yes,no
insights,human-mouse_aml_15000c_p1000_deepseek_deepseek-v4-flash,221,6,4,15,2,66.7,0,0,0,4,0,0,4,yes,no
insights,human-mouse_aml_15000c_p1000_deepseek_deepseek-v4-flash,222,5,3,14,2,60.0,0,0,0,0,0,0,0,yes,no
insights,human-mouse_aml_15000c_p1000_deepseek_deepseek-v4-flash,223,5,3,7,2,60.0,0,0,0,0,0,0,0,yes,no
insights,human-mouse_aml_15000c_p1000_deepseek_deepseek-v4-flash,224,6,3,18,3,50.0,0,0,0,1,0,0,1,yes,no
insights,human-mouse_aml_15000c_p1000_deepseek_deepseek-v4-flash,225,11,9,8,2,81.8,0,0,0,0,0,0,0,yes,no
insights,human-mouse_aml_15000c_p1000_deepseek_deepseek-v4-flash,226,5,3,31,2,60.0,0,0,0,1,0,0,1,yes,no
insights,human-mouse_aml_15000c_p1000_deepseek_deepseek-v4-flash,227,7,3,11,4,42.9,0,0,0,5,0,0,5,yes,no
insights,human-mouse_aml_15000c_p1000_deepseek_deepseek-v4-flash,228,33,17,54,16,51.5,0,0,0,0,0,0,0,yes,no
insights,human-mouse_aml_15000c_p1000_deepseek_deepseek-v4-flash,229,6,4,16,2,66.7,0,0,0,0,0,0,0,yes,no
insights,human-mouse_aml_15000c_p1000_deepseek_deepseek-v4-flash,230,6,3,11,3,50.0,0,4,4,0,0,0,0,yes,no
insights,human-mouse_aml_15000c_p1000_deepseek_deepseek-v4-flash,231,23,23,20,0,100.0,0,2,2,6,0,0,6,yes,no
insights,human-mouse_aml_15000c_p1000_deepseek_deepseek-v4-flash,232,127,80,22,47,63.0,0,0,0,0,0,0,0,yes,no
insights,human-mouse_aml_15000c_p1000_deepseek_deepseek-v4-flash,233,27,14,12,13,51.9,0,0,0,0,0,0,0,yes,no
insights,human-mouse_aml_15000c_p1000_deepseek_deepseek-v4-flash,234,6,4,7,2,66.7,0,0,0,0,0,0,0,yes,no
insights,human-mouse_aml_15000c_p1000_deepseek_deepseek-v4-flash,235,6,4,8,2,66.7,0,0,0,0,0,0,0,yes,no
insights,human-mouse_aml_15000c_p1000_deepseek_deepseek-v4-flash,236,5,3,9,2,60.0,0,0,0,2,0,0,2,yes,no
insights,human-mouse_aml_15000c_p1000_deepseek_deepseek-v4-flash,237,5,3,4,2,60.0,0,0,0,0,0,0,0,yes,no
insights,human-mouse_aml_15000c_p1000_deepseek_deepseek-v4-flash,238,4,3,8,1,75.0,0,0,0,0,0,0,0,yes,no
insights,human-mouse_aml_15000c_p1000_deepseek_deepseek-v4-flash,239,11,6,21,5,54.5,0,0,0,2,0,0,2,yes,no
insights,human-mouse_aml_15000c_p1000_deepseek_deepseek-v4-flash,240,39,36,9,3,92.3,0,0,0,0,0,0,0,yes,no
insights,human-mouse_aml_15000c_p1000_deepseek_deepseek-v4-flash,241,5,2,11,3,40.0,0,0,0,1,0,0,1,yes,no
insights,human-mouse_aml_15000c_p1000_deepseek_deepseek-v4-flash,242,8,6,6,2,75.0,0,0,0,0,0,0,0,yes,no
insights,human-mouse_aml_15000c_p1000_deepseek_deepseek-v4-flash,243,6,3,15,3,50.0,0,0,0,1,0,0,1,yes,no
insights,human-mouse_aml_15000c_p1000_deepseek_deepseek-v4-flash,244,5,3,9,2,60.0,0,0,0,0,0,0,0,yes,no
insights,human-mouse_aml_15000c_p1000_deepseek_deepseek-v4-flash,245,20,16,9,4,80.0,0,0,0,4,0,0,4,yes,no
insights,human-mouse_aml_15000c_p1000_deepseek_deepseek-v4-flash,246,5,5,13,0,100.0,0,0,0,1,0,0,1,no,no
insights,human-mouse_aml_15000c_p1000_deepseek_deepseek-v4-flash,247,6,4,8,2,66.7,0,0,0,0,0,0,0,yes,no
insights,human-mouse_aml_15000c_p1000_deepseek_deepseek-v4-flash,248,5,3,15,2,60.0,0,0,0,0,0,0,0,yes,no
insights,human-mouse_aml_15000c_p1000_deepseek_deepseek-v4-flash,249,5,3,10,2,60.0,0,0,0,0,0,0,0,yes,no
insights,human-mouse_aml_15000c_p1000_deepseek_deepseek-v4-flash,250,5,3,12,2,60.0,0,0,0,1,0,0,1,yes,no
insights,human-mouse_aml_15000c_p1000_deepseek_deepseek-v4-flash,251,7,5,1,2,71.4,0,0,0,0,0,0,0,yes,no
insights,human-mouse_aml_15000c_p1000_deepseek_deepseek-v4-flash,252,7,5,4,2,71.4,0,0,0,0,0,0,0,yes,no
insights,human-mouse_aml_15000c_p1000_deepseek_deepseek-v4-flash,253,11,5,24,6,45.5,0,0,0,0,0,0,0,yes,no
insights,human-mouse_aml_15000c_p1000_deepseek_deepseek-v4-flash,254,7,3,11,4,42.9,0,0,0,0,0,0,0,yes,no
insights,human-mouse_aml_15000c_p1000_deepseek_deepseek-v4-flash,255,7,2,11,5,28.6,0,0,0,0,0,0,0,yes,no
insights,human-mouse_aml_15000c_p1000_deepseek_deepseek-v4-flash,256,20,12,35,8,60.0,0,0,0,0,0,0,0,yes,no
insights,human-mouse_aml_15000c_p1000_deepseek_deepseek-v4-flash,257,5,3,14,2,60.0,0,0,0,0,0,0,0,yes,no
insights,human-mouse_aml_15000c_p1000_deepseek_deepseek-v4-flash,258,10,5,8,5,50.0,0,0,0,0,0,0,0,yes,no
insights,human-mouse_aml_15000c_p1000_deepseek_deepseek-v4-flash,259,7,4,6,3,57.1,0,0,0,0,0,0,0,yes,no
insights,human-mouse_aml_15000c_p1000_deepseek_deepseek-v4-flash,260,5,3,11,2,60.0,0,0,0,0,0,0,0,yes,no
insights,human-mouse_aml_15000c_p1000_deepseek_deepseek-v4-flash,261,5,3,13,2,60.0,0,0,0,1,0,0,1,yes,no
insights,human-mouse_aml_15000c_p1000_deepseek_deepseek-v4-flash,262,5,3,8,2,60.0,0,0,0,2,0,0,2,yes,no
insights,human-mouse_aml_15000c_p1000_deepseek_deepseek-v4-flash,263,5,3,4,2,60.0,0,0,0,0,0,0,0,yes,no
insights,human-mouse_aml_15000c_p1000_deepseek_deepseek-v4-flash,264,5,3,8,2,60.0,0,0,0,0,0,0,0,yes,no
insights,human-mouse_aml_15000c_p1000_deepseek_deepseek-v4-flash,265,5,3,16,2,60.0,0,0,0,0,0,0,0,yes,no
insights,human-mouse_aml_15000c_p1000_deepseek_deepseek-v4-flash,266,5,3,20,2,60.0,0,0,0,1,0,0,1,yes,no
insights,human-mouse_aml_15000c_p1000_deepseek_deepseek-v4-flash,267,135,133,2,2,98.5,0,0,0,0,0,0,0,yes,no
insights,human-mouse_aml_15000c_p1000_deepseek_deepseek-v4-flash,268,9,7,4,2,77.8,0,0,0,0,0,0,0,yes,no
insights,human-mouse_aml_15000c_p1000_deepseek_deepseek-v4-flash,269,24,16,23,8,66.7,0,0,0,0,0,0,0,yes,no
insights,human-mouse_aml_15000c_p1000_deepseek_deepseek-v4-flash,270,8,6,16,2,75.0,0,2,2,3,0,0,3,yes,no
insights,human-mouse_aml_15000c_p1000_deepseek_deepseek-v4-flash,271,5,3,6,2,60.0,0,0,0,0,0,0,0,yes,no
insights,human-mouse_aml_15000c_p1000_deepseek_deepseek-v4-flash,272,4,2,1,2,50.0,0,0,0,0,0,0,0,yes,no
insights,human-mouse_aml_15000c_p1000_deepseek_deepseek-v4-flash,273,5,3,4,2,60.0,0,0,0,0,0,0,0,yes,no
insights,human-mouse_aml_15000c_p1000_deepseek_deepseek-v4-flash,274,4,3,8,1,75.0,0,0,0,0,0,0,0,yes,no
insights,human-mouse_aml_15000c_p1000_deepseek_deepseek-v4-flash,275,11,9,8,2,81.8,0,0,0,2,0,0,2,no,no
insights,human-mouse_aml_15000c_p1000_deepseek_deepseek-v4-flash,276,128,126,37,2,98.4,0,0,0,0,0,0,0,yes,no
insights,human-mouse_aml_15000c_p1000_deepseek_deepseek-v4-flash,277,3,1,0,2,33.3,0,0,0,0,0,0,0,yes,no
insights,human-mouse_aml_15000c_p1000_deepseek_deepseek-v4-flash,278,5,3,18,2,60.0,0,0,0,2,0,0,2,yes,no
insights,human-mouse_aml_15000c_p1000_deepseek_deepseek-v4-flash,279,4,3,3,1,75.0,0,0,0,1,0,0,1,yes,no
insights,human-mouse_aml_15000c_p1000_deepseek_deepseek-v4-flash,280,7,3,15,4,42.9,0,0,0,0,0,0,0,yes,no
insights,human-mouse_aml_15000c_p1000_deepseek_deepseek-v4-flash,281,150,147,103,3,98.0,1,1,0,0,0,1,1,yes,no
insights,human-mouse_aml_15000c_p1000_deepseek_deepseek-v4-flash,282,5,3,17,2,60.0,0,0,0,0,0,0,0,yes,no
insights,human-mouse_aml_15000c_p1000_deepseek_deepseek-v4-flash,283,4,3,4,1,75.0,0,0,0,0,0,0,0,yes,no
insights,human-mouse_aml_15000c_p1000_deepseek_deepseek-v4-flash,284,5,3,12,2,60.0,0,0,0,2,0,0,2,yes,no
insights,human-mouse_aml_15000c_p1000_deepseek_deepseek-v4-flash,285,11,9,6,2,81.8,0,0,0,0,0,0,0,yes,no
insights,human-mouse_aml_15000c_p1000_deepseek_deepseek-v4-flash,286,5,3,10,2,60.0,0,0,0,0,0,0,0,yes,no
insights,human-mouse_aml_15000c_p1000_deepseek_deepseek-v4-flash,287,6,4,13,2,66.7,0,0,0,0,0,0,0,yes,no
insights,human-mouse_aml_15000c_p1000_deepseek_deepseek-v4-flash,288,8,7,21,1,87.5,0,0,0,1,0,0,1,yes,no
insights,human-mouse_aml_15000c_p1000_deepseek_deepseek-v4-flash,289,6,3,25,3,50.0,0,0,0,0,0,0,0,yes,no
insights,human-mouse_aml_15000c_p1000_deepseek_deepseek-v4-flash,290,8,6,24,2,75.0,0,0,0,2,0,0,2,yes,no
insights,human-mouse_aml_15000c_p1000_deepseek_deepseek-v4-flash,291,10,10,20,0,100.0,0,4,4,0,0,0,0,yes,no
insights,human-mouse_aml_15000c_p1000_deepseek_deepseek-v4-flash,292,9,7,9,2,77.8,0,0,0,3,0,0,3,yes,no
insights,human-mouse_aml_15000c_p1000_deepseek_deepseek-v4-flash,293,8,6,7,2,75.0,0,0,0,1,0,0,1,yes,no
insights,human-mouse_aml_15000c_p1000_deepseek_deepseek-v4-flash,294,9,7,13,2,77.8,0,2,2,0,0,0,0,yes,no
insights,human-mouse_aml_15000c_p1000_deepseek_deepseek-v4-flash,295,3,1,0,2,33.3,0,0,0,0,0,0,0,yes,no
insights,human-mouse_aml_15000c_p1000_deepseek_deepseek-v4-flash,296,12,9,4,3,75.0,0,0,0,0,0,0,0,yes,no
insights,human-mouse_aml_15000c_p1000_deepseek_deepseek-v4-flash,297,5,3,10,2,60.0,0,0,0,0,0,0,0,yes,no
insights,human-mouse_aml_15000c_p1000_deepseek_deepseek-v4-flash,298,6,4,16,2,66.7,0,0,0,0,0,0,0,yes,no
insights,human-mouse_aml_15000c_p1000_deepseek_deepseek-v4-flash,299,5,3,4,2,60.0,0,0,0,2,0,0,2,yes,no
insights,human-mouse_aml_15000c_p1000_deepseek_deepseek-v4-flash,300,17,13,29,4,76.5,0,0,0,7,0,0,7,yes,no
insights,human-mouse_aml_15000c_p1000_deepseek_deepseek-v4-flash,301,14,11,29,3,78.6,0,0,0,6,0,0,6,yes,no
insights,human-mouse_aml_15000c_p1000_deepseek_deepseek-v4-flash,302,6,3,8,3,50.0,0,0,0,0,0,0,0,yes,no
insights,human-mouse_aml_15000c_p1000_deepseek_deepseek-v4-flash,303,8,6,14,2,75.0,0,0,0,1,0,0,1,yes,no
insights,human-mouse_aml_15000c_p1000_deepseek_deepseek-v4-flash,304,5,3,19,2,60.0,0,0,0,2,0,0,2,yes,no
insights,human-mouse_aml_15000c_p1000_deepseek_deepseek-v4-flash,305,5,3,14,2,60.0,0,0,0,1,0,0,1,yes,no
insights,human-mouse_aml_15000c_p1000_deepseek_deepseek-v4-flash,306,5,3,5,2,60.0,0,0,0,0,0,0,0,yes,no
insights,human-mouse_aml_15000c_p1000_deepseek_deepseek-v4-flash,307,5,3,7,2,60.0,0,0,0,0,0,0,0,yes,no
insights,human-mouse_aml_15000c_p1000_deepseek_deepseek-v4-flash,308,10,8,18,2,80.0,0,0,0,2,0,0,2,yes,no
insights,human-mouse_aml_15000c_p1000_deepseek_deepseek-v4-flash,309,12,9,29,3,75.0,0,0,0,6,0,0,6,yes,no
insights,human-mouse_aml_15000c_p1000_deepseek_deepseek-v4-flash,310,7,4,14,3,57.1,0,0,0,3,0,0,3,yes,no
insights,human-mouse_aml_15000c_p1000_deepseek_deepseek-v4-flash,311,9,5,21,4,55.6,0,0,0,0,0,0,0,yes,no
insights,human-mouse_aml_15000c_p1000_deepseek_deepseek-v4-flash,312,3,2,5,1,66.7,0,0,0,0,0,0,0,yes,no
insights,human-mouse_aml_15000c_p1000_deepseek_deepseek-v4-flash,313,5,3,21,2,60.0,0,0,0,0,0,0,0,yes,no
insights,human-mouse_aml_15000c_p1000_deepseek_deepseek-v4-flash,314,5,3,12,2,60.0,0,0,0,2,0,0,2,yes,no
insights,human-mouse_aml_15000c_p1000_deepseek_deepseek-v4-flash,315,11,7,19,4,63.6,0,0,0,6,0,0,6,yes,no
insights,human-mouse_aml_15000c_p1000_deepseek_deepseek-v4-flash,316,7,4,21,3,57.1,0,0,0,0,0,0,0,yes,no
insights,human-mouse_aml_15000c_p1000_deepseek_deepseek-v4-flash,317,6,4,15,2,66.7,0,0,0,2,0,0,2,yes,no
insights,human-mouse_aml_15000c_p1000_deepseek_deepseek-v4-flash,318,6,4,5,2,66.7,0,0,0,0,0,0,0,yes,no
insights,human-mouse_aml_15000c_p1000_deepseek_deepseek-v4-flash,319,28,26,1,2,92.9,0,0,0,0,0,0,0,yes,yes
insights,human-mouse_aml_15000c_p1000_deepseek_deepseek-v4-flash,320,15,11,12,4,73.3,0,0,0,0,0,0,0,yes,no
insights,human-mouse_aml_15000c_p1000_deepseek_deepseek-v4-flash,321,11,9,10,2,81.8,0,0,0,0,0,0,0,yes,no
insights,human-mouse_aml_15000c_p1000_deepseek_deepseek-v4-flash,322,14,11,20,3,78.6,0,0,0,6,0,0,6,yes,no
insights,human-mouse_aml_15000c_p1000_deepseek_deepseek-v4-flash,323,9,7,4,2,77.8,0,0,0,0,0,0,0,yes,no
insights,human-mouse_aml_15000c_p1000_deepseek_deepseek-v4-flash,324,7,4,38,3,57.1,0,3,3,5,0,0,5,yes,no
insights,human-mouse_aml_15000c_p1000_deepseek_deepseek-v4-flash,325,8,6,10,2,75.0,0,0,0,0,0,0,0,yes,no
insights,human-mouse_aml_15000c_p1000_deepseek_deepseek-v4-flash,326,6,4,6,2,66.7,0,0,0,0,0,0,0,yes,no
insights,human-mouse_aml_15000c_p1000_deepseek_deepseek-v4-flash,327,5,3,8,2,60.0,0,0,0,0,0,0,0,yes,no
insights,human-mouse_aml_15000c_p1000_deepseek_deepseek-v4-flash,328,5,3,7,2,60.0,0,0,0,0,0,0,0,yes,no
insights,human-mouse_aml_15000c_p1000_deepseek_deepseek-v4-flash,329,9,7,6,2,77.8,0,0,0,0,0,0,0,yes,no
insights,human-mouse_aml_15000c_p1000_deepseek_deepseek-v4-flash,330,11,9,7,2,81.8,0,0,0,0,0,0,0,yes,no
insights,human-mouse_aml_15000c_p1000_deepseek_deepseek-v4-flash,331,5,3,6,2,60.0,0,0,0,0,0,0,0,yes,no
insights,human-mouse_aml_15000c_p1000_deepseek_deepseek-v4-flash,332,5,3,13,2,60.0,0,0,0,0,0,0,0,yes,no
insights,human-mouse_aml_15000c_p1000_deepseek_deepseek-v4-flash,333,5,3,11,2,60.0,0,0,0,1,0,0,1,yes,no
insights,human-mouse_aml_15000c_p1000_deepseek_deepseek-v4-flash,334,5,3,9,2,60.0,0,0,0,0,0,0,0,yes,no
insights,human-mouse_aml_15000c_p1000_deepseek_deepseek-v4-flash,335,6,4,14,2,66.7,0,0,0,0,0,0,0,yes,no
insights,human-mouse_aml_15000c_p1000_deepseek_deepseek-v4-flash,336,4,2,8,2,50.0,0,0,0,0,0,0,0,yes,no
insights,human-mouse_aml_15000c_p1000_deepseek_deepseek-v4-flash,337,5,3,6,2,60.0,0,0,0,0,0,0,0,yes,no
insights,human-mouse_aml_15000c_p1000_deepseek_deepseek-v4-flash,338,5,3,24,2,60.0,0,0,0,1,0,0,1,yes,no
insights,human-mouse_aml_15000c_p1000_deepseek_deepseek-v4-flash,339,161,160,157,1,99.4,0,0,0,0,0,0,0,no,no
insights,human-mouse_aml_15000c_p1000_deepseek_deepseek-v4-flash,340,4,2,1,2,50.0,0,0,0,0,0,0,0,yes,no
insights,human-mouse_aml_15000c_p1000_deepseek_deepseek-v4-flash,341,6,3,14,3,50.0,0,0,0,0,0,0,0,yes,no
insights,human-mouse_aml_15000c_p1000_deepseek_deepseek-v4-flash,342,4,3,3,1,75.0,0,0,0,0,0,0,0,yes,no
insights,human-mouse_aml_15000c_p1000_deepseek_deepseek-v4-flash,343,11,5,18,6,45.5,0,0,0,6,0,0,6,yes,no
insights,human-mouse_aml_15000c_p1000_deepseek_deepseek-v4-flash,344,5,3,12,2,60.0,0,0,0,1,0,0,1,yes,no
insights,human-mouse_aml_15000c_p1000_deepseek_deepseek-v4-flash,345,5,3,13,2,60.0,0,0,0,1,0,0,1,yes,no
insights,human-mouse_aml_15000c_p1000_deepseek_deepseek-v4-flash,346,11,9,7,2,81.8,0,0,0,0,0,0,0,yes,no
insights,human-mouse_aml_15000c_p1000_deepseek_deepseek-v4-flash,347,7,5,9,2,71.4,0,2,2,0,0,0,0,yes,no
insights,human-mouse_aml_15000c_p1000_deepseek_deepseek-v4-flash,348,6,4,8,2,66.7,0,0,0,0,0,0,0,yes,no
insights,human-mouse_aml_15000c_p1000_deepseek_deepseek-v4-flash,349,4,4,7,0,100.0,0,0,0,0,0,0,0,no,no
insights,human-mouse_aml_15000c_p1000_deepseek_deepseek-v4-flash,350,6,4,5,2,66.7,0,0,0,0,0,0,0,yes,no
insights,human-mouse_aml_15000c_p1000_deepseek_deepseek-v4-flash,351,7,5,6,2,71.4,0,0,0,3,0,0,3,yes,no
insights,human-mouse_aml_15000c_p1000_deepseek_deepseek-v4-flash,352,38,30,2,8,78.9,0,0,0,0,0,0,0,yes,no
insights,human-mouse_aml_15000c_p1000_deepseek_deepseek-v4-flash,353,6,5,8,1,83.3,0,0,0,2,0,0,2,yes,no
insights,human-mouse_aml_15000c_p1000_deepseek_deepseek-v4-flash,354,16,13,5,3,81.2,0,0,0,0,0,0,0,yes,no
insights,human-mouse_aml_15000c_p1000_deepseek_deepseek-v4-flash,355,12,8,25,4,66.7,0,0,0,5,0,0,5,yes,no
insights,human-mouse_aml_15000c_p1000_deepseek_deepseek-v4-flash,356,5,3,8,2,60.0,0,0,0,1,0,0,1,yes,no
insights,human-mouse_aml_15000c_p1000_deepseek_deepseek-v4-flash,357,5,3,21,2,60.0,0,0,0,0,0,0,0,yes,no
insights,human-mouse_aml_15000c_p1000_deepseek_deepseek-v4-flash,358,8,4,16,4,50.0,0,0,0,1,0,0,1,yes,no
insights,human-mouse_aml_15000c_p1000_deepseek_deepseek-v4-flash,359,6,3,19,3,50.0,0,0,0,0,0,0,0,yes,no
insights,human-mouse_aml_15000c_p1000_deepseek_deepseek-v4-flash,360,6,3,7,3,50.0,0,0,0,0,0,0,0,yes,no
insights,human-mouse_aml_15000c_p1000_deepseek_deepseek-v4-flash,361,4,2,3,2,50.0,0,0,0,0,0,0,0,yes,no
insights,human-mouse_aml_15000c_p1000_deepseek_deepseek-v4-flash,362,3,2,5,1,66.7,0,0,0,0,0,0,0,yes,no
insights,human-mouse_aml_15000c_p1000_deepseek_deepseek-v4-flash,363,5,3,5,2,60.0,0,0,0,0,0,0,0,yes,no
insights,human-mouse_aml_15000c_p1000_deepseek_deepseek-v4-flash,364,8,5,31,3,62.5,0,0,0,2,0,0,2,yes,no
insights,human-mouse_aml_15000c_p1000_deepseek_deepseek-v4-flash,365,3,2,5,1,66.7,0,0,0,0,0,0,0,yes,no
insights,human-mouse_aml_15000c_p1000_deepseek_deepseek-v4-flash,366,16,11,21,5,68.8,0,0,0,0,0,0,0,yes,no
insights,human-mouse_aml_15000c_p1000_deepseek_deepseek-v4-flash,367,41,39,21,2,95.1,0,0,0,0,0,0,0,yes,no
insights,human-mouse_aml_15000c_p1000_deepseek_deepseek-v4-flash,368,10,5,22,5,50.0,0,0,0,0,0,0,0,yes,no
insights,human-mouse_aml_15000c_p1000_deepseek_deepseek-v4-flash,369,8,6,4,2,75.0,0,0,0,0,0,0,0,yes,no
insights,human-mouse_aml_15000c_p1000_deepseek_deepseek-v4-flash,370,16,13,11,3,81.2,0,0,0,3,0,0,3,yes,no
insights,human-mouse_aml_15000c_p1000_deepseek_deepseek-v4-flash,371,13,7,4,6,53.8,0,0,0,0,0,0,0,yes,no
insights,human-mouse_aml_15000c_p1000_deepseek_deepseek-v4-flash,372,5,3,12,2,60.0,0,0,0,1,0,0,1,yes,no
insights,human-mouse_aml_15000c_p1000_deepseek_deepseek-v4-flash,373,10,8,10,2,80.0,0,0,0,3,0,0,3,yes,no
insights,human-mouse_aml_15000c_p1000_deepseek_deepseek-v4-flash,374,76,74,11,2,97.4,0,0,0,0,0,0,0,yes,no
insights,human-mouse_aml_15000c_p1000_deepseek_deepseek-v4-flash,375,6,3,12,3,50.0,0,0,0,0,0,0,0,yes,no
insights,human-mouse_aml_15000c_p1000_deepseek_deepseek-v4-flash,376,5,3,8,2,60.0,0,0,0,0,0,0,0,yes,no
insights,human-mouse_aml_15000c_p1000_deepseek_deepseek-v4-flash,377,21,19,5,2,90.5,0,0,0,0,0,0,0,yes,no
insights,human-mouse_aml_15000c_p1000_deepseek_deepseek-v4-flash,378,5,3,26,2,60.0,0,0,0,3,0,0,3,yes,no
insights,human-mouse_aml_15000c_p1000_deepseek_deepseek-v4-flash,379,6,4,14,2,66.7,0,0,0,0,0,0,0,yes,no
insights,human-mouse_aml_15000c_p1000_deepseek_deepseek-v4-flash,380,6,4,13,2,66.7,0,0,0,0,0,0,0,yes,no
insights,human-mouse_aml_15000c_p1000_deepseek_deepseek-v4-flash,381,5,3,7,2,60.0,0,0,0,2,0,0,2,yes,no
insights,human-mouse_aml_15000c_p1000_deepseek_deepseek-v4-flash,382,5,3,9,2,60.0,0,0,0,0,0,0,0,yes,no
insights,human-mouse_aml_15000c_p1000_deepseek_deepseek-v4-flash,383,6,4,11,2,66.7,0,0,0,0,0,0,0,yes,no
insights,human-mouse_aml_15000c_p1000_deepseek_deepseek-v4-flash,384,5,3,10,2,60.0,0,0,0,0,0,0,0,yes,no
insights,human-mouse_aml_15000c_p1000_deepseek_deepseek-v4-flash,385,5,3,12,2,60.0,0,0,0,0,0,0,0,yes,no
insights,human-mouse_aml_15000c_p1000_deepseek_deepseek-v4-flash,386,4,3,16,1,75.0,0,0,0,3,0,0,3,yes,no
insights,human-mouse_aml_15000c_p1000_deepseek_deepseek-v4-flash,387,4,3,4,1,75.0,0,0,0,0,0,0,0,yes,no
insights,human-mouse_aml_15000c_p1000_deepseek_deepseek-v4-flash,388,20,12,11,8,60.0,0,0,0,0,0,0,0,yes,no
insights,human-mouse_aml_15000c_p1000_deepseek_deepseek-v4-flash,389,6,4,14,2,66.7,0,0,0,0,0,0,0,yes,no
insights,human-mouse_aml_15000c_p1000_deepseek_deepseek-v4-flash,390,11,6,19,5,54.5,0,0,0,0,0,0,0,yes,no
insights,human-mouse_aml_15000c_p1000_deepseek_deepseek-v4-flash,391,5,3,7,2,60.0,0,0,0,0,0,0,0,yes,no
insights,human-mouse_aml_15000c_p1000_deepseek_deepseek-v4-flash,392,5,3,13,2,60.0,0,0,0,0,0,0,0,yes,no
insights,human-mouse_aml_15000c_p1000_deepseek_deepseek-v4-flash,393,25,19,24,6,76.0,0,0,0,0,0,0,0,yes,no
insights,human-mouse_aml_15000c_p1000_deepseek_deepseek-v4-flash,394,8,6,4,2,75.0,0,0,0,0,0,0,0,yes,no
insights,human-mouse_aml_15000c_p1000_deepseek_deepseek-v4-flash,395,5,4,27,1,80.0,0,0,0,0,0,0,0,no,no
insights,human-mouse_aml_15000c_p1000_deepseek_deepseek-v4-flash,396,10,8,6,2,80.0,0,0,0,0,0,0,0,yes,no
insights,human-mouse_aml_15000c_p1000_deepseek_deepseek-v4-flash,397,5,4,12,1,80.0,0,0,0,4,0,0,4,yes,no
insights,human-mouse_aml_15000c_p1000_deepseek_deepseek-v4-flash,398,5,3,4,2,60.0,0,0,0,0,0,0,0,yes,no
insights,human-mouse_aml_15000c_p1000_deepseek_deepseek-v4-flash,399,11,7,10,4,63.6,0,0,0,5,0,0,5,yes,no
insights,human-mouse_aml_15000c_p1000_deepseek_deepseek-v4-flash,400,7,5,4,2,71.4,0,0,0,1,0,0,1,yes,no
insights,human-mouse_aml_15000c_p1000_deepseek_deepseek-v4-flash,401,5,3,6,2,60.0,0,0,0,0,0,0,0,yes,no
insights,human-mouse_aml_15000c_p1000_deepseek_deepseek-v4-flash,402,5,3,16,2,60.0,0,0,0,1,0,0,1,yes,no
insights,human-mouse_aml_15000c_p1000_deepseek_deepseek-v4-flash,403,5,2,7,3,40.0,0,0,0,0,0,0,0,yes,no
insights,human-mouse_aml_15000c_p1000_deepseek_deepseek-v4-flash,404,6,3,21,3,50.0,0,0,0,4,0,0,4,yes,no
insights,human-mouse_aml_15000c_p1000_deepseek_deepseek-v4-flash,405,6,4,17,2,66.7,0,0,0,0,0,0,0,yes,no
insights,human-mouse_aml_15000c_p1000_deepseek_deepseek-v4-flash,406,5,3,18,2,60.0,0,0,0,1,0,0,1,yes,no
insights,human-mouse_aml_15000c_p1000_deepseek_deepseek-v4-flash,407,4,3,5,1,75.0,0,0,0,0,0,0,0,yes,no
insights,human-mouse_aml_15000c_p1000_deepseek_deepseek-v4-flash,408,5,3,7,2,60.0,0,0,0,0,0,0,0,yes,no
insights,human-mouse_aml_15000c_p1000_deepseek_deepseek-v4-flash,409,5,3,12,2,60.0,0,0,0,0,0,0,0,yes,no
insights,human-mouse_aml_15000c_p1000_deepseek_deepseek-v4-flash,410,6,3,2,3,50.0,0,0,0,0,0,0,0,yes,yes
insights,human-mouse_aml_15000c_p1000_deepseek_deepseek-v4-flash,411,5,3,7,2,60.0,0,0,0,0,0,0,0,yes,no
insights,human-mouse_aml_15000c_p1000_deepseek_deepseek-v4-flash,412,9,6,11,3,66.7,0,0,0,2,0,0,2,yes,no
insights,human-mouse_aml_15000c_p1000_deepseek_deepseek-v4-flash,413,4,3,3,1,75.0,0,0,0,0,0,0,0,yes,no
insights,human-mouse_aml_15000c_p1000_deepseek_deepseek-v4-flash,414,4,3,8,1,75.0,0,0,0,0,0,0,0,yes,no
insights,human-mouse_aml_15000c_p1000_deepseek_deepseek-v4-flash,415,10,8,3,2,80.0,0,0,0,0,0,0,0,yes,no
insights,human-mouse_aml_15000c_p1000_deepseek_deepseek-v4-flash,416,9,5,16,4,55.6,0,0,0,0,0,0,0,yes,no
insights,human-mouse_aml_15000c_p1000_deepseek_deepseek-v4-flash,417,5,3,5,2,60.0,0,0,0,0,0,0,0,yes,no
insights,human-mouse_aml_15000c_p1000_deepseek_deepseek-v4-flash,418,14,10,19,4,71.4,0,0,0,0,0,0,0,yes,no
insights,human-mouse_aml_15000c_p1000_deepseek_deepseek-v4-flash,419,16,14,17,2,87.5,0,0,0,0,0,0,0,yes,no
insights,human-mouse_aml_15000c_p1000_deepseek_deepseek-v4-flash,420,7,3,12,4,42.9,0,0,0,2,0,0,2,yes,no
insights,human-mouse_aml_15000c_p1000_deepseek_deepseek-v4-flash,421,5,3,18,2,60.0,0,0,0,0,0,0,0,yes,no
insights,human-mouse_aml_15000c_p1000_deepseek_deepseek-v4-flash,422,3,1,0,2,33.3,0,0,0,0,0,0,0,yes,no
insights,human-mouse_aml_15000c_p1000_deepseek_deepseek-v4-flash,423,9,7,12,2,77.8,0,2,2,0,0,0,0,yes,no
insights,human-mouse_aml_15000c_p1000_deepseek_deepseek-v4-flash,424,8,6,3,2,75.0,0,0,0,0,0,0,0,yes,no
insights,human-mouse_aml_15000c_p1000_deepseek_deepseek-v4-flash,425,5,3,10,2,60.0,0,0,0,1,0,0,1,yes,no
insights,human-mouse_aml_15000c_p1000_deepseek_deepseek-v4-flash,426,5,3,13,2,60.0,0,0,0,0,0,0,0,yes,no
insights,human-mouse_aml_15000c_p1000_deepseek_deepseek-v4-flash,427,17,14,12,3,82.4,0,0,0,5,0,0,5,yes,no
insights,human-mouse_aml_15000c_p1000_deepseek_deepseek-v4-flash,428,6,4,13,2,66.7,0,0,0,0,0,0,0,yes,no
insights,human-mouse_aml_15000c_p1000_deepseek_deepseek-v4-flash,429,59,57,4,2,96.6,0,0,0,0,0,0,0,yes,no
insights,human-mouse_aml_15000c_p1000_deepseek_deepseek-v4-flash,430,16,6,23,10,37.5,0,0,0,9,0,0,9,yes,no
insights,human-mouse_aml_15000c_p1000_deepseek_deepseek-v4-flash,431,8,4,17,4,50.0,0,0,0,2,0,0,2,yes,no
insights,human-mouse_aml_15000c_p1000_deepseek_deepseek-v4-flash,432,8,4,11,4,50.0,0,0,0,0,0,0,0,yes,no
insights,human-mouse_aml_15000c_p1000_deepseek_deepseek-v4-flash,433,5,3,10,2,60.0,0,0,0,2,0,0,2,yes,no
insights,human-mouse_aml_15000c_p1000_deepseek_deepseek-v4-flash,434,5,3,4,2,60.0,0,0,0,0,0,0,0,yes,no
insights,human-mouse_aml_15000c_p1000_deepseek_deepseek-v4-flash,435,4,3,13,1,75.0,0,0,0,1,0,0,1,yes,no
insights,human-mouse_aml_15000c_p1000_deepseek_deepseek-v4-flash,436,5,3,9,2,60.0,0,0,0,0,0,0,0,yes,no
insights,human-mouse_aml_15000c_p1000_deepseek_deepseek-v4-flash,437,5,3,24,2,60.0,0,0,0,0,0,0,0,yes,no
insights,human-mouse_aml_15000c_p1000_deepseek_deepseek-v4-flash,438,5,3,10,2,60.0,0,0,0,0,0,0,0,yes,no
insights,human-mouse_aml_15000c_p1000_deepseek_deepseek-v4-flash,439,5,3,12,2,60.0,0,0,0,0,0,0,0,yes,no
insights,human-mouse_aml_15000c_p1000_deepseek_deepseek-v4-flash,440,51,49,14,2,96.1,0,0,0,0,0,0,0,yes,no
insights,human-mouse_aml_15000c_p1000_deepseek_deepseek-v4-flash,441,10,4,16,6,40.0,0,2,2,0,0,0,0,yes,no
insights,human-mouse_aml_15000c_p1000_deepseek_deepseek-v4-flash,442,5,3,7,2,60.0,0,0,0,2,0,0,2,yes,no
insights,human-mouse_aml_15000c_p1000_deepseek_deepseek-v4-flash,443,8,6,9,2,75.0,0,0,0,0,0,0,0,yes,no
insights,human-mouse_aml_15000c_p1000_deepseek_deepseek-v4-flash,444,5,2,3,3,40.0,0,0,0,1,0,0,1,yes,no
insights,human-mouse_aml_15000c_p1000_deepseek_deepseek-v4-flash,445,5,3,11,2,60.0,0,0,0,0,0,0,0,yes,no
insights,human-mouse_aml_15000c_p1000_deepseek_deepseek-v4-flash,446,4,3,5,1,75.0,0,0,0,0,0,0,0,yes,no
insights,human-mouse_aml_15000c_p1000_deepseek_deepseek-v4-flash,447,5,3,10,2,60.0,0,0,0,1,0,0,1,yes,no
insights,human-mouse_aml_15000c_p1000_deepseek_deepseek-v4-flash,448,7,7,0,0,100.0,0,0,0,0,0,0,0,yes,no
insights,human-mouse_aml_15000c_p1000_deepseek_deepseek-v4-flash,449,14,9,23,5,64.3,0,0,0,0,0,0,0,yes,no
insights,human-mouse_aml_15000c_p1000_deepseek_deepseek-v4-flash,450,6,4,7,2,66.7,0,0,0,0,0,0,0,yes,no
insights,human-mouse_aml_15000c_p1000_deepseek_deepseek-v4-flash,451,5,3,4,2,60.0,0,0,0,0,0,0,0,yes,no
insights,human-mouse_aml_15000c_p1000_deepseek_deepseek-v4-flash,452,5,3,10,2,60.0,0,0,0,1,0,0,1,yes,no
insights,human-mouse_aml_15000c_p1000_deepseek_deepseek-v4-flash,453,5,3,14,2,60.0,0,0,0,1,0,0,1,yes,no
insights,human-mouse_aml_15000c_p1000_deepseek_deepseek-v4-flash,454,41,20,27,21,48.8,0,0,0,0,0,0,0,yes,no
insights,human-mouse_aml_15000c_p1000_deepseek_deepseek-v4-flash,455,4,3,5,1,75.0,0,0,0,0,0,0,0,yes,no
insights,human-mouse_aml_15000c_p1000_deepseek_deepseek-v4-flash,456,10,5,9,5,50.0,0,0,0,0,0,0,0,yes,no
insights,human-mouse_aml_15000c_p1000_deepseek_deepseek-v4-flash,457,24,18,9,6,75.0,0,0,0,5,0,0,5,yes,no
insights,human-mouse_aml_15000c_p1000_deepseek_deepseek-v4-flash,458,5,3,12,2,60.0,0,0,0,0,0,0,0,yes,no
insights,human-mouse_aml_15000c_p1000_deepseek_deepseek-v4-flash,459,5,3,18,2,60.0,0,0,0,0,0,2,2,yes,no
insights,human-mouse_aml_15000c_p1000_deepseek_deepseek-v4-flash,460,5,3,12,2,60.0,0,0,0,0,0,0,0,yes,no
insights,human-mouse_aml_15000c_p1000_deepseek_deepseek-v4-flash,461,6,5,3,1,83.3,0,0,0,0,0,0,0,yes,no
insights,human-mouse_aml_15000c_p1000_deepseek_deepseek-v4-flash,462,10,10,13,0,100.0,0,0,0,2,0,0,2,no,no
insights,human-mouse_aml_15000c_p1000_deepseek_deepseek-v4-flash,463,6,5,6,1,83.3,0,0,0,0,0,0,0,yes,no
insights,human-mouse_aml_15000c_p1000_deepseek_deepseek-v4-flash,464,5,3,25,2,60.0,0,0,0,0,0,0,0,yes,no
insights,human-mouse_aml_15000c_p1000_deepseek_deepseek-v4-flash,465,9,6,39,3,66.7,0,3,3,0,0,0,0,yes,no
insights,human-mouse_aml_15000c_p1000_deepseek_deepseek-v4-flash,466,45,43,4,2,95.6,0,0,0,0,0,0,0,yes,no
insights,human-mouse_aml_15000c_p1000_deepseek_deepseek-v4-flash,467,5,3,14,2,60.0,0,0,0,2,0,0,2,yes,no
insights,human-mouse_aml_15000c_p1000_deepseek_deepseek-v4-flash,468,23,22,16,1,95.7,0,0,0,0,0,0,0,no,no
insights,human-mouse_aml_15000c_p1000_deepseek_deepseek-v4-flash,469,10,5,7,5,50.0,0,0,0,0,0,0,0,yes,no
insights,human-mouse_aml_15000c_p1000_deepseek_deepseek-v4-flash,470,5,3,8,2,60.0,0,0,0,1,0,0,1,yes,no
insights,human-mouse_aml_15000c_p1000_deepseek_deepseek-v4-flash,471,5,3,19,2,60.0,0,0,0,3,0,0,3,yes,no
insights,human-mouse_aml_15000c_p1000_deepseek_deepseek-v4-flash,472,30,17,63,13,56.7,0,0,0,0,0,0,0,yes,no
insights,human-mouse_aml_15000c_p1000_deepseek_deepseek-v4-flash,473,6,5,10,1,83.3,0,0,0,0,0,0,0,yes,no
insights,human-mouse_aml_15000c_p1000_deepseek_deepseek-v4-flash,474,5,3,17,2,60.0,0,0,0,0,0,0,0,yes,no
insights,human-mouse_aml_15000c_p1000_deepseek_deepseek-v4-flash,475,5,2,11,3,40.0,0,1,1,0,0,0,0,yes,no
insights,human-mouse_aml_15000c_p1000_deepseek_deepseek-v4-flash,476,5,3,16,2,60.0,0,0,0,2,0,0,2,yes,no
insights,human-mouse_aml_15000c_p1000_deepseek_deepseek-v4-flash,477,14,11,10,3,78.6,0,0,0,0,0,0,0,yes,no
insights,human-mouse_aml_15000c_p1000_deepseek_deepseek-v4-flash,478,6,4,12,2,66.7,0,0,0,0,0,0,0,yes,no
insights,human-mouse_aml_15000c_p1000_deepseek_deepseek-v4-flash,479,20,15,10,5,75.0,0,0,0,0,0,0,0,yes,no
insights,human-mouse_aml_15000c_p1000_deepseek_deepseek-v4-flash,480,5,3,4,2,60.0,0,0,0,0,0,0,0,yes,no
insights,human-mouse_aml_15000c_p1000_deepseek_deepseek-v4-flash,481,8,2,17,6,25.0,0,0,0,0,0,0,0,yes,no
insights,human-mouse_aml_15000c_p1000_deepseek_deepseek-v4-flash,482,5,3,11,2,60.0,0,0,0,0,0,0,0,yes,no
insights,human-mouse_aml_15000c_p1000_deepseek_deepseek-v4-flash,483,7,5,9,2,71.4,0,0,0,0,0,0,0,yes,no
insights,human-mouse_aml_15000c_p1000_deepseek_deepseek-v4-flash,484,6,3,14,3,50.0,0,0,0,0,0,0,0,yes,no
insights,human-mouse_aml_15000c_p1000_deepseek_deepseek-v4-flash,485,4,3,1,1,75.0,0,0,0,0,0,0,0,yes,no
insights,human-mouse_aml_15000c_p1000_deepseek_deepseek-v4-flash,486,5,3,12,2,60.0,0,0,0,2,0,0,2,yes,no
insights,human-mouse_aml_15000c_p1000_deepseek_deepseek-v4-flash,487,8,6,7,2,75.0,0,0,0,0,0,0,0,yes,no
insights,human-mouse_aml_15000c_p1000_deepseek_deepseek-v4-flash,488,16,12,16,4,75.0,0,0,0,2,0,0,2,yes,no
insights,human-mouse_aml_15000c_p1000_deepseek_deepseek-v4-flash,489,5,3,10,2,60.0,0,0,0,2,0,0,2,yes,no
insights,human-mouse_aml_15000c_p1000_deepseek_deepseek-v4-flash,490,5,3,10,2,60.0,0,0,0,1,0,0,1,yes,no
insights,human-mouse_aml_15000c_p1000_deepseek_deepseek-v4-flash,491,10,7,4,3,70.0,0,0,0,0,0,0,0,yes,no
insights,human-mouse_aml_15000c_p1000_deepseek_deepseek-v4-flash,492,6,3,22,3,50.0,0,5,5,1,0,0,1,yes,no
insights,human-mouse_aml_15000c_p1000_deepseek_deepseek-v4-flash,493,29,23,49,6,79.3,0,0,0,0,0,0,0,yes,no
insights,human-mouse_aml_15000c_p1000_deepseek_deepseek-v4-flash,494,10,9,3,1,90.0,0,0,0,0,0,0,0,yes,no
insights,human-mouse_aml_15000c_p1000_deepseek_deepseek-v4-flash,495,5,4,6,1,80.0,0,0,0,0,0,0,0,yes,no
insights,human-mouse_aml_15000c_p1000_deepseek_deepseek-v4-flash,496,7,4,12,3,57.1,0,0,0,0,0,0,0,yes,no
insights,human-mouse_aml_15000c_p1000_deepseek_deepseek-v4-flash,497,3,2,0,1,66.7,0,0,0,0,0,0,0,yes,no
insights,human-mouse_aml_15000c_p1000_deepseek_deepseek-v4-flash,498,5,3,6,2,60.0,0,0,0,0,0,0,0,yes,no
insights,human-mouse_aml_15000c_p1000_deepseek_deepseek-v4-flash,499,8,6,11,2,75.0,0,2,2,0,0,0,0,yes,no
insights,human-mouse_aml_15000c_p1000_deepseek_deepseek-v4-flash,500,5,3,16,2,60.0,0,0,0,3,0,0,3,yes,no
insights,human-mouse_aml_15000c_p1000_deepseek_deepseek-v4-flash,501,5,3,9,2,60.0,0,0,0,0,0,0,0,yes,no
insights,human-mouse_aml_15000c_p1000_deepseek_deepseek-v4-flash,502,7,5,12,2,71.4,0,3,3,0,0,0,0,yes,no
insights,human-mouse_aml_15000c_p1000_deepseek_deepseek-v4-flash,503,5,3,4,2,60.0,0,0,0,0,0,0,0,yes,no
insights,human-mouse_aml_15000c_p1000_deepseek_deepseek-v4-flash,504,21,12,49,9,57.1,0,0,0,2,0,0,2,yes,no
insights,human-mouse_aml_15000c_p1000_deepseek_deepseek-v4-flash,505,5,3,16,2,60.0,0,0,0,0,0,0,0,yes,no
insights,human-mouse_aml_15000c_p1000_deepseek_deepseek-v4-flash,506,45,43,4,2,95.6,0,0,0,0,0,0,0,yes,no
insights,human-mouse_aml_15000c_p1000_deepseek_deepseek-v4-flash,507,11,9,2,2,81.8,0,0,0,2,0,0,2,yes,no
insights,human-mouse_aml_15000c_p1000_deepseek_deepseek-v4-flash,508,29,29,56,0,100.0,0,0,0,0,0,0,0,yes,no
insights,human-mouse_aml_15000c_p1000_deepseek_deepseek-v4-flash,509,5,2,12,3,40.0,0,0,0,1,0,0,1,yes,no
insights,human-mouse_aml_15000c_p1000_deepseek_deepseek-v4-flash,510,7,4,13,3,57.1,0,0,0,0,0,0,0,yes,no
insights,human-mouse_aml_15000c_p1000_deepseek_deepseek-v4-flash,511,6,3,23,3,50.0,0,0,0,3,0,0,3,yes,no
insights,human-mouse_aml_15000c_p1000_deepseek_deepseek-v4-flash,512,11,9,9,2,81.8,0,0,0,0,0,0,0,yes,no
insights,human-mouse_aml_15000c_p1000_deepseek_deepseek-v4-flash,513,5,3,11,2,60.0,0,0,0,1,0,0,1,yes,no
insights,human-mouse_aml_15000c_p1000_deepseek_deepseek-v4-flash,514,34,26,27,8,76.5,0,0,0,0,0,0,0,yes,no
insights,human-mouse_aml_15000c_p1000_deepseek_deepseek-v4-flash,515,5,3,13,2,60.0,0,0,0,1,0,0,1,yes,no
insights,human-mouse_aml_15000c_p1000_deepseek_deepseek-v4-flash,516,5,3,6,2,60.0,0,0,0,0,0,0,0,yes,no
insights,human-mouse_aml_15000c_p1000_deepseek_deepseek-v4-flash,517,8,4,3,4,50.0,0,0,0,0,0,0,0,yes,yes
insights,human-mouse_aml_15000c_p1000_deepseek_deepseek-v4-flash,518,6,4,14,2,66.7,0,0,0,0,0,0,0,yes,no
insights,human-mouse_aml_15000c_p1000_deepseek_deepseek-v4-flash,519,4,2,2,2,50.0,0,0,0,0,0,0,0,yes,no
insights,human-mouse_aml_15000c_p1000_deepseek_deepseek-v4-flash,520,5,3,14,2,60.0,0,0,0,1,0,0,1,yes,no
insights,human-mouse_aml_15000c_p1000_deepseek_deepseek-v4-flash,521,14,8,15,6,57.1,0,0,0,0,0,0,0,yes,no
insights,human-mouse_aml_15000c_p1000_deepseek_deepseek-v4-flash,522,5,3,14,2,60.0,0,0,0,0,0,0,0,yes,no
insights,human-mouse_aml_15000c_p1000_deepseek_deepseek-v4-flash,523,9,6,6,3,66.7,0,0,0,0,0,0,0,yes,no
insights,human-mouse_aml_15000c_p1000_deepseek_deepseek-v4-flash,524,10,3,9,7,30.0,0,0,0,0,0,0,0,yes,no
insights,human-mouse_aml_15000c_p1000_deepseek_deepseek-v4-flash,525,9,7,15,2,77.8,0,3,3,0,0,0,0,yes,no
insights,human-mouse_aml_15000c_p1000_deepseek_deepseek-v4-flash,526,6,3,16,3,50.0,0,0,0,2,0,0,2,yes,no
insights,human-mouse_aml_15000c_p1000_deepseek_deepseek-v4-flash,527,7,3,5,4,42.9,0,0,0,0,0,0,0,yes,no
insights,human-mouse_aml_15000c_p1000_deepseek_deepseek-v4-flash,528,6,4,6,2,66.7,0,0,0,0,0,0,0,yes,no
insights,human-mouse_aml_15000c_p1000_deepseek_deepseek-v4-flash,529,5,3,10,2,60.0,0,0,0,0,0,0,0,yes,no
insights,human-mouse_aml_15000c_p1000_deepseek_deepseek-v4-flash,530,7,4,25,3,57.1,0,0,0,0,0,0,0,yes,no
insights,human-mouse_aml_15000c_p1000_deepseek_deepseek-v4-flash,531,7,5,13,2,71.4,0,0,0,2,0,0,2,yes,no
insights,human-mouse_aml_15000c_p1000_deepseek_deepseek-v4-flash,532,74,72,3,2,97.3,0,0,0,0,0,0,0,yes,no
insights,human-mouse_aml_15000c_p1000_deepseek_deepseek-v4-flash,533,129,126,6,3,97.7,0,0,0,0,0,0,0,yes,no
insights,human-mouse_aml_15000c_p1000_deepseek_deepseek-v4-flash,534,5,3,15,2,60.0,0,0,0,1,0,0,1,yes,no
insights,human-mouse_aml_15000c_p1000_deepseek_deepseek-v4-flash,535,5,3,8,2,60.0,0,0,0,0,0,0,0,yes,no
insights,human-mouse_aml_15000c_p1000_deepseek_deepseek-v4-flash,536,9,5,4,4,55.6,0,0,0,0,0,0,0,yes,no
insights,human-mouse_aml_15000c_p1000_deepseek_deepseek-v4-flash,537,15,12,12,3,80.0,0,0,0,3,0,0,3,yes,no
insights,human-mouse_aml_15000c_p1000_deepseek_deepseek-v4-flash,538,5,3,7,2,60.0,0,0,0,0,0,0,0,yes,no
insights,human-mouse_aml_15000c_p1000_deepseek_deepseek-v4-flash,539,17,16,0,1,94.1,0,0,0,0,0,0,0,yes,no
insights,human-mouse_aml_15000c_p1000_deepseek_deepseek-v4-flash,540,10,8,12,2,80.0,0,0,0,1,0,0,1,yes,no
insights,human-mouse_aml_15000c_p1000_deepseek_deepseek-v4-flash,541,6,2,15,4,33.3,0,0,0,1,0,0,1,yes,no
insights,human-mouse_aml_15000c_p1000_deepseek_deepseek-v4-flash,542,42,40,12,2,95.2,0,0,0,0,0,0,0,yes,no
insights,human-mouse_aml_15000c_p1000_deepseek_deepseek-v4-flash,543,13,10,21,3,76.9,0,0,0,0,0,0,0,yes,no
insights,human-mouse_aml_15000c_p1000_deepseek_deepseek-v4-flash,544,19,13,22,6,68.4,0,0,0,0,0,0,0,yes,no
insights,human-mouse_aml_15000c_p1000_deepseek_deepseek-v4-flash,545,5,4,3,1,80.0,0,0,0,0,0,0,0,yes,no
insights,human-mouse_aml_15000c_p1000_deepseek_deepseek-v4-flash,546,5,3,17,2,60.0,0,0,0,1,0,0,1,yes,no
insights,human-mouse_aml_15000c_p1000_deepseek_deepseek-v4-flash,547,9,7,4,2,77.8,0,0,0,0,0,0,0,yes,no
insights,human-mouse_aml_15000c_p1000_deepseek_deepseek-v4-flash,548,5,3,7,2,60.0,0,0,0,0,0,0,0,yes,no
insights,human-mouse_aml_15000c_p1000_deepseek_deepseek-v4-flash,549,5,3,13,2,60.0,0,0,0,1,0,0,1,yes,no
insights,human-mouse_aml_15000c_p1000_deepseek_deepseek-v4-flash,550,5,3,10,2,60.0,0,0,0,0,0,0,0,yes,no
insights,human-mouse_aml_15000c_p1000_deepseek_deepseek-v4-flash,551,29,27,5,2,93.1,0,0,0,0,0,0,0,yes,no
insights,human-mouse_aml_15000c_p1000_deepseek_deepseek-v4-flash,552,6,3,8,3,50.0,0,0,0,0,0,0,0,yes,no
insights,human-mouse_aml_15000c_p1000_deepseek_deepseek-v4-flash,553,18,15,19,3,83.3,0,0,0,3,0,0,3,yes,no
insights,human-mouse_aml_15000c_p1000_deepseek_deepseek-v4-flash,554,5,3,18,2,60.0,0,0,0,0,0,0,0,yes,no
insights,human-mouse_aml_15000c_p1000_deepseek_deepseek-v4-flash,555,6,3,11,3,50.0,0,0,0,0,0,0,0,yes,no
insights,human-mouse_aml_15000c_p1000_deepseek_deepseek-v4-flash,556,7,5,7,2,71.4,0,0,0,0,0,0,0,yes,no
insights,human-mouse_aml_15000c_p1000_deepseek_deepseek-v4-flash,557,5,3,19,2,60.0,0,0,0,1,0,0,1,yes,no
insights,human-mouse_aml_15000c_p1000_deepseek_deepseek-v4-flash,558,5,3,15,2,60.0,0,0,0,0,0,0,0,yes,no
insights,human-mouse_aml_15000c_p1000_deepseek_deepseek-v4-flash,559,5,3,4,2,60.0,0,0,0,0,0,0,0,yes,no
insights,human-mouse_aml_15000c_p1000_deepseek_deepseek-v4-flash,560,5,3,10,2,60.0,0,0,0,0,0,0,0,yes,no
insights,human-mouse_aml_15000c_p1000_deepseek_deepseek-v4-flash,561,3,2,6,1,66.7,0,0,0,0,0,0,0,yes,no
insights,human-mouse_aml_15000c_p1000_deepseek_deepseek-v4-flash,562,14,11,25,3,78.6,0,0,0,3,0,0,3,yes,no
insights,human-mouse_aml_15000c_p1000_deepseek_deepseek-v4-flash,563,12,7,19,5,58.3,0,0,0,0,0,0,0,yes,no
insights,human-mouse_aml_15000c_p1000_deepseek_deepseek-v4-flash,564,20,14,35,6,70.0,0,0,0,6,0,0,6,yes,no
insights,human-mouse_aml_15000c_p1000_deepseek_deepseek-v4-flash,565,5,3,8,2,60.0,0,0,0,0,0,0,0,yes,no
insights,human-mouse_aml_15000c_p1000_deepseek_deepseek-v4-flash,566,4,3,5,1,75.0,0,0,0,0,0,0,0,yes,no
insights,human-mouse_aml_15000c_p1000_deepseek_deepseek-v4-flash,567,5,3,9,2,60.0,0,0,0,0,0,0,0,yes,no
insights,human-mouse_aml_15000c_p1000_deepseek_deepseek-v4-flash,568,6,3,14,3,50.0,0,0,0,1,0,0,1,yes,no
insights,human-mouse_aml_15000c_p1000_deepseek_deepseek-v4-flash,569,5,3,13,2,60.0,0,0,0,0,0,0,0,yes,no
insights,human-mouse_aml_15000c_p1000_deepseek_deepseek-v4-flash,570,8,5,11,3,62.5,0,0,0,0,0,0,0,yes,no
insights,human-mouse_aml_15000c_p1000_deepseek_deepseek-v4-flash,571,6,4,7,2,66.7,0,0,0,1,0,0,1,yes,no
insights,human-mouse_aml_15000c_p1000_deepseek_deepseek-v4-flash,572,5,3,5,2,60.0,0,0,0,2,0,0,2,yes,no
insights,human-mouse_aml_15000c_p1000_deepseek_deepseek-v4-flash,573,5,3,17,2,60.0,0,0,0,0,0,0,0,yes,no
insights,human-mouse_aml_15000c_p1000_deepseek_deepseek-v4-flash,574,5,3,19,2,60.0,0,0,0,1,0,0,1,yes,no
insights,human-mouse_aml_15000c_p1000_deepseek_deepseek-v4-flash,575,3,2,4,1,66.7,0,0,0,0,0,0,0,yes,no
insights,human-mouse_aml_15000c_p1000_deepseek_deepseek-v4-flash,576,6,3,9,3,50.0,0,0,0,0,0,0,0,yes,no
insights,human-mouse_aml_15000c_p1000_deepseek_deepseek-v4-flash,577,11,8,15,3,72.7,0,0,0,0,0,0,0,yes,no
insights,human-mouse_aml_15000c_p1000_deepseek_deepseek-v4-flash,578,6,4,7,2,66.7,0,0,0,0,0,0,0,yes,no
insights,human-mouse_aml_15000c_p1000_deepseek_deepseek-v4-flash,579,13,11,0,2,84.6,0,0,0,0,0,0,0,yes,no
insights,human-mouse_aml_15000c_p1000_deepseek_deepseek-v4-flash,580,5,3,10,2,60.0,0,0,0,3,0,0,3,yes,no
insights,human-mouse_aml_15000c_p1000_deepseek_deepseek-v4-flash,581,6,3,16,3,50.0,0,0,0,2,0,0,2,yes,no
insights,human-mouse_aml_15000c_p1000_deepseek_deepseek-v4-flash,582,6,4,11,2,66.7,0,0,0,1,0,0,1,yes,no
insights,human-mouse_aml_15000c_p1000_deepseek_deepseek-v4-flash,583,5,3,11,2,60.0,0,0,0,0,0,0,0,yes,no
insights,human-mouse_aml_15000c_p1000_deepseek_deepseek-v4-flash,584,6,3,14,3,50.0,0,0,0,2,0,0,2,yes,no
insights,human-mouse_aml_15000c_p1000_deepseek_deepseek-v4-flash,585,5,3,16,2,60.0,0,0,0,1,0,0,1,yes,no
insights,human-mouse_aml_15000c_p1000_deepseek_deepseek-v4-flash,586,9,6,20,3,66.7,0,0,0,2,0,0,2,yes,no
insights,human-mouse_aml_15000c_p1000_deepseek_deepseek-v4-flash,587,6,4,8,2,66.7,0,0,0,2,0,0,2,yes,no
insights,human-mouse_aml_15000c_p1000_deepseek_deepseek-v4-flash,588,5,3,7,2,60.0,0,0,0,2,0,0,2,yes,no
insights,human-mouse_aml_15000c_p1000_deepseek_deepseek-v4-flash,589,8,5,9,3,62.5,0,0,0,0,0,0,0,yes,no
insights,human-mouse_aml_15000c_p1000_deepseek_deepseek-v4-flash,590,3,2,0,1,66.7,0,0,0,0,0,0,0,yes,no
insights,human-mouse_aml_15000c_p1000_deepseek_deepseek-v4-flash,591,5,3,4,2,60.0,0,0,0,0,0,0,0,yes,no
insights,human-mouse_aml_15000c_p1000_deepseek_deepseek-v4-flash,592,5,3,13,2,60.0,0,0,0,0,0,0,0,yes,no
insights,human-mouse_aml_15000c_p1000_deepseek_deepseek-v4-flash,593,5,3,11,2,60.0,0,0,0,1,0,0,1,yes,no
insights,human-mouse_aml_15000c_p1000_deepseek_deepseek-v4-flash,594,9,6,10,3,66.7,0,0,0,0,0,0,0,yes,no
insights,human-mouse_aml_15000c_p1000_deepseek_deepseek-v4-flash,595,5,3,15,2,60.0,0,0,0,1,0,0,1,yes,no
insights,human-mouse_aml_15000c_p1000_deepseek_deepseek-v4-flash,596,4,2,1,2,50.0,0,0,0,0,0,0,0,yes,no
insights,human-mouse_aml_15000c_p1000_deepseek_deepseek-v4-flash,597,5,3,1,2,60.0,0,0,0,0,0,0,0,yes,yes
insights,human-mouse_aml_15000c_p1000_deepseek_deepseek-v4-flash,598,7,6,28,1,85.7,0,2,2,0,0,0,0,yes,no
insights,human-mouse_aml_15000c_p1000_deepseek_deepseek-v4-flash,599,5,3,6,2,60.0,0,0,0,0,0,0,0,yes,no
insights,human-mouse_aml_15000c_p1000_deepseek_deepseek-v4-flash,600,6,4,18,2,66.7,0,0,0,1,0,0,1,yes,no
insights,human-mouse_aml_15000c_p1000_deepseek_deepseek-v4-flash,601,5,3,6,2,60.0,0,0,0,0,0,0,0,yes,no
insights,human-mouse_aml_15000c_p1000_deepseek_deepseek-v4-flash,602,17,13,4,4,76.5,0,0,0,0,0,0,0,yes,no
insights,human-mouse_aml_15000c_p1000_deepseek_deepseek-v4-flash,603,5,3,11,2,60.0,0,0,0,0,0,0,0,yes,no
insights,human-mouse_aml_15000c_p1000_deepseek_deepseek-v4-flash,604,7,5,22,2,71.4,0,0,0,0,0,0,0,yes,no
insights,human-mouse_aml_15000c_p1000_deepseek_deepseek-v4-flash,605,5,3,8,2,60.0,0,0,0,0,0,0,0,yes,no
insights,human-mouse_aml_15000c_p1000_deepseek_deepseek-v4-flash,606,8,6,7,2,75.0,0,0,0,2,0,0,2,yes,no
insights,human-mouse_aml_15000c_p1000_deepseek_deepseek-v4-flash,607,8,7,32,1,87.5,0,2,2,4,0,0,4,yes,no
insights,human-mouse_aml_15000c_p1000_deepseek_deepseek-v4-flash,608,3,1,6,2,33.3,0,0,0,0,0,0,0,yes,no
insights,human-mouse_aml_15000c_p1000_deepseek_deepseek-v4-flash,609,20,11,12,9,55.0,0,0,0,0,0,0,0,yes,no
insights,human-mouse_aml_15000c_p1000_deepseek_deepseek-v4-flash,610,5,3,22,2,60.0,0,0,0,4,0,0,4,yes,no
insights,human-mouse_aml_15000c_p1000_deepseek_deepseek-v4-flash,611,12,10,7,2,83.3,0,0,0,0,0,0,0,yes,no
insights,human-mouse_aml_15000c_p1000_deepseek_deepseek-v4-flash,612,13,9,30,4,69.2,0,4,4,0,0,0,0,yes,no
insights,human-mouse_aml_15000c_p1000_deepseek_deepseek-v4-flash,613,5,3,7,2,60.0,0,0,0,2,0,0,2,yes,no
insights,human-mouse_aml_15000c_p1000_deepseek_deepseek-v4-flash,614,9,5,14,4,55.6,0,0,0,0,0,0,0,yes,no
insights,human-mouse_aml_15000c_p1000_deepseek_deepseek-v4-flash,615,10,8,30,2,80.0,0,0,0,1,0,0,1,yes,no
insights,human-mouse_aml_15000c_p1000_deepseek_deepseek-v4-flash,616,31,29,54,2,93.5,4,14,10,4,0,0,4,yes,no
insights,human-mouse_aml_15000c_p1000_deepseek_deepseek-v4-flash,617,13,10,18,3,76.9,0,2,2,0,0,0,0,yes,no
insights,human-mouse_aml_15000c_p1000_deepseek_deepseek-v4-flash,618,12,8,14,4,66.7,0,0,0,0,0,0,0,yes,no
insights,human-mouse_aml_15000c_p1000_deepseek_deepseek-v4-flash,619,16,14,27,2,87.5,0,0,0,4,0,0,4,yes,no
insights,human-mouse_aml_15000c_p1000_deepseek_deepseek-v4-flash,620,5,3,8,2,60.0,0,0,0,2,0,0,2,yes,no
insights,human-mouse_aml_15000c_p1000_deepseek_deepseek-v4-flash,621,5,3,8,2,60.0,0,0,0,0,0,0,0,yes,no
insights,human-mouse_aml_15000c_p1000_deepseek_deepseek-v4-flash,622,5,3,12,2,60.0,0,0,0,2,0,0,2,yes,no
insights,human-mouse_aml_15000c_p1000_deepseek_deepseek-v4-flash,623,5,3,6,2,60.0,0,0,0,0,0,0,0,yes,no
insights,human-mouse_aml_15000c_p1000_deepseek_deepseek-v4-flash,624,6,4,8,2,66.7,0,0,0,0,0,0,0,yes,no
insights,human-mouse_aml_15000c_p1000_deepseek_deepseek-v4-flash,625,7,4,24,3,57.1,0,0,0,1,0,0,1,yes,no
insights,human-mouse_aml_15000c_p1000_deepseek_deepseek-v4-flash,626,6,3,10,3,50.0,0,0,0,1,0,0,1,yes,no
insights,human-mouse_aml_15000c_p1000_deepseek_deepseek-v4-flash,627,5,3,14,2,60.0,0,0,0,0,0,0,0,yes,no
insights,human-mouse_aml_15000c_p1000_deepseek_deepseek-v4-flash,628,3,2,9,1,66.7,0,0,0,0,0,0,0,yes,no
insights,human-mouse_aml_15000c_p1000_deepseek_deepseek-v4-flash,629,5,2,16,3,40.0,0,0,0,1,0,0,1,yes,no
insights,human-mouse_aml_15000c_p1000_deepseek_deepseek-v4-flash,630,5,3,8,2,60.0,0,0,0,0,0,0,0,yes,no
insights,human-mouse_aml_15000c_p1000_deepseek_deepseek-v4-flash,631,6,3,7,3,50.0,0,0,0,0,0,0,0,yes,no
insights,human-mouse_aml_15000c_p1000_deepseek_deepseek-v4-flash,632,8,6,14,2,75.0,0,0,0,3,0,0,3,yes,no
insights,human-mouse_aml_15000c_p1000_deepseek_deepseek-v4-flash,633,10,8,13,2,80.0,0,0,0,0,0,0,0,yes,no
insights,human-mouse_aml_15000c_p1000_deepseek_deepseek-v4-flash,634,6,4,16,2,66.7,0,0,0,0,0,0,0,yes,no
insights,human-mouse_aml_15000c_p1000_deepseek_deepseek-v4-flash,635,3,2,0,1,66.7,0,0,0,0,0,0,0,yes,no
insights,human-mouse_aml_15000c_p1000_deepseek_deepseek-v4-flash,636,11,9,8,2,81.8,0,0,0,0,0,0,0,yes,no
insights,human-mouse_aml_15000c_p1000_deepseek_deepseek-v4-flash,637,5,3,11,2,60.0,0,0,0,0,0,0,0,yes,no
insights,human-mouse_aml_15000c_p1000_deepseek_deepseek-v4-flash,638,3,2,8,1,66.7,0,0,0,0,0,0,0,yes,no
insights,human-mouse_aml_15000c_p1000_deepseek_deepseek-v4-flash,639,3,2,10,1,66.7,0,0,0,0,0,0,0,yes,no
insights,human-mouse_aml_15000c_p1000_deepseek_deepseek-v4-flash,640,3,2,6,1,66.7,0,0,0,0,0,0,0,yes,no
insights,human-mouse_aml_15000c_p1000_deepseek_deepseek-v4-flash,641,5,3,8,2,60.0,0,0,0,1,0,0,1,yes,no
insights,human-mouse_aml_15000c_p1000_deepseek_deepseek-v4-flash,642,5,3,22,2,60.0,0,0,0,0,0,0,0,yes,no
insights,human-mouse_aml_15000c_p1000_deepseek_deepseek-v4-flash,643,7,5,4,2,71.4,0,0,0,0,0,0,0,yes,no
insights,human-mouse_aml_15000c_p1000_deepseek_deepseek-v4-flash,644,8,5,17,3,62.5,0,0,0,0,0,0,0,yes,no
insights,human-mouse_aml_15000c_p1000_deepseek_deepseek-v4-flash,645,8,6,7,2,75.0,0,0,0,0,0,0,0,yes,no
insights,human-mouse_aml_15000c_p1000_deepseek_deepseek-v4-flash,646,17,10,27,7,58.8,0,0,0,0,0,0,0,yes,no
insights,human-mouse_aml_15000c_p1000_deepseek_deepseek-v4-flash,647,5,3,18,2,60.0,0,0,0,4,0,0,4,yes,no
insights,human-mouse_aml_15000c_p1000_deepseek_deepseek-v4-flash,648,5,3,14,2,60.0,0,0,0,1,0,0,1,yes,no
insights,human-mouse_aml_15000c_p1000_deepseek_deepseek-v4-flash,649,5,3,5,2,60.0,0,0,0,0,0,0,0,yes,no
insights,human-mouse_aml_15000c_p1000_deepseek_deepseek-v4-flash,650,12,9,19,3,75.0,0,0,0,2,0,0,2,yes,no
insights,human-mouse_aml_15000c_p1000_deepseek_deepseek-v4-flash,651,5,4,0,1,80.0,0,0,0,0,0,0,0,yes,no
insights,human-mouse_aml_15000c_p1000_deepseek_deepseek-v4-flash,652,5,3,8,2,60.0,0,0,0,1,0,0,1,yes,no
insights,human-mouse_aml_15000c_p1000_deepseek_deepseek-v4-flash,653,4,2,2,2,50.0,0,0,0,0,0,0,0,yes,no
insights,human-mouse_aml_15000c_p1000_deepseek_deepseek-v4-flash,654,9,5,19,4,55.6,0,0,0,4,0,0,4,yes,no
insights,human-mouse_aml_15000c_p1000_deepseek_deepseek-v4-flash,655,6,2,10,4,33.3,0,0,0,3,0,0,3,yes,no
insights,human-mouse_aml_15000c_p1000_deepseek_deepseek-v4-flash,656,5,2,4,3,40.0,0,0,0,1,0,0,1,yes,no
insights,human-mouse_aml_15000c_p1000_deepseek_deepseek-v4-flash,657,6,4,30,2,66.7,0,0,0,0,0,0,0,yes,no
insights,human-mouse_aml_15000c_p1000_deepseek_deepseek-v4-flash,658,7,5,12,2,71.4,0,3,3,0,0,0,0,yes,no
insights,human-mouse_aml_15000c_p1000_deepseek_deepseek-v4-flash,659,16,11,7,5,68.8,0,0,0,0,0,0,0,yes,no
insights,human-mouse_aml_15000c_p1000_deepseek_deepseek-v4-flash,660,6,4,15,2,66.7,0,0,0,3,0,0,3,yes,no
insights,human-mouse_aml_15000c_p1000_deepseek_deepseek-v4-flash,661,5,3,11,2,60.0,0,0,0,1,0,0,1,yes,no
insights,human-mouse_aml_15000c_p1000_deepseek_deepseek-v4-flash,662,5,3,16,2,60.0,0,0,0,0,0,0,0,yes,no
insights,human-mouse_aml_15000c_p1000_deepseek_deepseek-v4-flash,663,33,31,100,2,93.9,0,0,0,10,0,0,10,yes,no
insights,human-mouse_aml_15000c_p1000_deepseek_deepseek-v4-flash,664,5,3,8,2,60.0,0,0,0,0,0,0,0,yes,no
insights,human-mouse_aml_15000c_p1000_deepseek_deepseek-v4-flash,665,5,3,8,2,60.0,0,0,0,1,0,0,1,yes,no
insights,human-mouse_aml_15000c_p1000_deepseek_deepseek-v4-flash,666,6,4,3,2,66.7,0,0,0,0,0,0,0,yes,no
insights,human-mouse_aml_15000c_p1000_deepseek_deepseek-v4-flash,667,5,3,7,2,60.0,0,0,0,1,0,0,1,yes,no
insights,human-mouse_aml_15000c_p1000_deepseek_deepseek-v4-flash,668,25,23,0,2,92.0,0,0,0,0,0,0,0,yes,no
insights,human-mouse_aml_15000c_p1000_deepseek_deepseek-v4-flash,669,5,3,17,2,60.0,0,0,0,2,0,0,2,yes,no
insights,human-mouse_aml_15000c_p1000_deepseek_deepseek-v4-flash,670,21,17,15,4,81.0,0,0,0,1,0,0,1,yes,no
insights,human-mouse_aml_15000c_p1000_deepseek_deepseek-v4-flash,671,5,3,8,2,60.0,0,0,0,0,0,0,0,yes,no
insights,human-mouse_aml_15000c_p1000_deepseek_deepseek-v4-flash,672,7,4,11,3,57.1,0,0,0,2,0,0,2,yes,no
insights,human-mouse_aml_15000c_p1000_deepseek_deepseek-v4-flash,673,5,3,7,2,60.0,0,0,0,0,0,0,0,yes,no
insights,human-mouse_aml_15000c_p1000_deepseek_deepseek-v4-flash,674,8,6,12,2,75.0,0,0,0,5,0,0,5,yes,no
insights,human-mouse_aml_15000c_p1000_deepseek_deepseek-v4-flash,675,15,10,13,5,66.7,0,0,0,9,0,0,9,yes,no
insights,human-mouse_aml_15000c_p1000_deepseek_deepseek-v4-flash,676,12,10,15,2,83.3,0,0,0,3,0,0,3,yes,no
insights,human-mouse_aml_15000c_p1000_deepseek_deepseek-v4-flash,677,3,2,0,1,66.7,0,0,0,0,0,0,0,yes,no
insights,human-mouse_aml_15000c_p1000_deepseek_deepseek-v4-flash,678,6,3,6,3,50.0,0,0,0,0,0,0,0,yes,no
insights,human-mouse_aml_15000c_p1000_deepseek_deepseek-v4-flash,679,17,10,18,7,58.8,0,0,0,0,0,0,0,yes,no
insights,human-mouse_aml_15000c_p1000_deepseek_deepseek-v4-flash,680,6,3,3,3,50.0,0,0,0,0,0,0,0,yes,no
insights,human-mouse_aml_15000c_p1000_deepseek_deepseek-v4-flash,681,5,3,20,2,60.0,0,0,0,3,0,0,3,yes,no
insights,human-mouse_aml_15000c_p1000_deepseek_deepseek-v4-flash,682,7,4,29,3,57.1,0,0,0,2,0,0,2,yes,no
insights,human-mouse_aml_15000c_p1000_deepseek_deepseek-v4-flash,683,5,3,6,2,60.0,0,0,0,2,0,0,2,yes,no
insights,human-mouse_aml_15000c_p1000_deepseek_deepseek-v4-flash,684,5,3,14,2,60.0,0,0,0,0,0,0,0,yes,no
insights,human-mouse_aml_15000c_p1000_deepseek_deepseek-v4-flash,685,5,3,23,2,60.0,0,0,0,1,0,0,1,yes,no
insights,human-mouse_aml_15000c_p1000_deepseek_deepseek-v4-flash,686,24,21,15,3,87.5,0,0,0,0,0,0,0,yes,no
insights,human-mouse_aml_15000c_p1000_deepseek_deepseek-v4-flash,687,6,4,7,2,66.7,0,0,0,0,0,0,0,yes,no
insights,human-mouse_aml_15000c_p1000_deepseek_deepseek-v4-flash,688,6,4,4,2,66.7,0,0,0,0,0,0,0,yes,no
insights,human-mouse_aml_15000c_p1000_deepseek_deepseek-v4-flash,689,5,3,5,2,60.0,0,0,0,0,0,0,0,yes,no
insights,human-mouse_aml_15000c_p1000_deepseek_deepseek-v4-flash,690,5,3,12,2,60.0,0,0,0,0,0,0,0,yes,no
insights,human-mouse_aml_15000c_p1000_deepseek_deepseek-v4-flash,691,5,3,15,2,60.0,0,0,0,0,0,0,0,yes,no
insights,human-mouse_aml_15000c_p1000_deepseek_deepseek-v4-flash,692,9,5,12,4,55.6,0,0,0,0,0,0,0,yes,no
insights,human-mouse_aml_15000c_p1000_deepseek_deepseek-v4-flash,693,7,4,16,3,57.1,0,0,0,2,0,0,2,yes,no
insights,human-mouse_aml_15000c_p1000_deepseek_deepseek-v4-flash,694,3,2,6,1,66.7,0,0,0,0,0,0,0,yes,no
insights,human-mouse_aml_15000c_p1000_deepseek_deepseek-v4-flash,695,5,3,16,2,60.0,0,0,0,1,0,0,1,yes,no
insights,human-mouse_aml_15000c_p1000_deepseek_deepseek-v4-flash,696,9,6,15,3,66.7,0,0,0,2,0,0,2,yes,no
insights,human-mouse_aml_15000c_p1000_deepseek_deepseek-v4-flash,697,5,3,20,2,60.0,0,0,0,1,0,0,1,yes,no
insights,human-mouse_aml_15000c_p1000_deepseek_deepseek-v4-flash,698,7,4,14,3,57.1,0,0,0,2,0,0,2,yes,no
insights,human-mouse_aml_15000c_p1000_deepseek_deepseek-v4-flash,699,6,3,13,3,50.0,0,0,0,0,0,0,0,yes,no
insights,human-mouse_aml_15000c_p1000_deepseek_deepseek-v4-flash,700,5,3,14,2,60.0,0,0,0,0,0,0,0,yes,no
insights,human-mouse_aml_15000c_p1000_deepseek_deepseek-v4-flash,701,6,3,5,3,50.0,0,0,0,0,0,0,0,yes,no
insights,human-mouse_aml_15000c_p1000_deepseek_deepseek-v4-flash,702,5,3,15,2,60.0,0,0,0,0,0,0,0,yes,no
insights,human-mouse_aml_15000c_p1000_deepseek_deepseek-v4-flash,703,5,5,12,0,100.0,0,0,0,1,0,0,1,yes,no
insights,human-mouse_aml_15000c_p1000_deepseek_deepseek-v4-flash,704,3,2,3,1,66.7,0,0,0,0,0,0,0,yes,no
insights,human-mouse_aml_15000c_p1000_deepseek_deepseek-v4-flash,705,5,3,8,2,60.0,0,0,0,1,0,0,1,yes,no
insights,human-mouse_aml_15000c_p1000_deepseek_deepseek-v4-flash,706,5,3,7,2,60.0,0,0,0,0,0,0,0,yes,no
insights,human-mouse_aml_15000c_p1000_deepseek_deepseek-v4-flash,707,9,5,3,4,55.6,0,0,0,0,0,0,0,yes,yes
insights,human-mouse_aml_15000c_p1000_deepseek_deepseek-v4-flash,708,5,3,6,2,60.0,0,0,0,0,0,0,0,yes,no
insights,human-mouse_aml_15000c_p1000_deepseek_deepseek-v4-flash,709,32,23,61,9,71.9,0,0,0,3,0,0,3,yes,no
insights,human-mouse_aml_15000c_p1000_deepseek_deepseek-v4-flash,710,5,3,18,2,60.0,0,0,0,0,0,0,0,yes,no
insights,human-mouse_aml_15000c_p1000_deepseek_deepseek-v4-flash,711,11,8,18,3,72.7,0,0,0,5,0,0,5,yes,no
insights,human-mouse_aml_15000c_p1000_deepseek_deepseek-v4-flash,712,22,12,18,10,54.5,0,0,0,0,0,0,0,yes,no
insights,human-mouse_aml_15000c_p1000_deepseek_deepseek-v4-flash,713,20,18,4,2,90.0,0,0,0,0,0,0,0,yes,no
insights,human-mouse_aml_15000c_p1000_deepseek_deepseek-v4-flash,714,23,21,1,2,91.3,0,0,0,0,0,0,0,yes,yes
insights,human-mouse_aml_15000c_p1000_deepseek_deepseek-v4-flash,715,29,23,17,6,79.3,0,0,0,0,0,0,0,yes,no
insights,human-mouse_aml_15000c_p1000_deepseek_deepseek-v4-flash,716,8,5,30,3,62.5,0,0,0,3,0,0,3,yes,no
insights,human-mouse_aml_15000c_p1000_deepseek_deepseek-v4-flash,717,7,5,11,2,71.4,0,0,0,0,0,0,0,yes,no
insights,human-mouse_aml_15000c_p1000_deepseek_deepseek-v4-flash,718,5,3,9,2,60.0,0,0,0,2,0,0,2,yes,no
insights,human-mouse_aml_15000c_p1000_deepseek_deepseek-v4-flash,719,5,3,11,2,60.0,0,0,0,2,0,0,2,yes,no
insights,human-mouse_aml_15000c_p1000_deepseek_deepseek-v4-flash,720,22,19,21,3,86.4,0,3,3,0,0,0,0,yes,no
insights,human-mouse_aml_15000c_p1000_deepseek_deepseek-v4-flash,721,5,3,9,2,60.0,0,0,0,3,0,0,3,yes,no
insights,human-mouse_aml_15000c_p1000_deepseek_deepseek-v4-flash,722,11,9,11,2,81.8,0,2,2,0,0,0,0,yes,no
insights,human-mouse_aml_15000c_p1000_deepseek_deepseek-v4-flash,723,5,3,10,2,60.0,0,5,5,2,0,0,2,yes,no
insights,human-mouse_aml_15000c_p1000_deepseek_deepseek-v4-flash,724,16,14,1,2,87.5,0,0,0,0,0,0,0,yes,no
insights,human-mouse_aml_15000c_p1000_deepseek_deepseek-v4-flash,725,6,4,7,2,66.7,0,0,0,0,0,0,0,yes,no
insights,human-mouse_aml_15000c_p1000_deepseek_deepseek-v4-flash,726,5,3,7,2,60.0,0,0,0,0,0,0,0,yes,no
insights,human-mouse_aml_15000c_p1000_deepseek_deepseek-v4-flash,727,5,3,10,2,60.0,0,0,0,0,0,0,0,yes,no
insights,human-mouse_aml_15000c_p1000_deepseek_deepseek-v4-flash,728,28,14,9,14,50.0,0,0,0,0,0,0,0,yes,no
insights,human-mouse_aml_15000c_p1000_deepseek_deepseek-v4-flash,729,7,4,8,3,57.1,0,0,0,0,0,0,0,yes,no
insights,human-mouse_aml_15000c_p1000_deepseek_deepseek-v4-flash,730,11,7,19,4,63.6,0,0,0,0,0,0,0,yes,no
insights,human-mouse_aml_15000c_p1000_deepseek_deepseek-v4-flash,731,5,3,13,2,60.0,0,0,0,1,0,0,1,yes,no
insights,human-mouse_aml_15000c_p1000_deepseek_deepseek-v4-flash,732,24,22,9,2,91.7,0,0,0,0,0,0,0,yes,no
insights,human-mouse_aml_15000c_p1000_deepseek_deepseek-v4-flash,733,129,127,1,2,98.4,0,0,0,0,0,0,0,yes,yes
insights,human-mouse_aml_15000c_p1000_deepseek_deepseek-v4-flash,734,5,3,9,2,60.0,0,0,0,0,0,0,0,yes,no
insights,human-mouse_aml_15000c_p1000_deepseek_deepseek-v4-flash,735,5,3,11,2,60.0,0,0,0,1,0,0,1,yes,no
insights,human-mouse_aml_15000c_p1000_deepseek_deepseek-v4-flash,736,6,4,12,2,66.7,0,2,2,0,0,0,0,yes,no
insights,human-mouse_aml_15000c_p1000_deepseek_deepseek-v4-flash,737,7,5,7,2,71.4,0,0,0,0,0,0,0,yes,no
insights,human-mouse_aml_15000c_p1000_deepseek_deepseek-v4-flash,738,8,6,14,2,75.0,0,2,2,0,0,0,0,yes,no
insights,human-mouse_aml_15000c_p1000_deepseek_deepseek-v4-flash,739,6,4,9,2,66.7,0,0,0,0,0,0,0,yes,no
insights,human-mouse_aml_15000c_p1000_deepseek_deepseek-v4-flash,740,5,3,26,2,60.0,0,0,0,3,0,0,3,yes,no
insights,human-mouse_aml_15000c_p1000_deepseek_deepseek-v4-flash,741,15,10,13,5,66.7,0,0,0,0,0,0,0,yes,no
insights,human-mouse_aml_15000c_p1000_deepseek_deepseek-v4-flash,742,29,27,28,2,93.1,0,2,2,0,0,0,0,yes,no
insights,human-mouse_aml_15000c_p1000_deepseek_deepseek-v4-flash,743,7,4,14,3,57.1,0,0,0,3,0,0,3,yes,no
insights,human-mouse_aml_15000c_p1000_deepseek_deepseek-v4-flash,744,7,5,11,2,71.4,0,2,2,0,0,0,0,yes,no
insights,human-mouse_aml_15000c_p1000_deepseek_deepseek-v4-flash,745,6,3,7,3,50.0,0,0,0,0,0,0,0,yes,no
insights,human-mouse_aml_15000c_p1000_deepseek_deepseek-v4-flash,746,14,12,6,2,85.7,0,0,0,0,0,0,0,yes,no
insights,human-mouse_aml_15000c_p1000_deepseek_deepseek-v4-flash,747,5,3,3,2,60.0,0,0,0,0,0,0,0,yes,no
insights,human-mouse_aml_15000c_p1000_deepseek_deepseek-v4-flash,748,25,23,4,2,92.0,0,0,0,0,0,0,0,yes,no
insights,human-mouse_aml_15000c_p1000_deepseek_deepseek-v4-flash,749,6,3,12,3,50.0,0,0,0,1,0,0,1,yes,no
insights,human-mouse_aml_15000c_p1000_deepseek_deepseek-v4-flash,750,6,3,14,3,50.0,0,0,0,1,0,0,1,yes,no
insights,human-mouse_aml_15000c_p1000_deepseek_deepseek-v4-flash,751,5,3,19,2,60.0,0,0,0,2,0,0,2,yes,no
insights,human-mouse_aml_15000c_p1000_deepseek_deepseek-v4-flash,752,6,4,11,2,66.7,0,5,5,0,0,0,0,yes,no
insights,human-mouse_aml_15000c_p1000_deepseek_deepseek-v4-flash,753,3,2,0,1,66.7,0,0,0,0,0,0,0,yes,no
insights,human-mouse_aml_15000c_p1000_deepseek_deepseek-v4-flash,754,11,6,19,5,54.5,0,0,0,0,0,0,0,yes,no
insights,human-mouse_aml_15000c_p1000_deepseek_deepseek-v4-flash,755,9,5,18,4,55.6,0,0,0,0,0,0,0,yes,no
insights,human-mouse_aml_15000c_p1000_deepseek_deepseek-v4-flash,756,20,14,21,6,70.0,0,0,0,0,0,0,0,yes,no
insights,human-mouse_aml_15000c_p1000_deepseek_deepseek-v4-flash,757,3,2,10,1,66.7,0,0,0,0,0,0,0,yes,no
insights,human-mouse_aml_15000c_p1000_deepseek_deepseek-v4-flash,758,7,5,5,2,71.4,0,0,0,2,0,0,2,yes,no
insights,human-mouse_aml_15000c_p1000_deepseek_deepseek-v4-flash,759,5,1,12,4,20.0,0,0,0,0,0,0,0,yes,no
insights,human-mouse_aml_15000c_p1000_deepseek_deepseek-v4-flash,760,5,4,4,1,80.0,0,0,0,0,0,0,0,yes,no
insights,human-mouse_aml_15000c_p1000_deepseek_deepseek-v4-flash,761,3,2,9,1,66.7,0,0,0,0,0,0,0,yes,no
insights,human-mouse_aml_15000c_p1000_deepseek_deepseek-v4-flash,762,76,68,67,8,89.5,0,0,0,0,0,0,0,yes,no
insights,human-mouse_aml_15000c_p1000_deepseek_deepseek-v4-flash,763,7,5,6,2,71.4,0,0,0,0,0,0,0,yes,no
insights,human-mouse_aml_15000c_p1000_deepseek_deepseek-v4-flash,764,16,14,12,2,87.5,0,0,0,0,0,0,0,yes,no
insights,human-mouse_aml_15000c_p1000_deepseek_deepseek-v4-flash,765,29,27,32,2,93.1,0,0,0,11,0,0,11,yes,no
insights,human-mouse_aml_15000c_p1000_deepseek_deepseek-v4-flash,766,4,3,2,1,75.0,0,0,0,0,0,0,0,yes,no
insights,human-mouse_aml_15000c_p1000_deepseek_deepseek-v4-flash,767,5,3,12,2,60.0,0,0,0,1,0,0,1,yes,no
insights,human-mouse_aml_15000c_p1000_deepseek_deepseek-v4-flash,768,5,3,17,2,60.0,0,0,0,0,0,0,0,yes,no
insights,human-mouse_aml_15000c_p1000_deepseek_deepseek-v4-flash,769,3,2,3,1,66.7,0,0,0,0,0,0,0,yes,no
insights,human-mouse_aml_15000c_p1000_deepseek_deepseek-v4-flash,770,19,19,24,0,100.0,0,0,0,0,0,0,0,yes,no
insights,human-mouse_aml_15000c_p1000_deepseek_deepseek-v4-flash,771,10,8,3,2,80.0,0,0,0,3,0,0,3,yes,no
insights,human-mouse_aml_15000c_p1000_deepseek_deepseek-v4-flash,772,3,2,6,1,66.7,0,0,0,0,0,0,0,yes,no
insights,human-mouse_aml_15000c_p1000_deepseek_deepseek-v4-flash,773,124,122,11,2,98.4,3,3,0,0,0,0,0,yes,no
insights,human-mouse_aml_15000c_p1000_deepseek_deepseek-v4-flash,774,6,3,10,3,50.0,0,0,0,0,0,0,0,yes,no
insights,human-mouse_aml_15000c_p1000_deepseek_deepseek-v4-flash,775,6,3,20,3,50.0,0,0,0,2,0,0,2,yes,no
insights,human-mouse_aml_15000c_p1000_deepseek_deepseek-v4-flash,776,4,3,2,1,75.0,0,0,0,0,0,0,0,yes,no
insights,human-mouse_aml_15000c_p1000_deepseek_deepseek-v4-flash,777,6,4,4,2,66.7,0,0,0,0,0,0,0,yes,no
insights,human-mouse_aml_15000c_p1000_deepseek_deepseek-v4-flash,778,4,3,0,1,75.0,0,0,0,0,0,0,0,yes,no
insights,human-mouse_aml_15000c_p1000_deepseek_deepseek-v4-flash,779,6,2,5,4,33.3,0,0,0,0,0,0,0,yes,no
insights,human-mouse_aml_15000c_p1000_deepseek_deepseek-v4-flash,780,4,2,1,2,50.0,0,0,0,0,0,0,0,yes,no
insights,human-mouse_aml_15000c_p1000_deepseek_deepseek-v4-flash,781,10,5,8,5,50.0,0,0,0,1,0,0,1,yes,no
insights,human-mouse_aml_15000c_p1000_deepseek_deepseek-v4-flash,782,13,9,31,4,69.2,0,0,0,3,0,0,3,yes,no
insights,human-mouse_aml_15000c_p1000_deepseek_deepseek-v4-flash,783,5,3,5,2,60.0,0,0,0,0,0,0,0,yes,no
insights,human-mouse_aml_15000c_p1000_deepseek_deepseek-v4-flash,784,5,4,3,1,80.0,0,0,0,0,0,0,0,yes,no
insights,human-mouse_aml_15000c_p1000_deepseek_deepseek-v4-flash,785,12,10,13,2,83.3,0,0,0,1,0,0,1,yes,no
insights,human-mouse_aml_15000c_p1000_deepseek_deepseek-v4-flash,786,5,3,6,2,60.0,0,0,0,1,0,0,1,yes,no
insights,human-mouse_aml_15000c_p1000_deepseek_deepseek-v4-flash,787,5,3,7,2,60.0,0,0,0,0,0,0,0,yes,no
insights,human-mouse_aml_15000c_p1000_deepseek_deepseek-v4-flash,788,5,3,12,2,60.0,0,0,0,1,0,0,1,yes,no
insights,human-mouse_aml_15000c_p1000_deepseek_deepseek-v4-flash,789,22,21,8,1,95.5,0,0,0,0,0,0,0,yes,no
insights,human-mouse_aml_15000c_p1000_deepseek_deepseek-v4-flash,790,6,4,19,2,66.7,0,0,0,2,0,0,2,yes,no
insights,human-mouse_aml_15000c_p1000_deepseek_deepseek-v4-flash,791,3,2,0,1,66.7,0,0,0,0,0,0,0,yes,no
insights,human-mouse_aml_15000c_p1000_deepseek_deepseek-v4-flash,792,3,2,4,1,66.7,0,0,0,0,0,0,0,yes,no
insights,human-mouse_aml_15000c_p1000_deepseek_deepseek-v4-flash,793,3,2,10,1,66.7,0,0,0,0,0,0,0,yes,no
insights,human-mouse_aml_15000c_p1000_deepseek_deepseek-v4-flash,794,5,3,7,2,60.0,0,0,0,0,0,0,0,yes,no
insights,human-mouse_aml_15000c_p1000_deepseek_deepseek-v4-flash,795,7,4,10,3,57.1,0,0,0,1,0,0,1,yes,no
insights,human-mouse_aml_15000c_p1000_deepseek_deepseek-v4-flash,796,3,2,6,1,66.7,0,0,0,0,0,0,0,yes,no
insights,human-mouse_aml_15000c_p1000_deepseek_deepseek-v4-flash,797,14,12,3,2,85.7,0,0,0,0,0,0,0,yes,no
insights,human-mouse_aml_15000c_p1000_deepseek_deepseek-v4-flash,798,3,2,2,1,66.7,0,0,0,0,0,0,0,yes,no
insights,human-mouse_aml_15000c_p1000_deepseek_deepseek-v4-flash,799,3,2,7,1,66.7,0,0,0,0,0,0,0,yes,no
insights,human-mouse_aml_15000c_p1000_deepseek_deepseek-v4-flash,800,10,8,27,2,80.0,0,2,2,3,0,0,3,yes,no
insights,human-mouse_aml_15000c_p1000_deepseek_deepseek-v4-flash,801,6,6,4,0,100.0,0,0,0,0,0,0,0,yes,no
insights,human-mouse_aml_15000c_p1000_deepseek_deepseek-v4-flash,802,3,2,8,1,66.7,0,0,0,0,0,0,0,yes,no
insights,human-mouse_aml_15000c_p1000_deepseek_deepseek-v4-flash,803,3,2,4,1,66.7,0,0,0,0,0,0,0,yes,no
insights,human-mouse_aml_15000c_p1000_deepseek_deepseek-v4-flash,804,3,2,8,1,66.7,0,0,0,0,0,0,0,yes,no
insights,human-mouse_aml_15000c_p1000_deepseek_deepseek-v4-flash,805,3,2,8,1,66.7,0,0,0,0,0,0,0,yes,no
insights,human-mouse_aml_15000c_p1000_deepseek_deepseek-v4-flash,806,16,11,17,5,68.8,0,0,0,5,0,0,5,yes,no
insights,human-mouse_aml_15000c_p1000_deepseek_deepseek-v4-flash,807,11,9,11,2,81.8,0,2,2,0,0,0,0,yes,no
insights,human-mouse_aml_15000c_p1000_deepseek_deepseek-v4-flash,808,8,6,12,2,75.0,0,0,0,0,0,0,0,yes,no
insights,human-mouse_aml_15000c_p1000_deepseek_deepseek-v4-flash,809,6,4,8,2,66.7,0,0,0,1,0,0,1,yes,no
insights,human-mouse_aml_15000c_p1000_deepseek_deepseek-v4-flash,810,3,2,4,1,66.7,0,0,0,0,0,0,0,yes,no
insights,human-mouse_aml_15000c_p1000_deepseek_deepseek-v4-flash,811,5,3,13,2,60.0,0,0,0,0,0,0,0,yes,no
insights,human-mouse_aml_15000c_p1000_deepseek_deepseek-v4-flash,812,7,5,5,2,71.4,0,0,0,0,0,0,0,yes,no
insights,human-mouse_aml_15000c_p1000_deepseek_deepseek-v4-flash,813,4,2,1,2,50.0,0,0,0,0,0,0,0,yes,no
insights,human-mouse_aml_15000c_p1000_deepseek_deepseek-v4-flash,814,4,2,1,2,50.0,0,0,0,0,0,0,0,yes,no
insights,human-mouse_aml_15000c_p1000_deepseek_deepseek-v4-flash,815,3,2,10,1,66.7,0,0,0,0,0,0,0,yes,no
insights,human-mouse_aml_15000c_p1000_deepseek_deepseek-v4-flash,816,7,4,9,3,57.1,0,0,0,0,0,0,0,yes,no
insights,human-mouse_aml_15000c_p1000_deepseek_deepseek-v4-flash,817,3,2,7,1,66.7,0,0,0,0,0,0,0,yes,no
insights,human-mouse_aml_15000c_p1000_deepseek_deepseek-v4-flash,818,3,2,0,1,66.7,0,0,0,0,0,0,0,yes,no
insights,human-mouse_aml_15000c_p1000_deepseek_deepseek-v4-flash,819,7,0,17,7,0.0,0,0,0,1,0,0,1,yes,no
insights,human-mouse_aml_15000c_p1000_deepseek_deepseek-v4-flash,820,7,5,7,2,71.4,0,0,0,0,0,0,0,yes,no
insights,human-mouse_aml_15000c_p1000_deepseek_deepseek-v4-flash,821,5,3,8,2,60.0,0,0,0,0,0,0,0,yes,no
insights,human-mouse_aml_15000c_p1000_deepseek_deepseek-v4-flash,822,7,5,5,2,71.4,0,0,0,0,0,0,0,yes,no
insights,human-mouse_aml_15000c_p1000_deepseek_deepseek-v4-flash,823,4,3,6,1,75.0,0,0,0,0,0,0,0,yes,no
insights,human-mouse_aml_15000c_p1000_deepseek_deepseek-v4-flash,824,7,5,15,2,71.4,0,0,0,0,0,0,0,yes,no
insights,human-mouse_aml_15000c_p1000_deepseek_deepseek-v4-flash,825,35,32,9,3,91.4,0,0,0,0,0,0,0,yes,no
insights,human-mouse_aml_15000c_p1000_deepseek_deepseek-v4-flash,826,13,10,24,3,76.9,0,0,0,2,0,0,2,yes,no
insights,human-mouse_aml_15000c_p1000_deepseek_deepseek-v4-flash,827,7,4,14,3,57.1,0,0,0,2,0,0,2,yes,no
insights,human-mouse_aml_15000c_p1000_deepseek_deepseek-v4-flash,828,4,3,2,1,75.0,0,0,0,0,0,0,0,yes,no
insights,human-mouse_aml_15000c_p1000_deepseek_deepseek-v4-flash,829,5,3,18,2,60.0,0,0,0,1,0,0,1,yes,no
insights,human-mouse_aml_15000c_p1000_deepseek_deepseek-v4-flash,830,22,11,14,11,50.0,0,0,0,4,0,0,4,yes,no
insights,human-mouse_aml_15000c_p1000_deepseek_deepseek-v4-flash,831,3,1,1,2,33.3,0,0,0,0,0,0,0,yes,no
insights,human-mouse_aml_15000c_p1000_deepseek_deepseek-v4-flash,832,4,3,1,1,75.0,0,0,0,0,0,0,0,yes,no
insights,human-mouse_aml_15000c_p1000_deepseek_deepseek-v4-flash,833,3,2,5,1,66.7,0,0,0,0,0,0,0,yes,no
insights,human-mouse_aml_15000c_p1000_deepseek_deepseek-v4-flash,834,7,7,37,0,100.0,0,2,2,0,0,0,0,yes,no
insights,human-mouse_aml_15000c_p1000_deepseek_deepseek-v4-flash,835,8,6,8,2,75.0,0,0,0,0,0,0,0,yes,no
insights,human-mouse_aml_15000c_p1000_deepseek_deepseek-v4-flash,836,98,67,81,31,68.4,0,0,0,0,0,0,0,yes,no
insights,human-mouse_aml_15000c_p1000_deepseek_deepseek-v4-flash,837,8,6,11,2,75.0,0,0,0,0,0,0,0,yes,no
insights,human-mouse_aml_15000c_p1000_deepseek_deepseek-v4-flash,838,5,3,9,2,60.0,0,0,0,0,0,0,0,yes,no
insights,human-mouse_aml_15000c_p1000_deepseek_deepseek-v4-flash,839,5,3,3,2,60.0,0,0,0,0,0,0,0,yes,no
insights,human-mouse_aml_15000c_p1000_deepseek_deepseek-v4-flash,840,5,2,25,3,40.0,0,0,0,3,0,0,3,yes,no
insights,human-mouse_aml_15000c_p1000_deepseek_deepseek-v4-flash,841,5,3,8,2,60.0,0,0,0,0,0,0,0,yes,no
insights,human-mouse_aml_15000c_p1000_deepseek_deepseek-v4-flash,842,9,7,11,2,77.8,0,2,2,0,0,0,0,yes,no
insights,human-mouse_aml_15000c_p1000_deepseek_deepseek-v4-flash,843,6,4,14,2,66.7,0,0,0,0,0,0,0,yes,no
insights,human-mouse_aml_15000c_p1000_deepseek_deepseek-v4-flash,844,3,2,0,1,66.7,0,0,0,0,0,0,0,yes,no
insights,human-mouse_aml_15000c_p1000_deepseek_deepseek-v4-flash,845,76,74,20,2,97.4,0,0,0,0,0,0,0,yes,no
insights,human-mouse_aml_15000c_p1000_deepseek_deepseek-v4-flash,846,5,3,13,2,60.0,0,0,0,0,0,0,0,yes,no
insights,human-mouse_aml_15000c_p1000_deepseek_deepseek-v4-flash,847,10,8,1,2,80.0,0,0,0,0,0,0,0,yes,no
insights,human-mouse_aml_15000c_p1000_deepseek_deepseek-v4-flash,848,12,10,13,2,83.3,0,4,4,0,0,0,0,yes,no
insights,human-mouse_aml_15000c_p1000_deepseek_deepseek-v4-flash,849,7,5,7,2,71.4,0,0,0,0,0,0,0,yes,no
insights,human-mouse_aml_15000c_p1000_deepseek_deepseek-v4-flash,850,17,13,28,4,76.5,0,0,0,4,0,0,4,yes,no
insights,human-mouse_aml_15000c_p1000_deepseek_deepseek-v4-flash,851,5,3,1,2,60.0,0,0,0,0,0,0,0,yes,no
insights,human-mouse_aml_15000c_p1000_deepseek_deepseek-v4-flash,852,5,3,12,2,60.0,0,0,0,2,0,0,2,yes,no
insights,human-mouse_aml_15000c_p1000_deepseek_deepseek-v4-flash,853,9,6,5,3,66.7,0,0,0,0,0,0,0,yes,no
insights,human-mouse_aml_15000c_p1000_deepseek_deepseek-v4-flash,854,6,4,11,2,66.7,0,2,2,0,0,0,0,yes,no
insights,human-mouse_aml_15000c_p1000_deepseek_deepseek-v4-flash,855,13,10,6,3,76.9,0,0,0,5,0,0,5,yes,no
insights,human-mouse_aml_15000c_p1000_deepseek_deepseek-v4-flash,856,11,6,16,5,54.5,0,0,0,0,0,0,0,yes,no
insights,human-mouse_aml_15000c_p1000_deepseek_deepseek-v4-flash,857,7,5,4,2,71.4,0,0,0,0,0,0,0,yes,no
insights,human-mouse_aml_15000c_p1000_deepseek_deepseek-v4-flash,858,8,6,14,2,75.0,0,5,5,0,0,0,0,yes,no
insights,human-mouse_aml_15000c_p1000_deepseek_deepseek-v4-flash,859,3,2,8,1,66.7,0,0,0,0,0,0,0,yes,no
insights,human-mouse_aml_15000c_p1000_deepseek_deepseek-v4-flash,860,6,2,8,4,33.3,0,0,0,1,0,0,1,yes,no
insights,human-mouse_aml_15000c_p1000_deepseek_deepseek-v4-flash,861,5,3,10,2,60.0,0,0,0,0,0,0,0,yes,no
insights,human-mouse_aml_15000c_p1000_deepseek_deepseek-v4-flash,862,4,2,3,2,50.0,0,0,0,0,0,0,0,yes,no
insights,human-mouse_aml_15000c_p1000_deepseek_deepseek-v4-flash,863,7,5,7,2,71.4,0,0,0,0,0,0,0,yes,no
insights,human-mouse_aml_15000c_p1000_deepseek_deepseek-v4-flash,864,4,3,8,1,75.0,0,0,0,0,0,0,0,yes,no
insights,human-mouse_aml_15000c_p1000_deepseek_deepseek-v4-flash,865,8,6,8,2,75.0,0,0,0,0,0,0,0,yes,no
insights,human-mouse_aml_15000c_p1000_deepseek_deepseek-v4-flash,866,14,10,21,4,71.4,0,0,0,2,0,0,2,yes,no
insights,human-mouse_aml_15000c_p1000_deepseek_deepseek-v4-flash,867,6,4,20,2,66.7,0,0,0,0,0,0,0,yes,no
insights,human-mouse_aml_15000c_p1000_deepseek_deepseek-v4-flash,868,73,36,56,37,49.3,7,14,7,10,0,0,10,yes,no
insights,human-mouse_aml_15000c_p1000_deepseek_deepseek-v4-flash,869,7,7,8,0,100.0,0,0,0,0,0,0,0,no,no
insights,human-mouse_aml_15000c_p1000_deepseek_deepseek-v4-flash,870,72,61,23,11,84.7,0,0,0,0,0,0,0,yes,no
insights,human-mouse_aml_15000c_p1000_deepseek_deepseek-v4-flash,871,7,2,5,5,28.6,0,0,0,0,0,0,0,yes,no
insights,human-mouse_aml_15000c_p1000_deepseek_deepseek-v4-flash,872,7,4,25,3,57.1,0,0,0,4,0,0,4,yes,no
insights,human-mouse_aml_15000c_p1000_deepseek_deepseek-v4-flash,873,7,4,23,3,57.1,0,0,0,0,0,0,0,yes,no
insights,human-mouse_aml_15000c_p1000_deepseek_deepseek-v4-flash,874,15,11,3,4,73.3,0,0,0,0,0,0,0,yes,no
insights,human-mouse_aml_15000c_p1000_deepseek_deepseek-v4-flash,875,6,4,8,2,66.7,0,0,0,0,0,0,0,yes,no
insights,human-mouse_aml_15000c_p1000_deepseek_deepseek-v4-flash,876,9,4,6,5,44.4,0,0,0,0,0,0,0,yes,no
insights,human-mouse_aml_15000c_p1000_deepseek_deepseek-v4-flash,877,4,3,3,1,75.0,0,0,0,0,0,0,0,yes,no
insights,human-mouse_aml_15000c_p1000_deepseek_deepseek-v4-flash,878,9,5,18,4,55.6,0,0,0,5,0,0,5,yes,no
insights,human-mouse_aml_15000c_p1000_deepseek_deepseek-v4-flash,879,7,6,0,1,85.7,0,0,0,0,0,0,0,yes,no
insights,human-mouse_aml_15000c_p1000_deepseek_deepseek-v4-flash,880,5,3,7,2,60.0,0,0,0,0,0,0,0,yes,no
insights,human-mouse_aml_15000c_p1000_deepseek_deepseek-v4-flash,881,7,5,15,2,71.4,0,0,0,0,0,0,0,yes,no
insights,human-mouse_aml_15000c_p1000_deepseek_deepseek-v4-flash,882,4,1,3,3,25.0,0,0,0,0,0,0,0,yes,no
insights,human-mouse_aml_15000c_p1000_deepseek_deepseek-v4-flash,883,6,4,12,2,66.7,0,0,0,1,0,0,1,yes,no
insights,human-mouse_aml_15000c_p1000_deepseek_deepseek-v4-flash,884,7,5,9,2,71.4,0,0,0,0,0,0,0,yes,no
insights,human-mouse_aml_15000c_p1000_deepseek_deepseek-v4-flash,885,5,3,9,2,60.0,0,0,0,2,0,0,2,yes,no
insights,human-mouse_aml_15000c_p1000_deepseek_deepseek-v4-flash,886,6,4,11,2,66.7,0,0,0,0,0,0,0,yes,no
insights,human-mouse_aml_15000c_p1000_deepseek_deepseek-v4-flash,887,5,3,11,2,60.0,0,0,0,1,0,0,1,yes,no
insights,human-mouse_aml_15000c_p1000_deepseek_deepseek-v4-flash,888,20,18,7,2,90.0,0,0,0,0,0,0,0,yes,no
insights,human-mouse_aml_15000c_p1000_deepseek_deepseek-v4-flash,889,14,10,6,4,71.4,0,0,0,0,0,0,0,yes,no
insights,human-mouse_aml_15000c_p1000_deepseek_deepseek-v4-flash,890,8,4,5,4,50.0,0,0,0,0,0,0,0,yes,no
insights,human-mouse_aml_15000c_p1000_deepseek_deepseek-v4-flash,891,17,14,8,3,82.4,0,0,0,0,0,0,0,yes,no
insights,human-mouse_aml_15000c_p1000_deepseek_deepseek-v4-flash,892,15,10,16,5,66.7,0,0,0,0,0,0,0,yes,no
insights,human-mouse_aml_15000c_p1000_deepseek_deepseek-v4-flash,893,6,4,6,2,66.7,0,0,0,0,0,0,0,yes,no
insights,human-mouse_aml_15000c_p1000_deepseek_deepseek-v4-flash,894,6,3,0,3,50.0,0,0,0,0,0,0,0,yes,no
insights,human-mouse_aml_15000c_p1000_deepseek_deepseek-v4-flash,895,4,3,6,1,75.0,0,0,0,0,0,0,0,yes,no
insights,human-mouse_aml_15000c_p1000_deepseek_deepseek-v4-flash,896,5,3,9,2,60.0,0,0,0,0,0,0,0,yes,no
insights,human-mouse_aml_15000c_p1000_deepseek_deepseek-v4-flash,897,5,3,21,2,60.0,0,0,0,0,0,0,0,yes,no
insights,human-mouse_aml_15000c_p1000_deepseek_deepseek-v4-flash,898,103,101,22,2,98.1,0,0,0,25,0,0,25,yes,no
insights,human-mouse_aml_15000c_p1000_deepseek_deepseek-v4-flash,899,6,4,18,2,66.7,0,0,0,2,0,0,2,yes,no
insights,human-mouse_aml_15000c_p1000_deepseek_deepseek-v4-flash,900,114,91,114,23,79.8,0,0,0,0,0,0,0,yes,no
insights,human-mouse_aml_15000c_p1000_deepseek_deepseek-v4-flash,901,7,4,5,3,57.1,0,0,0,0,0,0,0,yes,no
insights,human-mouse_aml_15000c_p1000_deepseek_deepseek-v4-flash,902,10,8,10,2,80.0,0,1,1,0,0,0,0,yes,no
insights,human-mouse_aml_15000c_p1000_deepseek_deepseek-v4-flash,903,6,4,20,2,66.7,0,0,0,1,0,0,1,yes,no
insights,human-mouse_aml_15000c_p1000_deepseek_deepseek-v4-flash,904,6,4,6,2,66.7,0,0,0,0,0,0,0,yes,no
insights,human-mouse_aml_15000c_p1000_deepseek_deepseek-v4-flash,905,5,2,12,3,40.0,0,0,0,3,0,0,3,yes,no
insights,human-mouse_aml_15000c_p1000_deepseek_deepseek-v4-flash,906,48,46,4,2,95.8,0,0,0,0,0,0,0,yes,no
insights,human-mouse_aml_15000c_p1000_deepseek_deepseek-v4-flash,907,12,7,7,5,58.3,0,0,0,0,0,0,0,yes,no
insights,human-mouse_aml_15000c_p1000_deepseek_deepseek-v4-flash,908,10,6,3,4,60.0,0,0,0,0,0,0,0,yes,no
insights,human-mouse_aml_15000c_p1000_deepseek_deepseek-v4-flash,909,37,37,21,0,100.0,0,0,0,0,0,0,0,no,no
insights,human-mouse_aml_15000c_p1000_deepseek_deepseek-v4-flash,910,6,3,17,3,50.0,0,0,0,2,0,0,2,yes,no
insights,human-mouse_aml_15000c_p1000_deepseek_deepseek-v4-flash,911,12,10,10,2,83.3,0,0,0,0,0,0,0,yes,no
insights,human-mouse_aml_15000c_p1000_deepseek_deepseek-v4-flash,912,14,12,12,2,85.7,0,0,0,2,0,0,2,yes,no
insights,human-mouse_aml_15000c_p1000_deepseek_deepseek-v4-flash,913,10,6,24,4,60.0,0,1,1,0,0,0,0,yes,no
insights,human-mouse_aml_15000c_p1000_deepseek_deepseek-v4-flash,914,3,2,8,1,66.7,0,0,0,0,0,0,0,yes,no
insights,human-mouse_aml_15000c_p1000_deepseek_deepseek-v4-flash,915,5,3,6,2,60.0,0,0,0,0,0,0,0,yes,no
insights,human-mouse_aml_15000c_p1000_deepseek_deepseek-v4-flash,916,7,5,11,2,71.4,0,0,0,0,0,0,0,yes,no
insights,human-mouse_aml_15000c_p1000_deepseek_deepseek-v4-flash,917,9,7,1,2,77.8,0,0,0,0,0,0,0,yes,yes
insights,human-mouse_aml_15000c_p1000_deepseek_deepseek-v4-flash,918,5,3,14,2,60.0,0,0,0,0,0,0,0,yes,no
insights,human-mouse_aml_15000c_p1000_deepseek_deepseek-v4-flash,919,5,3,12,2,60.0,0,0,0,0,0,0,0,yes,no
insights,human-mouse_aml_15000c_p1000_deepseek_deepseek-v4-flash,920,5,3,4,2,60.0,0,0,0,0,0,0,0,yes,no
insights,human-mouse_aml_15000c_p1000_deepseek_deepseek-v4-flash,921,10,8,4,2,80.0,0,0,0,0,0,0,0,yes,no
insights,human-mouse_aml_15000c_p1000_deepseek_deepseek-v4-flash,922,5,2,7,3,40.0,0,0,0,1,0,0,1,yes,no
insights,human-mouse_aml_15000c_p1000_deepseek_deepseek-v4-flash,923,5,3,4,2,60.0,0,0,0,0,0,0,0,yes,no
insights,human-mouse_aml_15000c_p1000_deepseek_deepseek-v4-flash,924,14,10,27,4,71.4,0,1,1,3,0,0,3,yes,no
insights,human-mouse_aml_15000c_p1000_deepseek_deepseek-v4-flash,925,5,3,4,2,60.0,0,0,0,0,0,0,0,yes,no
insights,human-mouse_aml_15000c_p1000_deepseek_deepseek-v4-flash,926,3,1,0,2,33.3,0,0,0,0,0,0,0,yes,no
insights,human-mouse_aml_15000c_p1000_deepseek_deepseek-v4-flash,927,19,17,17,2,89.5,0,0,0,5,0,0,5,yes,no
insights,human-mouse_aml_15000c_p1000_deepseek_deepseek-v4-flash,928,7,4,17,3,57.1,0,0,0,0,0,0,0,yes,no
insights,human-mouse_aml_15000c_p1000_deepseek_deepseek-v4-flash,929,7,4,15,3,57.1,0,0,0,1,0,0,1,yes,no
insights,human-mouse_aml_15000c_p1000_deepseek_deepseek-v4-flash,930,6,4,6,2,66.7,0,0,0,0,0,0,0,yes,no
insights,human-mouse_aml_15000c_p1000_deepseek_deepseek-v4-flash,931,11,4,48,7,36.4,0,0,0,0,0,0,0,yes,no
insights,human-mouse_aml_15000c_p1000_deepseek_deepseek-v4-flash,932,5,3,12,2,60.0,0,0,0,1,0,0,1,yes,no
insights,human-mouse_aml_15000c_p1000_deepseek_deepseek-v4-flash,933,3,2,6,1,66.7,0,0,0,0,0,0,0,yes,no
insights,human-mouse_aml_15000c_p1000_deepseek_deepseek-v4-flash,934,3,2,0,1,66.7,0,0,0,0,0,0,0,yes,no
insights,human-mouse_aml_15000c_p1000_deepseek_deepseek-v4-flash,935,3,2,2,1,66.7,0,0,0,0,0,0,0,yes,no
insights,human-mouse_aml_15000c_p1000_deepseek_deepseek-v4-flash,936,3,1,1,2,33.3,0,0,0,0,0,0,0,yes,no
insights,human-mouse_aml_15000c_p1000_deepseek_deepseek-v4-flash,937,3,2,6,1,66.7,0,0,0,0,0,0,0,yes,no
insights,human-mouse_aml_15000c_p1000_deepseek_deepseek-v4-flash,938,6,4,13,2,66.7,0,0,0,1,0,0,1,yes,no
insights,human-mouse_aml_15000c_p1000_deepseek_deepseek-v4-flash,939,35,30,12,5,85.7,0,0,0,0,0,0,0,yes,no
insights,human-mouse_aml_15000c_p1000_deepseek_deepseek-v4-flash,940,9,7,9,2,77.8,0,0,0,0,0,0,0,yes,no
insights,human-mouse_aml_15000c_p1000_deepseek_deepseek-v4-flash,941,3,2,8,1,66.7,0,0,0,0,0,0,0,yes,no
insights,human-mouse_aml_15000c_p1000_deepseek_deepseek-v4-flash,942,5,3,5,2,60.0,0,0,0,2,0,0,2,yes,no
insights,human-mouse_aml_15000c_p1000_deepseek_deepseek-v4-flash,943,3,2,3,1,66.7,0,0,0,0,0,0,0,yes,no
insights,human-mouse_aml_15000c_p1000_deepseek_deepseek-v4-flash,944,11,8,7,3,72.7,0,0,0,0,0,0,0,yes,no
insights,human-mouse_aml_15000c_p1000_deepseek_deepseek-v4-flash,945,3,2,11,1,66.7,0,0,0,0,0,0,0,yes,no
insights,human-mouse_aml_15000c_p1000_deepseek_deepseek-v4-flash,946,3,2,2,1,66.7,0,0,0,0,0,0,0,yes,no
insights,human-mouse_aml_15000c_p1000_deepseek_deepseek-v4-flash,947,3,2,1,1,66.7,0,0,0,0,0,0,0,yes,no
insights,human-mouse_aml_15000c_p1000_deepseek_deepseek-v4-flash,948,3,2,4,1,66.7,0,0,0,0,0,0,0,yes,no
insights,human-mouse_aml_15000c_p1000_deepseek_deepseek-v4-flash,949,8,5,8,3,62.5,0,0,0,0,0,0,0,yes,no
insights,human-mouse_aml_15000c_p1000_deepseek_deepseek-v4-flash,950,3,2,2,1,66.7,0,0,0,0,0,0,0,yes,no
insights,human-mouse_aml_15000c_p1000_deepseek_deepseek-v4-flash,951,12,7,10,5,58.3,0,0,0,0,0,0,0,yes,no
insights,human-mouse_aml_15000c_p1000_deepseek_deepseek-v4-flash,952,15,11,1,4,73.3,0,0,0,0,0,0,0,yes,no
insights,human-mouse_aml_15000c_p1000_deepseek_deepseek-v4-flash,953,3,2,5,1,66.7,0,0,0,3,0,0,3,yes,no
insights,human-mouse_aml_15000c_p1000_deepseek_deepseek-v4-flash,954,3,1,10,2,33.3,0,0,0,0,0,0,0,yes,no
insights,human-mouse_aml_15000c_p1000_deepseek_deepseek-v4-flash,955,3,1,5,2,33.3,0,0,0,0,0,0,0,yes,no
insights,human-mouse_aml_15000c_p1000_deepseek_deepseek-v4-flash,956,3,2,5,1,66.7,0,0,0,0,0,0,0,yes,no
insights,human-mouse_aml_15000c_p1000_deepseek_deepseek-v4-flash,957,3,1,2,2,33.3,0,0,0,0,0,0,0,yes,no
insights,human-mouse_aml_15000c_p1000_deepseek_deepseek-v4-flash,958,3,1,4,2,33.3,0,0,0,0,0,0,0,yes,no
insights,human-mouse_aml_15000c_p1000_deepseek_deepseek-v4-flash,959,3,2,11,1,66.7,0,0,0,0,0,0,0,yes,no
insights,human-mouse_aml_15000c_p1000_deepseek_deepseek-v4-flash,960,3,2,4,1,66.7,0,0,0,0,0,0,0,yes,no
insights,human-mouse_aml_15000c_p1000_deepseek_deepseek-v4-flash,961,5,5,10,0,100.0,0,0,0,1,0,0,1,no,no
insights,human-mouse_aml_15000c_p1000_deepseek_deepseek-v4-flash,962,4,2,2,2,50.0,0,0,0,0,0,0,0,yes,no
insights,human-mouse_aml_15000c_p1000_deepseek_deepseek-v4-flash,963,7,4,16,3,57.1,0,0,0,2,0,0,2,yes,no
insights,human-mouse_aml_15000c_p1000_deepseek_deepseek-v4-flash,964,9,7,12,2,77.8,0,3,3,0,0,0,0,yes,no
insights,human-mouse_aml_15000c_p1000_deepseek_deepseek-v4-flash,965,9,0,17,9,0.0,0,1,1,0,0,0,0,yes,no
insights,human-mouse_aml_15000c_p1000_deepseek_deepseek-v4-flash,966,26,21,3,5,80.8,0,0,0,0,0,0,0,yes,no
insights,human-mouse_aml_15000c_p1000_deepseek_deepseek-v4-flash,967,24,22,26,2,91.7,0,0,0,7,0,0,7,yes,no
insights,human-mouse_aml_15000c_p1000_deepseek_deepseek-v4-flash,968,7,4,5,3,57.1,0,0,0,0,0,0,0,yes,no
insights,human-mouse_aml_15000c_p1000_deepseek_deepseek-v4-flash,969,6,5,11,1,83.3,0,0,0,0,0,0,0,yes,no
insights,human-mouse_aml_15000c_p1000_deepseek_deepseek-v4-flash,970,3,1,1,2,33.3,0,0,0,0,0,0,0,yes,no
insights,human-mouse_aml_15000c_p1000_deepseek_deepseek-v4-flash,971,3,2,9,1,66.7,0,0,0,0,0,0,0,yes,no
insights,human-mouse_aml_15000c_p1000_deepseek_deepseek-v4-flash,972,3,2,8,1,66.7,0,0,0,0,0,0,0,yes,no
insights,human-mouse_aml_15000c_p1000_deepseek_deepseek-v4-flash,973,8,6,15,2,75.0,0,0,0,0,0,0,0,yes,no
insights,human-mouse_aml_15000c_p1000_deepseek_deepseek-v4-flash,974,3,2,6,1,66.7,0,0,0,0,0,0,0,yes,no
insights,human-mouse_aml_15000c_p1000_deepseek_deepseek-v4-flash,975,15,14,0,1,93.3,0,0,0,0,0,0,0,yes,no
insights,human-mouse_aml_15000c_p1000_deepseek_deepseek-v4-flash,976,5,3,10,2,60.0,0,0,0,2,0,0,2,yes,no
insights,human-mouse_aml_15000c_p1000_deepseek_deepseek-v4-flash,977,11,9,1,2,81.8,0,0,0,0,0,0,0,yes,yes
insights,human-mouse_aml_15000c_p1000_deepseek_deepseek-v4-flash,978,8,5,10,3,62.5,0,0,0,0,0,0,0,yes,no
insights,human-mouse_aml_15000c_p1000_deepseek_deepseek-v4-flash,979,9,5,13,4,55.6,0,0,0,3,0,0,3,yes,no
insights,human-mouse_aml_15000c_p1000_deepseek_deepseek-v4-flash,980,7,0,7,7,0.0,0,0,0,0,0,0,0,yes,no
insights,human-mouse_aml_15000c_p1000_deepseek_deepseek-v4-flash,981,6,4,11,2,66.7,0,0,0,1,0,0,1,yes,no
insights,human-mouse_aml_15000c_p1000_deepseek_deepseek-v4-flash,982,3,1,2,2,33.3,0,0,0,0,0,0,0,yes,no
insights,human-mouse_aml_15000c_p1000_deepseek_deepseek-v4-flash,983,9,7,10,2,77.8,0,0,0,0,0,0,0,yes,no
insights,human-mouse_aml_15000c_p1000_deepseek_deepseek-v4-flash,984,7,3,8,4,42.9,0,0,0,2,0,0,2,yes,no
insights,human-mouse_aml_15000c_p1000_deepseek_deepseek-v4-flash,985,5,3,4,2,60.0,0,0,0,0,0,0,0,yes,no
insights,human-mouse_aml_15000c_p1000_deepseek_deepseek-v4-flash,986,4,3,11,1,75.0,0,0,0,0,0,0,0,yes,no
insights,human-mouse_aml_15000c_p1000_deepseek_deepseek-v4-flash,987,7,4,7,3,57.1,0,0,0,0,0,0,0,yes,no
insights,human-mouse_aml_15000c_p1000_deepseek_deepseek-v4-flash,988,5,4,8,1,80.0,0,0,0,1,0,0,1,yes,no
insights,human-mouse_aml_15000c_p1000_deepseek_deepseek-v4-flash,989,5,3,11,2,60.0,0,0,0,2,0,0,2,yes,no
insights,human-mouse_aml_15000c_p1000_deepseek_deepseek-v4-flash,990,6,4,18,2,66.7,0,0,0,2,0,0,2,yes,no
insights,human-mouse_aml_15000c_p1000_deepseek_deepseek-v4-flash,991,5,3,4,2,60.0,0,0,0,0,0,0,0,yes,no
insights,human-mouse_aml_15000c_p1000_deepseek_deepseek-v4-flash,992,8,6,4,2,75.0,0,0,0,0,0,0,0,yes,no
insights,human-mouse_aml_15000c_p1000_deepseek_deepseek-v4-flash,993,24,20,7,4,83.3,0,0,0,0,0,0,0,yes,no
insights,human-mouse_aml_15000c_p1000_deepseek_deepseek-v4-flash,994,4,2,7,2,50.0,0,0,0,0,0,0,0,yes,no
insights,human-mouse_aml_15000c_p1000_deepseek_deepseek-v4-flash,995,24,0,0,24,0.0,0,0,0,0,0,0,0,no,no
insights,human-mouse_aml_15000c_p1000_deepseek_deepseek-v4-flash,996,8,4,7,4,50.0,0,0,0,1,0,0,1,yes,no
insights,human-mouse_aml_15000c_p1000_deepseek_deepseek-v4-flash,997,8,3,9,5,37.5,0,0,0,0,0,0,0,yes,no
insights,human-mouse_aml_15000c_p1000_deepseek_deepseek-v4-flash,998,7,5,13,2,71.4,0,0,0,1,0,0,1,yes,no
insights,human-mouse_aml_15000c_p1000_deepseek_deepseek-v4-flash,999,4,3,14,1,75.0,0,0,0,0,0,0,0,yes,no
insights,human-mouse_aml_15000c_p1000_deepseek_deepseek-v4-flash,1000,5,3,8,2,60.0,0,0,0,0,0,0,0,yes,no
insights,human-mouse_aml_15000c_p1000_deepseek_deepseek-v4-flash,1001,26,17,9,9,65.4,0,0,0,0,0,0,0,yes,no
insights,human-mouse_aml_15000c_p1000_deepseek_deepseek-v4-flash,1002,3,2,5,1,66.7,0,0,0,0,0,0,0,yes,no
insights,human-mouse_aml_15000c_p1000_deepseek_deepseek-v4-flash,1003,3,2,0,1,66.7,0,0,0,0,0,0,0,yes,no
insights,human-mouse_aml_15000c_p1000_deepseek_deepseek-v4-flash,1004,7,3,5,4,42.9,0,0,0,0,0,0,0,yes,no
insights,human-mouse_aml_15000c_p1000_deepseek_deepseek-v4-flash,1005,3,1,8,2,33.3,0,0,0,0,0,0,0,yes,no
insights,human-mouse_aml_15000c_p1000_deepseek_deepseek-v4-flash,1006,5,3,6,2,60.0,0,0,0,0,0,0,0,yes,no
insights,human-mouse_aml_15000c_p1000_deepseek_deepseek-v4-flash,1007,3,2,0,1,66.7,0,0,0,0,0,0,0,yes,no
insights,human-mouse_aml_15000c_p1000_deepseek_deepseek-v4-flash,1008,34,32,16,2,94.1,0,0,0,0,0,0,0,yes,no
insights,human-mouse_aml_15000c_p1000_deepseek_deepseek-v4-flash,1009,39,37,16,2,94.9,0,0,0,0,0,0,0,yes,no
insights,human-mouse_aml_15000c_p1000_deepseek_deepseek-v4-flash,1010,12,10,8,2,83.3,0,0,0,0,0,0,0,yes,no
insights,human-mouse_aml_15000c_p1000_deepseek_deepseek-v4-flash,1011,6,4,10,2,66.7,0,0,0,0,0,0,0,yes,no
insights,human-mouse_aml_15000c_p1000_deepseek_deepseek-v4-flash,1012,15,13,16,2,86.7,0,0,0,2,0,0,2,yes,no
insights,human-mouse_aml_15000c_p1000_deepseek_deepseek-v4-flash,1013,5,4,5,1,80.0,0,0,0,0,0,0,0,yes,no
insights,human-mouse_aml_15000c_p1000_deepseek_deepseek-v4-flash,1014,5,4,4,1,80.0,0,0,0,0,0,0,0,yes,no
insights,human-mouse_aml_15000c_p1000_deepseek_deepseek-v4-flash,1015,5,3,16,2,60.0,0,0,0,2,0,0,2,yes,no
insights,human-mouse_aml_15000c_p1000_deepseek_deepseek-v4-flash,1016,3,3,5,0,100.0,0,0,0,0,0,0,0,no,no
insights,human-mouse_aml_15000c_p1000_deepseek_deepseek-v4-flash,1017,5,2,10,3,40.0,0,0,0,1,0,0,1,yes,no
insights,human-mouse_aml_15000c_p1000_deepseek_deepseek-v4-flash,1018,3,1,9,2,33.3,0,0,0,0,0,0,0,yes,no
insights,human-mouse_aml_15000c_p1000_deepseek_deepseek-v4-flash,1019,4,2,10,2,50.0,0,0,0,0,0,0,0,yes,no
insights,human-mouse_aml_15000c_p1000_deepseek_deepseek-v4-flash,1020,6,4,2,2,66.7,0,0,0,0,0,0,0,yes,no
insights,human-mouse_aml_15000c_p1000_deepseek_deepseek-v4-flash,1021,4,2,10,2,50.0,0,0,0,0,0,0,0,yes,no
insights,human-mouse_aml_15000c_p1000_deepseek_deepseek-v4-flash,1022,25,21,11,4,84.0,0,0,0,0,0,0,0,yes,no
insights,human-mouse_aml_15000c_p1000_deepseek_deepseek-v4-flash,1023,6,4,2,2,66.7,0,0,0,0,0,0,0,yes,no
insights,human-mouse_aml_15000c_p1000_deepseek_deepseek-v4-flash,1024,9,6,9,3,66.7,0,0,0,0,0,0,0,yes,no
insights,human-mouse_aml_15000c_p1000_deepseek_deepseek-v4-flash,1025,5,3,10,2,60.0,0,0,0,1,0,0,1,yes,no
insights,human-mouse_aml_15000c_p1000_deepseek_deepseek-v4-flash,1026,6,4,1,2,66.7,0,0,0,0,0,0,0,yes,no
insights,human-mouse_aml_15000c_p1000_deepseek_deepseek-v4-flash,1027,3,1,7,2,33.3,0,0,0,0,0,0,0,yes,no
insights,human-mouse_aml_15000c_p1000_deepseek_deepseek-v4-flash,1028,8,6,11,2,75.0,0,0,0,0,0,0,0,yes,no
insights,human-mouse_aml_15000c_p1000_deepseek_deepseek-v4-flash,1029,4,3,3,1,75.0,0,0,0,0,0,0,0,yes,no
insights,human-mouse_aml_15000c_p1000_deepseek_deepseek-v4-flash,1030,9,5,8,4,55.6,0,0,0,0,0,0,0,yes,no
insights,human-mouse_aml_15000c_p1000_deepseek_deepseek-v4-flash,1031,6,3,12,3,50.0,0,0,0,2,0,0,2,yes,no
insights,human-mouse_aml_15000c_p1000_deepseek_deepseek-v4-flash,1032,4,2,5,2,50.0,0,0,0,0,0,0,0,yes,no
insights,human-mouse_aml_15000c_p1000_deepseek_deepseek-v4-flash,1033,6,4,6,2,66.7,0,0,0,0,0,0,0,yes,no
insights,human-mouse_aml_15000c_p1000_deepseek_deepseek-v4-flash,1034,7,5,17,2,71.4,0,0,0,0,0,0,0,yes,no
insights,human-mouse_aml_15000c_p1000_deepseek_deepseek-v4-flash,1035,9,6,13,3,66.7,0,0,0,0,0,0,0,yes,no
insights,human-mouse_aml_15000c_p1000_deepseek_deepseek-v4-flash,1036,6,4,7,2,66.7,0,0,0,0,0,0,0,yes,no
insights,human-mouse_aml_15000c_p1000_deepseek_deepseek-v4-flash,1037,4,2,7,2,50.0,0,0,0,0,0,0,0,yes,no
insights,human-mouse_aml_15000c_p1000_deepseek_deepseek-v4-flash,1038,4,2,10,2,50.0,0,0,0,0,0,0,0,yes,no
insights,human-mouse_aml_15000c_p1000_deepseek_deepseek-v4-flash,1039,13,9,12,4,69.2,0,0,0,0,0,0,0,yes,no
insights,human-mouse_aml_15000c_p1000_deepseek_deepseek-v4-flash,1040,5,3,5,2,60.0,0,0,0,0,0,0,0,yes,no
insights,human-mouse_aml_15000c_p1000_deepseek_deepseek-v4-flash,1041,45,43,15,2,95.6,0,0,0,0,0,0,0,yes,no
insights,human-mouse_aml_15000c_p1000_deepseek_deepseek-v4-flash,1042,4,2,5,2,50.0,0,0,0,0,0,0,0,yes,no
insights,human-mouse_aml_15000c_p1000_deepseek_deepseek-v4-flash,1043,7,1,8,6,14.3,0,0,0,0,0,0,0,yes,no
insights,human-mouse_aml_15000c_p1000_deepseek_deepseek-v4-flash,1044,6,4,10,2,66.7,0,0,0,2,0,0,2,yes,no
insights,human-mouse_aml_15000c_p1000_deepseek_deepseek-v4-flash,1045,10,8,11,2,80.0,0,1,1,0,0,0,0,yes,no
insights,human-mouse_aml_15000c_p1000_deepseek_deepseek-v4-flash,1046,13,8,21,5,61.5,0,4,4,0,0,0,0,yes,no
insights,human-mouse_aml_15000c_p1000_deepseek_deepseek-v4-flash,1047,5,3,4,2,60.0,0,0,0,0,0,0,0,yes,no
insights,human-mouse_aml_15000c_p1000_deepseek_deepseek-v4-flash,1048,5,3,5,2,60.0,0,0,0,2,0,0,2,yes,no
insights,human-mouse_aml_15000c_p1000_deepseek_deepseek-v4-flash,1049,5,4,1,1,80.0,0,0,0,0,0,0,0,yes,no
insights,human-mouse_aml_15000c_p1000_deepseek_deepseek-v4-flash,1050,33,25,27,8,75.8,0,0,0,0,0,0,0,yes,no
insights,human-mouse_aml_15000c_p1000_deepseek_deepseek-v4-flash,1051,2,2,2,0,100.0,0,0,0,0,0,0,0,no,no
insights,human-mouse_aml_15000c_p1000_deepseek_deepseek-v4-flash,1052,4,3,10,1,75.0,0,0,0,0,0,0,0,yes,no
insights,human-mouse_aml_15000c_p1000_deepseek_deepseek-v4-flash,1053,7,7,13,0,100.0,0,0,0,2,0,0,2,yes,no
insights,human-mouse_aml_15000c_p1000_deepseek_deepseek-v4-flash,1054,7,4,5,3,57.1,0,0,0,0,0,0,0,yes,no
insights,human-mouse_aml_15000c_p1000_deepseek_deepseek-v4-flash,1055,37,23,26,14,62.2,0,0,0,0,0,0,0,yes,no
insights,human-mouse_aml_15000c_p1000_deepseek_deepseek-v4-flash,1056,5,3,4,2,60.0,0,0,0,0,0,0,0,yes,no
insights,human-mouse_aml_15000c_p1000_deepseek_deepseek-v4-flash,1057,6,3,17,3,50.0,0,0,0,0,0,0,0,yes,no
insights,human-mouse_aml_15000c_p1000_deepseek_deepseek-v4-flash,1058,11,9,3,2,81.8,0,0,0,4,0,0,4,yes,no
insights,human-mouse_aml_15000c_p1000_deepseek_deepseek-v4-flash,1059,6,3,6,3,50.0,0,0,0,0,0,0,0,yes,no
insights,human-mouse_aml_15000c_p1000_deepseek_deepseek-v4-flash,1060,5,3,5,2,60.0,0,0,0,0,0,0,0,yes,no
insights,human-mouse_aml_15000c_p1000_deepseek_deepseek-v4-flash,1061,8,5,7,3,62.5,0,0,0,0,0,0,0,yes,no
insights,human-mouse_aml_15000c_p1000_deepseek_deepseek-v4-flash,1062,5,3,10,2,60.0,0,0,0,2,0,0,2,yes,no
insights,human-mouse_aml_15000c_p1000_deepseek_deepseek-v4-flash,1063,15,11,21,4,73.3,0,0,0,1,0,0,1,yes,no
insights,human-mouse_aml_15000c_p1000_deepseek_deepseek-v4-flash,1064,6,4,15,2,66.7,0,0,0,2,0,0,2,yes,no
insights,human-mouse_aml_15000c_p1000_deepseek_deepseek-v4-flash,1065,150,97,129,53,64.7,0,0,0,4,0,0,4,yes,no
insights,human-mouse_aml_15000c_p1000_deepseek_deepseek-v4-flash,1066,8,6,10,2,75.0,0,0,0,0,0,0,0,yes,no
insights,human-mouse_aml_15000c_p1000_deepseek_deepseek-v4-flash,1067,5,3,10,2,60.0,0,0,0,0,0,0,0,yes,no
insights,human-mouse_aml_15000c_p1000_deepseek_deepseek-v4-flash,1068,5,3,6,2,60.0,0,0,0,0,0,0,0,yes,no
insights,human-mouse_aml_15000c_p1000_deepseek_deepseek-v4-flash,1069,20,16,24,4,80.0,0,0,0,0,0,0,0,yes,no
insights,human-mouse_aml_15000c_p1000_deepseek_deepseek-v4-flash,1070,9,6,6,3,66.7,0,0,0,0,0,0,0,yes,no
insights,human-mouse_aml_15000c_p1000_deepseek_deepseek-v4-flash,1071,17,15,7,2,88.2,0,0,0,6,0,0,6,yes,no
insights,human-mouse_aml_15000c_p1000_deepseek_deepseek-v4-flash,1072,6,3,7,3,50.0,0,0,0,0,0,0,0,yes,no
insights,human-mouse_aml_15000c_p1000_deepseek_deepseek-v4-flash,1073,8,6,4,2,75.0,0,0,0,0,0,0,0,yes,no
insights,human-mouse_aml_15000c_p1000_deepseek_deepseek-v4-flash,1074,6,3,2,3,50.0,0,0,0,2,0,0,2,yes,no
insights,human-mouse_aml_15000c_p1000_deepseek_deepseek-v4-flash,1075,5,4,6,1,80.0,0,0,0,1,0,0,1,yes,no
insights,human-mouse_aml_15000c_p1000_deepseek_deepseek-v4-flash,1076,6,3,5,3,50.0,0,0,0,0,0,0,0,yes,no
insights,human-mouse_aml_15000c_p1000_deepseek_deepseek-v4-flash,1077,6,3,24,3,50.0,0,0,0,0,0,0,0,yes,no
insights,human-mouse_aml_15000c_p1000_deepseek_deepseek-v4-flash,1078,45,43,36,2,95.6,2,2,0,8,0,0,8,yes,no
insights,human-mouse_aml_15000c_p1000_deepseek_deepseek-v4-flash,1079,6,4,3,2,66.7,0,0,0,0,0,0,0,yes,no
insights,human-mouse_aml_15000c_p1000_deepseek_deepseek-v4-flash,1080,6,4,11,2,66.7,0,4,4,0,0,0,0,yes,no
insights,human-mouse_aml_15000c_p1000_deepseek_deepseek-v4-flash,1081,20,18,9,2,90.0,0,0,0,0,0,0,0,yes,no
insights,human-mouse_aml_15000c_p1000_deepseek_deepseek-v4-flash,1082,6,3,29,3,50.0,0,4,4,1,0,0,1,yes,no
insights,human-mouse_aml_15000c_p1000_deepseek_deepseek-v4-flash,1083,5,3,20,2,60.0,0,0,0,3,0,0,3,yes,no
insights,human-mouse_aml_15000c_p1000_deepseek_deepseek-v4-flash,1084,4,3,12,1,75.0,0,0,0,0,0,0,0,yes,no
insights,human-mouse_aml_15000c_p1000_deepseek_deepseek-v4-flash,1085,5,3,13,2,60.0,0,0,0,0,0,0,0,yes,no
insights,human-mouse_aml_15000c_p1000_deepseek_deepseek-v4-flash,1086,6,2,8,4,33.3,0,0,0,2,0,0,2,yes,no
insights,human-mouse_aml_15000c_p1000_deepseek_deepseek-v4-flash,1087,4,2,3,2,50.0,0,0,0,0,0,0,0,yes,no
insights,human-mouse_aml_15000c_p1000_deepseek_deepseek-v4-flash,1088,8,7,5,1,87.5,0,0,0,0,0,0,0,yes,no
insights,human-mouse_aml_15000c_p1000_deepseek_deepseek-v4-flash,1089,17,10,5,7,58.8,0,0,0,0,0,0,0,yes,no
insights,human-mouse_aml_15000c_p1000_deepseek_deepseek-v4-flash,1090,5,3,6,2,60.0,0,0,0,0,0,0,0,yes,no
insights,human-mouse_aml_15000c_p1000_deepseek_deepseek-v4-flash,1091,7,5,6,2,71.4,0,0,0,3,0,0,3,yes,no
insights,human-mouse_aml_15000c_p1000_deepseek_deepseek-v4-flash,1092,6,4,15,2,66.7,0,0,0,0,0,0,0,yes,no
insights,human-mouse_aml_15000c_p1000_deepseek_deepseek-v4-flash,1093,14,10,14,4,71.4,0,3,3,0,0,0,0,yes,no
insights,human-mouse_aml_15000c_p1000_deepseek_deepseek-v4-flash,1094,5,3,5,2,60.0,0,0,0,2,0,0,2,yes,no
insights,human-mouse_aml_15000c_p1000_deepseek_deepseek-v4-flash,1095,6,5,20,1,83.3,0,3,3,0,0,0,0,yes,no
insights,human-mouse_aml_15000c_p1000_deepseek_deepseek-v4-flash,1096,4,3,0,1,75.0,0,0,0,0,0,0,0,yes,no
insights,human-mouse_aml_15000c_p1000_deepseek_deepseek-v4-flash,1097,10,8,8,2,80.0,0,0,0,0,0,0,0,yes,no
insights,human-mouse_aml_15000c_p1000_deepseek_deepseek-v4-flash,1098,5,3,7,2,60.0,0,0,0,0,0,0,0,yes,no
insights,human-mouse_aml_15000c_p1000_deepseek_deepseek-v4-flash,1099,26,13,5,13,50.0,0,0,0,0,0,0,0,yes,no
insights,human-mouse_aml_15000c_p1000_deepseek_deepseek-v4-flash,1100,5,3,8,2,60.0,0,0,0,0,0,0,0,yes,no
insights,human-mouse_aml_15000c_p1000_deepseek_deepseek-v4-flash,1101,8,5,40,3,62.5,0,0,0,2,0,0,2,yes,no
insights,human-mouse_aml_15000c_p1000_deepseek_deepseek-v4-flash,1102,9,5,13,4,55.6,0,0,0,0,0,0,0,yes,no
insights,human-mouse_aml_15000c_p1000_deepseek_deepseek-v4-flash,1103,7,4,5,3,57.1,0,0,0,0,0,0,0,yes,no
insights,human-mouse_aml_15000c_p1000_deepseek_deepseek-v4-flash,1104,7,5,7,2,71.4,0,0,0,0,0,0,0,yes,no
insights,human-mouse_aml_15000c_p1000_deepseek_deepseek-v4-flash,1105,5,3,14,2,60.0,0,0,0,3,0,0,3,yes,no
insights,human-mouse_aml_15000c_p1000_deepseek_deepseek-v4-flash,1106,13,9,11,4,69.2,0,0,0,2,0,0,2,yes,no
insights,human-mouse_aml_15000c_p1000_deepseek_deepseek-v4-flash,1107,4,2,1,2,50.0,0,0,0,0,0,0,0,yes,no
insights,human-mouse_aml_15000c_p1000_deepseek_deepseek-v4-flash,1108,5,3,4,2,60.0,0,0,0,0,0,0,0,yes,no
insights,human-mouse_aml_15000c_p1000_deepseek_deepseek-v4-flash,1109,5,2,8,3,40.0,0,0,0,0,0,0,0,yes,no
insights,human-mouse_aml_15000c_p1000_deepseek_deepseek-v4-flash,1110,7,4,4,3,57.1,0,0,0,0,0,0,0,yes,no
insights,human-mouse_aml_15000c_p1000_deepseek_deepseek-v4-flash,1111,7,5,4,2,71.4,0,0,0,0,0,0,0,yes,no
insights,human-mouse_aml_15000c_p1000_deepseek_deepseek-v4-flash,1112,6,4,12,2,66.7,0,0,0,1,0,0,1,yes,no
insights,human-mouse_aml_15000c_p1000_deepseek_deepseek-v4-flash,1113,6,4,4,2,66.7,0,0,0,1,0,0,1,yes,no
insights,human-mouse_aml_15000c_p1000_deepseek_deepseek-v4-flash,1114,3,2,9,1,66.7,0,0,0,0,0,0,0,yes,no
insights,human-mouse_aml_15000c_p1000_deepseek_deepseek-v4-flash,1115,5,4,12,1,80.0,0,0,0,0,0,0,0,yes,no
insights,human-mouse_aml_15000c_p1000_deepseek_deepseek-v4-flash,1116,9,5,27,4,55.6,0,0,0,2,0,0,2,yes,no
insights,human-mouse_aml_15000c_p1000_deepseek_deepseek-v4-flash,1117,32,13,21,19,40.6,0,1,1,0,0,0,0,yes,no
insights,human-mouse_aml_15000c_p1000_deepseek_deepseek-v4-flash,1118,4,2,5,2,50.0,0,0,0,0,0,0,0,yes,no
insights,human-mouse_aml_15000c_p1000_deepseek_deepseek-v4-flash,1119,5,3,9,2,60.0,0,4,4,0,0,0,0,yes,no
insights,human-mouse_aml_15000c_p1000_deepseek_deepseek-v4-flash,1120,8,6,4,2,75.0,0,0,0,0,0,0,0,yes,no
insights,human-mouse_aml_15000c_p1000_deepseek_deepseek-v4-flash,1121,6,4,4,2,66.7,0,0,0,0,0,0,0,yes,no
insights,human-mouse_aml_15000c_p1000_deepseek_deepseek-v4-flash,1122,4,3,18,1,75.0,0,0,0,2,0,0,2,yes,no
insights,human-mouse_aml_15000c_p1000_deepseek_deepseek-v4-flash,1123,7,5,4,2,71.4,0,0,0,0,0,0,0,yes,no
insights,human-mouse_aml_15000c_p1000_deepseek_deepseek-v4-flash,1124,5,3,7,2,60.0,0,0,0,3,0,0,3,yes,no
insights,human-mouse_aml_15000c_p1000_deepseek_deepseek-v4-flash,1125,5,3,14,2,60.0,0,0,0,2,0,0,2,yes,no
insights,human-mouse_aml_15000c_p1000_deepseek_deepseek-v4-flash,1126,5,3,7,2,60.0,0,0,0,0,0,0,0,yes,no
insights,human-mouse_aml_15000c_p1000_deepseek_deepseek-v4-flash,1127,5,3,11,2,60.0,0,0,0,3,0,0,3,yes,no
insights,human-mouse_aml_15000c_p1000_deepseek_deepseek-v4-flash,1128,9,6,14,3,66.7,0,0,0,0,0,0,0,yes,no
insights,human-mouse_aml_15000c_p1000_deepseek_deepseek-v4-flash,1129,9,9,6,0,100.0,0,0,0,0,0,0,0,no,no
insights,human-mouse_aml_15000c_p1000_deepseek_deepseek-v4-flash,1130,4,3,10,1,75.0,0,0,0,0,0,0,0,yes,no
insights,human-mouse_aml_15000c_p1000_deepseek_deepseek-v4-flash,1131,7,3,1,4,42.9,0,0,0,0,0,0,0,yes,no
insights,human-mouse_aml_15000c_p1000_deepseek_deepseek-v4-flash,1132,5,3,13,2,60.0,0,0,0,2,0,0,2,yes,no
insights,human-mouse_aml_15000c_p1000_deepseek_deepseek-v4-flash,1133,14,13,12,1,92.9,0,0,0,0,0,0,0,yes,no
insights,human-mouse_aml_15000c_p1000_deepseek_deepseek-v4-flash,1134,5,3,4,2,60.0,0,0,0,0,0,0,0,yes,no
insights,human-mouse_aml_15000c_p1000_deepseek_deepseek-v4-flash,1135,95,87,94,8,91.6,0,0,0,0,0,0,0,yes,no
insights,human-mouse_aml_15000c_p1000_deepseek_deepseek-v4-flash,1136,5,3,3,2,60.0,0,0,0,0,0,0,0,yes,no
insights,human-mouse_aml_15000c_p1000_deepseek_deepseek-v4-flash,1137,7,4,14,3,57.1,0,0,0,2,0,0,2,yes,no
insights,human-mouse_aml_15000c_p1000_deepseek_deepseek-v4-flash,1138,42,40,8,2,95.2,0,0,0,0,0,0,0,yes,no
insights,human-mouse_aml_15000c_p1000_deepseek_deepseek-v4-flash,1139,9,5,10,4,55.6,0,0,0,0,0,0,0,yes,no
insights,human-mouse_aml_15000c_p1000_deepseek_deepseek-v4-flash,1140,8,5,5,3,62.5,0,0,0,0,0,0,0,yes,no
insights,human-mouse_aml_15000c_p1000_deepseek_deepseek-v4-flash,1141,19,17,8,2,89.5,0,0,0,0,0,0,0,yes,no
insights,human-mouse_aml_15000c_p1000_deepseek_deepseek-v4-flash,1142,5,3,4,2,60.0,0,0,0,0,0,0,0,yes,no
insights,human-mouse_aml_15000c_p1000_deepseek_deepseek-v4-flash,1143,5,3,4,2,60.0,0,0,0,0,0,0,0,yes,no
insights,human-mouse_aml_15000c_p1000_deepseek_deepseek-v4-flash,1144,19,18,6,1,94.7,0,0,0,0,0,0,0,yes,no
insights,human-mouse_aml_15000c_p1000_deepseek_deepseek-v4-flash,1145,4,2,4,2,50.0,0,0,0,1,0,0,1,yes,no
insights,human-mouse_aml_15000c_p1000_deepseek_deepseek-v4-flash,1146,8,6,21,2,75.0,0,0,0,0,0,0,0,yes,no
insights,human-mouse_aml_15000c_p1000_deepseek_deepseek-v4-flash,1147,7,5,0,2,71.4,0,0,0,0,0,0,0,yes,no
insights,human-mouse_aml_15000c_p1000_deepseek_deepseek-v4-flash,1148,5,3,5,2,60.0,0,0,0,0,0,0,0,yes,no
insights,human-mouse_aml_15000c_p1000_deepseek_deepseek-v4-flash,1149,15,13,8,2,86.7,0,0,0,0,0,0,0,yes,no
insights,human-mouse_aml_15000c_p1000_deepseek_deepseek-v4-flash,1150,6,5,8,1,83.3,0,0,0,0,0,0,0,yes,no
insights,human-mouse_aml_15000c_p1000_deepseek_deepseek-v4-flash,1151,16,13,13,3,81.2,0,3,3,0,0,0,0,yes,no
insights,human-mouse_aml_15000c_p1000_deepseek_deepseek-v4-flash,1152,5,4,4,1,80.0,0,0,0,0,0,0,0,yes,no
insights,human-mouse_aml_15000c_p1000_deepseek_deepseek-v4-flash,1153,5,3,5,2,60.0,0,0,0,0,0,0,0,yes,no
insights,human-mouse_aml_15000c_p1000_deepseek_deepseek-v4-flash,1154,8,5,14,3,62.5,0,0,0,2,0,0,2,yes,no
insights,human-mouse_aml_15000c_p1000_deepseek_deepseek-v4-flash,1155,4,2,11,2,50.0,0,0,0,0,0,0,0,yes,no
insights,human-mouse_aml_15000c_p1000_deepseek_deepseek-v4-flash,1156,8,2,10,6,25.0,0,0,0,0,0,0,0,yes,no
insights,human-mouse_aml_15000c_p1000_deepseek_deepseek-v4-flash,1157,10,3,6,7,30.0,0,0,0,0,0,0,0,yes,no
insights,human-mouse_aml_15000c_p1000_deepseek_deepseek-v4-flash,1158,4,2,1,2,50.0,0,0,0,0,0,0,0,yes,no
insights,human-mouse_aml_15000c_p1000_deepseek_deepseek-v4-flash,1159,4,3,8,1,75.0,0,0,0,0,0,0,0,yes,no
insights,human-mouse_aml_15000c_p1000_deepseek_deepseek-v4-flash,1160,8,6,10,2,75.0,0,0,0,0,0,0,0,yes,no
insights,human-mouse_aml_15000c_p1000_deepseek_deepseek-v4-flash,1161,8,5,5,3,62.5,0,0,0,0,0,0,0,yes,no
insights,human-mouse_aml_15000c_p1000_deepseek_deepseek-v4-flash,1162,9,7,7,2,77.8,0,0,0,0,0,0,0,yes,no
insights,human-mouse_aml_15000c_p1000_deepseek_deepseek-v4-flash,1163,5,3,4,2,60.0,0,0,0,0,0,0,0,yes,no
insights,human-mouse_aml_15000c_p1000_deepseek_deepseek-v4-flash,1164,5,2,7,3,40.0,0,0,0,3,0,0,3,yes,no
insights,human-mouse_aml_15000c_p1000_deepseek_deepseek-v4-flash,1165,6,3,16,3,50.0,0,0,0,3,0,0,3,yes,no
insights,human-mouse_aml_15000c_p1000_deepseek_deepseek-v4-flash,1166,18,13,16,5,72.2,0,0,0,0,0,0,0,yes,no
insights,human-mouse_aml_15000c_p1000_deepseek_deepseek-v4-flash,1167,5,3,7,2,60.0,0,0,0,0,0,0,0,yes,no
insights,human-mouse_aml_15000c_p1000_deepseek_deepseek-v4-flash,1168,6,6,3,0,100.0,0,0,0,0,0,0,0,no,no
insights,human-mouse_aml_15000c_p1000_deepseek_deepseek-v4-flash,1169,6,3,9,3,50.0,0,0,0,0,0,0,0,yes,no
insights,human-mouse_aml_15000c_p1000_deepseek_deepseek-v4-flash,1170,4,3,8,1,75.0,0,0,0,0,0,0,0,yes,no
insights,human-mouse_aml_15000c_p1000_deepseek_deepseek-v4-flash,1171,6,4,9,2,66.7,0,0,0,0,0,0,0,yes,no
insights,human-mouse_aml_15000c_p1000_deepseek_deepseek-v4-flash,1172,8,3,7,5,37.5,0,0,0,1,0,0,1,yes,no
insights,human-mouse_aml_15000c_p1000_deepseek_deepseek-v4-flash,1173,11,10,4,1,90.9,0,0,0,0,0,0,0,yes,no
insights,human-mouse_aml_15000c_p1000_deepseek_deepseek-v4-flash,1174,5,3,6,2,60.0,0,0,0,1,0,0,1,yes,no
insights,human-mouse_aml_15000c_p1000_deepseek_deepseek-v4-flash,1175,8,5,16,3,62.5,0,0,0,1,0,0,1,yes,no
insights,human-mouse_aml_15000c_p1000_deepseek_deepseek-v4-flash,1176,7,3,15,4,42.9,0,0,0,1,0,0,1,yes,no
insights,human-mouse_aml_15000c_p1000_deepseek_deepseek-v4-flash,1177,12,9,8,3,75.0,0,4,4,0,0,0,0,yes,no
insights,human-mouse_aml_15000c_p1000_deepseek_deepseek-v4-flash,1178,12,10,23,2,83.3,0,0,0,4,0,0,4,yes,no
insights,human-mouse_aml_15000c_p1000_deepseek_deepseek-v4-flash,1179,10,4,11,6,40.0,0,0,0,0,0,0,0,yes,no
insights,human-mouse_aml_15000c_p1000_deepseek_deepseek-v4-flash,1180,6,3,9,3,50.0,0,0,0,0,0,0,0,yes,no
insights,human-mouse_aml_15000c_p1000_deepseek_deepseek-v4-flash,1181,6,3,9,3,50.0,0,0,0,0,0,0,0,yes,no
insights,human-mouse_aml_15000c_p1000_deepseek_deepseek-v4-flash,1182,7,2,1,5,28.6,0,0,0,0,0,0,0,yes,no
insights,human-mouse_aml_15000c_p1000_deepseek_deepseek-v4-flash,1183,7,5,8,2,71.4,0,0,0,0,0,0,0,yes,no
insights,human-mouse_aml_15000c_p1000_deepseek_deepseek-v4-flash,1184,4,2,11,2,50.0,0,0,0,0,0,0,0,yes,no
insights,human-mouse_aml_15000c_p1000_deepseek_deepseek-v4-flash,1185,21,18,3,3,85.7,0,0,0,0,0,0,0,yes,no
insights,human-mouse_aml_15000c_p1000_deepseek_deepseek-v4-flash,1186,90,78,20,12,86.7,0,0,0,0,0,0,0,yes,no
insights,human-mouse_aml_15000c_p1000_deepseek_deepseek-v4-flash,1187,5,5,4,0,100.0,0,0,0,0,0,0,0,no,no
insights,human-mouse_aml_15000c_p1000_deepseek_deepseek-v4-flash,1188,12,9,16,3,75.0,0,0,0,2,0,0,2,yes,no
insights,human-mouse_aml_15000c_p1000_deepseek_deepseek-v4-flash,1189,4,3,16,1,75.0,0,0,0,0,0,0,0,yes,no
insights,human-mouse_aml_15000c_p1000_deepseek_deepseek-v4-flash,1190,10,7,38,3,70.0,0,0,0,4,0,0,4,yes,no
insights,human-mouse_aml_15000c_p1000_deepseek_deepseek-v4-flash,1191,18,16,3,2,88.9,0,0,0,0,0,0,0,yes,no
insights,human-mouse_aml_15000c_p1000_deepseek_deepseek-v4-flash,1192,7,5,5,2,71.4,0,0,0,0,0,0,0,yes,no
insights,human-mouse_aml_15000c_p1000_deepseek_deepseek-v4-flash,1193,5,3,1,2,60.0,0,0,0,0,0,0,0,yes,no
insights,human-mouse_aml_15000c_p1000_deepseek_deepseek-v4-flash,1194,15,12,10,3,80.0,0,0,0,0,0,0,0,yes,no
insights,human-mouse_aml_15000c_p1000_deepseek_deepseek-v4-flash,1195,13,8,14,5,61.5,0,0,0,0,0,0,0,yes,no
insights,human-mouse_aml_15000c_p1000_deepseek_deepseek-v4-flash,1196,9,3,4,6,33.3,0,0,0,0,0,0,0,yes,no
insights,human-mouse_aml_15000c_p1000_deepseek_deepseek-v4-flash,1197,4,3,3,1,75.0,0,0,0,0,0,0,0,yes,no
insights,human-mouse_aml_15000c_p1000_deepseek_deepseek-v4-flash,1198,5,0,6,5,0.0,0,0,0,0,0,0,0,yes,no
insights,human-mouse_aml_15000c_p1000_deepseek_deepseek-v4-flash,1199,7,5,6,2,71.4,0,0,0,0,0,0,0,yes,no
insights,human-mouse_aml_15000c_p1000_deepseek_deepseek-v4-flash,1200,7,4,7,3,57.1,0,0,0,0,0,0,0,yes,no
insights,human-mouse_aml_15000c_p1000_deepseek_deepseek-v4-flash,1201,13,11,3,2,84.6,0,0,0,0,0,0,0,no,no
insights,human-mouse_aml_15000c_p1000_deepseek_deepseek-v4-flash,1202,7,7,12,0,100.0,0,0,0,0,0,0,0,no,no
insights,human-mouse_aml_15000c_p1000_deepseek_deepseek-v4-flash,1203,9,5,8,4,55.6,0,0,0,0,0,0,0,yes,no
insights,human-mouse_aml_15000c_p1000_deepseek_deepseek-v4-flash,1204,9,4,10,5,44.4,0,0,0,0,0,0,0,yes,no
insights,human-mouse_aml_15000c_p1000_deepseek_deepseek-v4-flash,1205,8,6,1,2,75.0,0,0,0,0,0,0,0,yes,no
insights,human-mouse_aml_15000c_p1000_deepseek_deepseek-v4-flash,1206,8,6,6,2,75.0,0,0,0,0,0,0,0,yes,no
insights,human-mouse_aml_15000c_p1000_deepseek_deepseek-v4-flash,1207,9,7,4,2,77.8,0,0,0,0,0,0,0,yes,no
insights,human-mouse_aml_15000c_p1000_deepseek_deepseek-v4-flash,1208,4,3,0,1,75.0,0,0,0,0,0,0,0,yes,no
insights,human-mouse_aml_15000c_p1000_deepseek_deepseek-v4-flash,1209,4,3,3,1,75.0,0,0,0,0,0,0,0,yes,no
insights,human-mouse_aml_15000c_p1000_deepseek_deepseek-v4-flash,1210,7,5,1,2,71.4,0,0,0,0,0,0,0,yes,no
insights,human-mouse_aml_15000c_p1000_deepseek_deepseek-v4-flash,1211,4,3,8,1,75.0,0,0,0,0,0,0,0,yes,no
insights,human-mouse_aml_15000c_p1000_deepseek_deepseek-v4-flash,1212,7,0,8,7,0.0,0,0,0,0,0,0,0,yes,no
insights,human-mouse_aml_15000c_p1000_deepseek_deepseek-v4-flash,1213,5,3,4,2,60.0,0,0,0,2,0,0,2,yes,no
insights,human-mouse_aml_15000c_p1000_deepseek_deepseek-v4-flash,1214,8,4,13,4,50.0,0,0,0,3,0,0,3,yes,no
insights,human-mouse_aml_15000c_p1000_deepseek_deepseek-v4-flash,1215,5,3,6,2,60.0,0,0,0,3,0,0,3,yes,no
insights,human-mouse_aml_15000c_p1000_deepseek_deepseek-v4-flash,1216,5,3,9,2,60.0,0,0,0,0,0,0,0,yes,no
insights,human-mouse_aml_15000c_p1000_deepseek_deepseek-v4-flash,1217,10,6,21,4,60.0,0,0,0,4,0,0,4,yes,no
insights,human-mouse_aml_15000c_p1000_deepseek_deepseek-v4-flash,1218,5,3,8,2,60.0,0,0,0,0,0,0,0,yes,no
insights,human-mouse_aml_15000c_p1000_deepseek_deepseek-v4-flash,1219,5,3,4,2,60.0,0,0,0,0,0,0,0,yes,no
insights,human-mouse_aml_15000c_p1000_deepseek_deepseek-v4-flash,1220,5,3,10,2,60.0,0,0,0,2,0,0,2,yes,no
insights,human-mouse_aml_15000c_p1000_deepseek_deepseek-v4-flash,1221,5,2,7,3,40.0,0,0,0,0,0,0,0,yes,no
insights,human-mouse_aml_15000c_p1000_deepseek_deepseek-v4-flash,1222,8,4,9,4,50.0,0,0,0,0,0,0,0,yes,no
insights,human-mouse_aml_15000c_p1000_deepseek_deepseek-v4-flash,1223,11,10,4,1,90.9,0,0,0,2,0,0,2,yes,no
insights,human-mouse_aml_15000c_p1000_deepseek_deepseek-v4-flash,1224,8,7,0,1,87.5,0,0,0,0,0,0,0,yes,no
insights,human-mouse_aml_15000c_p1000_deepseek_deepseek-v4-flash,1225,6,4,9,2,66.7,0,0,0,0,0,0,0,yes,no
insights,human-mouse_aml_15000c_p1000_deepseek_deepseek-v4-flash,1226,19,17,0,2,89.5,0,0,0,0,0,0,0,yes,no
insights,human-mouse_aml_15000c_p1000_deepseek_deepseek-v4-flash,1227,6,0,14,6,0.0,0,0,0,0,0,0,0,yes,no
insights,human-mouse_aml_15000c_p1000_deepseek_deepseek-v4-flash,1228,11,6,15,5,54.5,0,0,0,3,0,0,3,yes,no
insights,human-mouse_aml_15000c_p1000_deepseek_deepseek-v4-flash,1229,7,5,6,2,71.4,0,0,0,0,0,0,0,yes,no
insights,human-mouse_aml_15000c_p1000_deepseek_deepseek-v4-flash,1230,7,4,10,3,57.1,0,0,0,0,0,0,0,yes,no
insights,human-mouse_aml_15000c_p1000_deepseek_deepseek-v4-flash,1231,4,2,1,2,50.0,0,0,0,0,0,0,0,yes,no
insights,human-mouse_aml_15000c_p1000_deepseek_deepseek-v4-flash,1232,11,11,13,0,100.0,0,0,0,0,0,0,0,yes,no
insights,human-mouse_aml_15000c_p1000_deepseek_deepseek-v4-flash,1233,10,7,13,3,70.0,0,0,0,0,0,0,0,yes,no
insights,human-mouse_aml_15000c_p1000_deepseek_deepseek-v4-flash,1234,5,3,18,2,60.0,0,0,0,0,0,0,0,yes,no
insights,human-mouse_aml_15000c_p1000_deepseek_deepseek-v4-flash,1235,4,2,1,2,50.0,0,0,0,0,0,0,0,yes,no
insights,human-mouse_aml_15000c_p1000_deepseek_deepseek-v4-flash,1236,7,5,13,2,71.4,0,0,0,0,0,0,0,yes,no
insights,human-mouse_aml_15000c_p1000_deepseek_deepseek-v4-flash,1237,7,5,4,2,71.4,0,0,0,0,0,0,0,yes,no
insights,human-mouse_aml_15000c_p1000_deepseek_deepseek-v4-flash,1238,5,2,2,3,40.0,0,0,0,0,0,0,0,yes,no
insights,human-mouse_aml_15000c_p1000_deepseek_deepseek-v4-flash,1239,4,2,6,2,50.0,0,0,0,0,0,0,0,yes,no
insights,human-mouse_aml_15000c_p1000_deepseek_deepseek-v4-flash,1240,5,3,3,2,60.0,0,0,0,0,0,0,0,yes,no
insights,human-mouse_aml_15000c_p1000_deepseek_deepseek-v4-flash,1241,6,2,3,4,33.3,0,0,0,0,0,0,0,yes,no
insights,human-mouse_aml_15000c_p1000_deepseek_deepseek-v4-flash,1242,5,3,5,2,60.0,0,0,0,0,0,0,0,yes,no
insights,human-mouse_aml_15000c_p1000_deepseek_deepseek-v4-flash,1243,4,2,5,2,50.0,0,0,0,0,0,0,0,yes,no
insights,human-mouse_aml_15000c_p1000_deepseek_deepseek-v4-flash,1244,5,3,6,2,60.0,0,0,0,0,0,0,0,yes,no
insights,human-mouse_aml_15000c_p1000_deepseek_deepseek-v4-flash,1245,7,4,22,3,57.1,0,0,0,4,0,0,4,yes,no
insights,human-mouse_aml_15000c_p1000_deepseek_deepseek-v4-flash,1246,6,4,1,2,66.7,0,0,0,0,0,0,0,yes,no
insights,human-mouse_aml_15000c_p1000_deepseek_deepseek-v4-flash,1247,9,7,18,2,77.8,0,0,0,0,0,0,0,yes,no
insights,human-mouse_aml_15000c_p1000_deepseek_deepseek-v4-flash,1248,17,14,31,3,82.4,0,0,0,2,0,0,2,yes,no
insights,human-mouse_aml_15000c_p1000_deepseek_deepseek-v4-flash,1249,12,8,14,4,66.7,0,0,0,0,0,0,0,yes,no
insights,human-mouse_aml_15000c_p1000_deepseek_deepseek-v4-flash,1250,5,3,4,2,60.0,0,0,0,0,0,0,0,yes,no
insights,human-mouse_aml_15000c_p1000_deepseek_deepseek-v4-flash,1251,6,4,17,2,66.7,0,0,0,0,0,0,0,yes,no
insights,human-mouse_aml_15000c_p1000_deepseek_deepseek-v4-flash,1252,9,6,13,3,66.7,0,0,0,0,0,0,0,yes,no
insights,human-mouse_aml_15000c_p1000_deepseek_deepseek-v4-flash,1253,6,3,9,3,50.0,0,0,0,0,0,0,0,yes,no
insights,human-mouse_aml_15000c_p1000_deepseek_deepseek-v4-flash,1254,56,54,4,2,96.4,0,0,0,0,0,0,0,yes,no
insights,human-mouse_aml_15000c_p1000_deepseek_deepseek-v4-flash,1255,5,3,7,2,60.0,0,0,0,0,0,0,0,yes,no
insights,human-mouse_aml_15000c_p1000_deepseek_deepseek-v4-flash,1256,12,4,10,8,33.3,0,0,0,0,0,0,0,yes,no
insights,human-mouse_aml_15000c_p1000_deepseek_deepseek-v4-flash,1257,6,4,11,2,66.7,0,0,0,0,0,0,0,yes,no
insights,human-mouse_aml_15000c_p1000_deepseek_deepseek-v4-flash,1258,8,5,8,3,62.5,0,0,0,0,0,0,0,yes,no
insights,human-mouse_aml_15000c_p1000_deepseek_deepseek-v4-flash,1259,4,2,3,2,50.0,0,0,0,0,0,0,0,yes,no
insights,human-mouse_aml_15000c_p1000_deepseek_deepseek-v4-flash,1260,7,4,13,3,57.1,0,0,0,0,0,0,0,yes,no
insights,human-mouse_aml_15000c_p1000_deepseek_deepseek-v4-flash,1261,9,6,5,3,66.7,0,0,0,0,0,0,0,yes,no
insights,human-mouse_aml_15000c_p1000_deepseek_deepseek-v4-flash,1262,8,5,11,3,62.5,0,0,0,1,0,0,1,yes,no
insights,human-mouse_aml_15000c_p1000_deepseek_deepseek-v4-flash,1263,73,71,8,2,97.3,0,0,0,0,0,0,0,yes,no
insights,human-mouse_aml_15000c_p1000_deepseek_deepseek-v4-flash,1264,2,2,0,0,100.0,0,0,0,0,0,0,0,no,no
insights,human-mouse_aml_15000c_p1000_deepseek_deepseek-v4-flash,1265,6,3,4,3,50.0,0,0,0,0,0,0,0,yes,no
insights,human-mouse_aml_15000c_p1000_deepseek_deepseek-v4-flash,1266,5,3,5,2,60.0,0,0,0,3,0,0,3,yes,no
insights,human-mouse_aml_15000c_p1000_deepseek_deepseek-v4-flash,1267,5,2,5,3,40.0,0,0,0,0,0,0,0,yes,no
insights,human-mouse_aml_15000c_p1000_deepseek_deepseek-v4-flash,1268,20,18,3,2,90.0,0,0,0,0,0,0,0,no,no
insights,human-mouse_aml_15000c_p1000_deepseek_deepseek-v4-flash,1269,5,2,11,3,40.0,0,0,0,0,0,0,0,yes,no
insights,human-mouse_aml_15000c_p1000_deepseek_deepseek-v4-flash,1270,6,5,6,1,83.3,0,0,0,0,0,0,0,no,no
insights,human-mouse_aml_15000c_p1000_deepseek_deepseek-v4-flash,1271,143,139,62,4,97.2,0,0,0,26,0,0,26,yes,no
insights,human-mouse_aml_15000c_p1000_deepseek_deepseek-v4-flash,1272,9,9,34,0,100.0,0,0,0,2,0,0,2,no,no
insights,human-mouse_aml_15000c_p1000_deepseek_deepseek-v4-flash,1273,5,4,4,1,80.0,0,0,0,0,0,0,0,yes,no
insights,human-mouse_aml_15000c_p1000_deepseek_deepseek-v4-flash,1274,9,6,5,3,66.7,0,0,0,0,0,0,0,yes,no
insights,human-mouse_aml_15000c_p1000_deepseek_deepseek-v4-flash,1275,30,27,2,3,90.0,0,0,0,0,0,0,0,yes,no
insights,human-mouse_aml_15000c_p1000_deepseek_deepseek-v4-flash,1276,21,21,5,0,100.0,0,0,0,0,0,0,0,no,no
insights,human-mouse_aml_15000c_p1000_deepseek_deepseek-v4-flash,1277,5,3,6,2,60.0,0,0,0,2,0,0,2,yes,no
insights,human-mouse_aml_15000c_p1000_deepseek_deepseek-v4-flash,1278,4,1,2,3,25.0,0,0,0,0,0,0,0,yes,no
insights,human-mouse_aml_15000c_p1000_deepseek_deepseek-v4-flash,1279,17,15,16,2,88.2,0,0,0,0,0,0,0,yes,no
insights,human-mouse_aml_15000c_p1000_deepseek_deepseek-v4-flash,1280,4,3,10,1,75.0,0,0,0,0,0,0,0,yes,no
insights,human-mouse_aml_15000c_p1000_deepseek_deepseek-v4-flash,1281,4,3,10,1,75.0,0,0,0,0,0,0,0,yes,no
insights,human-mouse_aml_15000c_p1000_deepseek_deepseek-v4-flash,1282,3,3,14,0,100.0,0,0,0,1,0,0,1,no,no
insights,human-mouse_aml_15000c_p1000_deepseek_deepseek-v4-flash,1283,5,3,5,2,60.0,0,0,0,0,0,0,0,yes,no
insights,human-mouse_aml_15000c_p1000_deepseek_deepseek-v4-flash,1284,5,4,4,1,80.0,0,0,0,0,0,0,0,yes,no
insights,human-mouse_aml_15000c_p1000_deepseek_deepseek-v4-flash,1285,5,3,3,2,60.0,0,0,0,0,0,0,0,yes,no
insights,human-mouse_aml_15000c_p1000_deepseek_deepseek-v4-flash,1286,6,6,2,0,100.0,0,0,0,0,0,0,0,no,no
insights,human-mouse_aml_15000c_p1000_deepseek_deepseek-v4-flash,1287,4,2,4,2,50.0,0,0,0,0,0,0,0,yes,no
insights,human-mouse_aml_15000c_p1000_deepseek_deepseek-v4-flash,1288,4,4,4,0,100.0,0,0,0,3,0,0,3,no,no
insights,human-mouse_aml_15000c_p1000_deepseek_deepseek-v4-flash,1289,12,10,1,2,83.3,0,0,0,0,0,0,0,yes,no
insights,human-mouse_aml_15000c_p1000_deepseek_deepseek-v4-flash,1290,3,2,8,1,66.7,0,0,0,0,0,0,0,yes,no
insights,human-mouse_aml_15000c_p1000_deepseek_deepseek-v4-flash,1291,3,2,0,1,66.7,0,0,0,0,0,0,0,no,no
insights,human-mouse_aml_15000c_p1000_deepseek_deepseek-v4-flash,1292,5,3,13,2,60.0,0,0,0,0,0,0,0,yes,no
insights,human-mouse_aml_15000c_p1000_deepseek_deepseek-v4-flash,1293,3,2,6,1,66.7,0,0,0,0,0,0,0,yes,no
insights,human-mouse_aml_15000c_p1000_deepseek_deepseek-v4-flash,1294,4,2,2,2,50.0,0,0,0,0,0,0,0,yes,no
insights,human-mouse_aml_15000c_p1000_deepseek_deepseek-v4-flash,1295,9,9,8,0,100.0,0,0,0,2,0,0,2,no,no
insights,human-mouse_aml_15000c_p1000_deepseek_deepseek-v4-flash,1296,5,3,12,2,60.0,0,0,0,2,0,0,2,yes,no
insights,human-mouse_aml_15000c_p1000_deepseek_deepseek-v4-flash,1297,6,5,10,1,83.3,0,0,0,0,0,0,0,yes,no
insights,human-mouse_aml_15000c_p1000_deepseek_deepseek-v4-flash,1298,10,6,2,4,60.0,0,0,0,0,0,0,0,yes,no
insights,human-mouse_aml_15000c_p1000_deepseek_deepseek-v4-flash,1299,5,3,3,2,60.0,0,0,0,0,0,0,0,yes,no
insights,human-mouse_aml_15000c_p1000_deepseek_deepseek-v4-flash,1300,6,4,6,2,66.7,0,0,0,0,0,0,0,yes,no
insights,human-mouse_aml_15000c_p1000_deepseek_deepseek-v4-flash,1301,6,4,6,2,66.7,0,0,0,0,0,0,0,yes,no
insights,human-mouse_aml_15000c_p1000_deepseek_deepseek-v4-flash,1302,16,10,9,6,62.5,0,0,0,3,0,0,3,yes,no
insights,human-mouse_aml_15000c_p1000_deepseek_deepseek-v4-flash,1303,5,3,7,2,60.0,0,0,0,2,0,0,2,yes,no
insights,human-mouse_aml_15000c_p1000_deepseek_deepseek-v4-flash,1304,5,3,9,2,60.0,0,0,0,0,0,0,0,yes,no
insights,human-mouse_aml_15000c_p1000_deepseek_deepseek-v4-flash,1305,9,5,18,4,55.6,0,0,0,6,0,0,6,yes,no
insights,human-mouse_aml_15000c_p1000_deepseek_deepseek-v4-flash,1306,24,17,13,7,70.8,0,0,0,0,0,0,0,yes,no
insights,human-mouse_aml_15000c_p1000_deepseek_deepseek-v4-flash,1307,15,15,5,0,100.0,0,0,0,0,0,0,0,no,no
insights,human-mouse_aml_15000c_p1000_deepseek_deepseek-v4-flash,1308,21,17,22,4,81.0,0,0,0,0,0,0,0,yes,no
insights,human-mouse_aml_15000c_p1000_deepseek_deepseek-v4-flash,1309,25,25,2,0,100.0,0,0,0,0,0,0,0,no,no
insights,human-mouse_aml_15000c_p1000_deepseek_deepseek-v4-flash,1310,3,3,1,0,100.0,0,0,0,3,0,0,3,no,no
insights,human-mouse_aml_15000c_p1000_deepseek_deepseek-v4-flash,1311,8,0,8,8,0.0,0,0,0,0,0,0,0,yes,no
insights,human-mouse_aml_15000c_p1000_deepseek_deepseek-v4-flash,1312,5,4,0,1,80.0,0,0,0,0,0,0,0,yes,no
insights,human-mouse_aml_15000c_p1000_deepseek_deepseek-v4-flash,1313,18,18,0,0,100.0,0,0,0,0,0,0,0,no,no
insights,human-mouse_aml_15000c_p1000_deepseek_deepseek-v4-flash,1314,5,4,0,1,80.0,0,0,0,0,0,0,0,yes,no
insights,human-mouse_aml_15000c_p1000_deepseek_deepseek-v4-flash,1315,9,9,12,0,100.0,0,0,0,1,0,0,1,no,no
insights,human-mouse_aml_15000c_p1000_deepseek_deepseek-v4-flash,1316,12,6,12,6,50.0,0,0,0,0,0,0,0,yes,no
insights,human-mouse_aml_15000c_p1000_deepseek_deepseek-v4-flash,1317,5,3,6,2,60.0,0,0,0,0,0,0,0,yes,no
insights,human-mouse_aml_15000c_p1000_deepseek_deepseek-v4-flash,1318,5,3,6,2,60.0,0,0,0,0,0,0,0,yes,no
insights,human-mouse_aml_15000c_p1000_deepseek_deepseek-v4-flash,1319,15,13,9,2,86.7,0,0,0,0,0,0,0,yes,no
insights,human-mouse_aml_15000c_p1000_deepseek_deepseek-v4-flash,1320,6,4,10,2,66.7,0,0,0,0,0,0,0,yes,no
insights,human-mouse_aml_15000c_p1000_deepseek_deepseek-v4-flash,1321,4,2,3,2,50.0,0,0,0,0,0,0,0,yes,no
insights,human-mouse_aml_15000c_p1000_deepseek_deepseek-v4-flash,1322,12,10,3,2,83.3,0,0,0,0,0,0,0,yes,no
insights,human-mouse_aml_15000c_p1000_deepseek_deepseek-v4-flash,1323,8,8,4,0,100.0,0,0,0,0,0,0,0,no,no
insights,human-mouse_aml_15000c_p1000_deepseek_deepseek-v4-flash,1324,5,5,6,0,100.0,0,0,0,0,0,0,0,yes,no
insights,human-mouse_aml_15000c_p1000_deepseek_deepseek-v4-flash,1325,5,3,4,2,60.0,0,0,0,0,0,0,0,yes,no
insights,human-mouse_aml_15000c_p1000_deepseek_deepseek-v4-flash,1326,5,4,3,1,80.0,0,0,0,0,0,0,0,yes,no
insights,human-mouse_aml_15000c_p1000_deepseek_deepseek-v4-flash,1327,26,23,10,3,88.5,0,0,0,0,0,0,0,yes,no
insights,human-mouse_aml_15000c_p1000_deepseek_deepseek-v4-flash,1328,3,2,4,1,66.7,0,0,0,0,0,0,0,yes,no
insights,human-mouse_aml_15000c_p1000_deepseek_deepseek-v4-flash,1329,6,3,18,3,50.0,0,0,0,0,0,0,0,yes,no
insights,human-mouse_aml_15000c_p1000_deepseek_deepseek-v4-flash,1330,5,3,3,2,60.0,0,0,0,0,0,0,0,yes,no
insights,human-mouse_aml_15000c_p1000_deepseek_deepseek-v4-flash,1331,6,4,7,2,66.7,0,0,0,0,0,0,0,yes,no
insights,human-mouse_aml_15000c_p1000_deepseek_deepseek-v4-flash,1332,5,3,4,2,60.0,0,0,0,0,0,0,0,yes,no
insights,human-mouse_aml_15000c_p1000_deepseek_deepseek-v4-flash,1333,7,5,11,2,71.4,0,0,0,0,0,0,0,yes,no
insights,human-mouse_aml_15000c_p1000_deepseek_deepseek-v4-flash,1334,6,4,15,2,66.7,0,4,4,0,0,0,0,yes,no
insights,human-mouse_aml_15000c_p1000_deepseek_deepseek-v4-flash,1335,5,4,4,1,80.0,0,0,0,2,0,0,2,yes,no
insights,human-mouse_aml_15000c_p1000_deepseek_deepseek-v4-flash,1336,5,3,8,2,60.0,0,0,0,0,0,0,0,yes,no
insights,human-mouse_aml_15000c_p1000_deepseek_deepseek-v4-flash,1337,5,3,8,2,60.0,0,0,0,2,0,0,2,yes,no
insights,human-mouse_aml_15000c_p1000_deepseek_deepseek-v4-flash,1338,4,2,1,2,50.0,0,0,0,0,0,0,0,yes,no
insights,human-mouse_aml_15000c_p1000_deepseek_deepseek-v4-flash,1339,7,5,6,2,71.4,0,0,0,4,0,0,4,yes,no
insights,human-mouse_aml_15000c_p1000_deepseek_deepseek-v4-flash,1340,4,2,1,2,50.0,0,0,0,0,0,0,0,yes,no
insights,human-mouse_aml_15000c_p1000_deepseek_deepseek-v4-flash,1341,25,24,17,1,96.0,0,0,0,0,0,0,0,yes,no
insights,human-mouse_aml_15000c_p1000_deepseek_deepseek-v4-flash,1342,3,3,10,0,100.0,0,0,0,0,0,0,0,yes,no
insights,human-mouse_aml_15000c_p1000_deepseek_deepseek-v4-flash,1343,15,13,4,2,86.7,0,0,0,4,0,0,4,yes,no
insights,human-mouse_aml_15000c_p1000_deepseek_deepseek-v4-flash,1344,8,5,12,3,62.5,0,0,0,1,0,0,1,yes,no
insights,human-mouse_aml_15000c_p1000_deepseek_deepseek-v4-flash,1345,11,9,1,2,81.8,0,0,0,0,0,0,0,yes,yes
insights,human-mouse_aml_15000c_p1000_deepseek_deepseek-v4-flash,1346,7,5,8,2,71.4,0,0,0,2,0,0,2,yes,no
insights,human-mouse_aml_15000c_p1000_deepseek_deepseek-v4-flash,1347,6,4,11,2,66.7,0,0,0,2,0,0,2,yes,no
insights,human-mouse_aml_15000c_p1000_deepseek_deepseek-v4-flash,1348,6,0,5,6,0.0,0,0,0,0,0,0,0,yes,no
insights,human-mouse_aml_15000c_p1000_deepseek_deepseek-v4-flash,1349,7,4,4,3,57.1,0,0,0,0,0,0,0,yes,no
insights,human-mouse_aml_15000c_p1000_deepseek_deepseek-v4-flash,1350,5,3,5,2,60.0,0,0,0,0,0,0,0,yes,no
insights,human-mouse_aml_15000c_p1000_deepseek_deepseek-v4-flash,1351,8,0,14,8,0.0,0,0,0,2,0,0,2,yes,no
insights,human-mouse_aml_15000c_p1000_deepseek_deepseek-v4-flash,1352,6,3,7,3,50.0,0,0,0,2,0,0,2,yes,no
insights,human-mouse_aml_15000c_p1000_deepseek_deepseek-v4-flash,1353,3,2,0,1,66.7,0,0,0,0,0,0,0,yes,no
insights,human-mouse_aml_15000c_p1000_deepseek_deepseek-v4-flash,1354,7,5,6,2,71.4,0,0,0,0,0,0,0,yes,no
insights,human-mouse_aml_15000c_p1000_deepseek_deepseek-v4-flash,1355,5,4,3,1,80.0,0,0,0,0,0,0,0,yes,no
insights,human-mouse_aml_15000c_p1000_deepseek_deepseek-v4-flash,1356,5,5,15,0,100.0,0,0,0,0,0,0,0,no,no
insights,human-mouse_aml_15000c_p1000_deepseek_deepseek-v4-flash,1357,3,2,0,1,66.7,0,0,0,0,0,0,0,yes,no
insights,human-mouse_aml_15000c_p1000_deepseek_deepseek-v4-flash,1358,5,3,9,2,60.0,0,0,0,2,0,0,2,yes,no
insights,human-mouse_aml_15000c_p1000_deepseek_deepseek-v4-flash,1359,5,3,8,2,60.0,0,0,0,0,0,0,0,yes,no
insights,human-mouse_aml_15000c_p1000_deepseek_deepseek-v4-flash,1360,13,11,21,2,84.6,0,0,0,0,0,0,0,yes,no
insights,human-mouse_aml_15000c_p1000_deepseek_deepseek-v4-flash,1361,13,11,20,2,84.6,0,0,0,0,0,0,0,yes,no
insights,human-mouse_aml_15000c_p1000_deepseek_deepseek-v4-flash,1362,6,6,9,0,100.0,0,0,0,0,0,0,0,no,no
insights,human-mouse_aml_15000c_p1000_deepseek_deepseek-v4-flash,1363,13,13,17,0,100.0,0,0,0,0,0,0,0,no,no
insights,human-mouse_aml_15000c_p1000_deepseek_deepseek-v4-flash,1364,5,4,3,1,80.0,0,0,0,0,0,0,0,yes,no
insights,human-mouse_aml_15000c_p1000_deepseek_deepseek-v4-flash,1365,11,5,0,6,45.5,0,0,0,2,0,0,2,yes,no
insights,human-mouse_aml_15000c_p1000_deepseek_deepseek-v4-flash,1366,9,5,10,4,55.6,0,0,0,0,0,0,0,yes,no
insights,human-mouse_aml_15000c_p1000_deepseek_deepseek-v4-flash,1367,4,4,5,0,100.0,0,0,0,1,0,0,1,no,no
insights,human-mouse_aml_15000c_p1000_deepseek_deepseek-v4-flash,1368,4,3,7,1,75.0,0,0,0,1,0,0,1,yes,no
insights,human-mouse_aml_15000c_p1000_deepseek_deepseek-v4-flash,1369,7,5,9,2,71.4,0,0,0,0,0,0,0,yes,no
insights,human-mouse_aml_15000c_p1000_deepseek_deepseek-v4-flash,1370,5,3,7,2,60.0,0,0,0,2,0,0,2,yes,no
insights,human-mouse_aml_15000c_p1000_deepseek_deepseek-v4-flash,1371,15,12,6,3,80.0,0,0,0,0,0,0,0,yes,no
insights,human-mouse_aml_15000c_p1000_deepseek_deepseek-v4-flash,1372,4,4,22,0,100.0,0,0,0,0,0,0,0,no,no
insights,human-mouse_aml_15000c_p1000_deepseek_deepseek-v4-flash,1373,8,4,8,4,50.0,0,0,0,0,0,0,0,yes,no
insights,human-mouse_aml_15000c_p1000_deepseek_deepseek-v4-flash,1374,117,117,43,0,100.0,0,0,0,0,0,0,0,no,no
insights,human-mouse_aml_15000c_p1000_deepseek_deepseek-v4-flash,1375,28,28,15,0,100.0,0,0,0,0,0,0,0,no,no
insights,human-mouse_aml_15000c_p1000_deepseek_deepseek-v4-flash,1376,5,2,4,3,40.0,0,0,0,0,0,0,0,yes,no
insights,human-mouse_aml_15000c_p1000_deepseek_deepseek-v4-flash,1377,3,3,1,0,100.0,0,0,0,0,0,0,0,no,no
insights,human-mouse_aml_15000c_p1000_deepseek_deepseek-v4-flash,1378,12,10,1,2,83.3,0,0,0,0,0,0,0,yes,no
insights,human-mouse_aml_15000c_p1000_deepseek_deepseek-v4-flash,1379,7,6,3,1,85.7,0,0,0,0,0,0,0,yes,no
insights,human-mouse_aml_15000c_p1000_deepseek_deepseek-v4-flash,1380,6,3,7,3,50.0,0,0,0,0,0,0,0,yes,no
insights,human-mouse_aml_15000c_p1000_deepseek_deepseek-v4-flash,1381,5,2,14,3,40.0,0,0,0,0,0,0,0,yes,no
insights,human-mouse_aml_15000c_p1000_deepseek_deepseek-v4-flash,1382,15,15,3,0,100.0,0,0,0,0,0,0,0,no,no
insights,human-mouse_aml_15000c_p1000_deepseek_deepseek-v4-flash,1383,8,5,14,3,62.5,0,0,0,0,0,0,0,yes,no
insights,human-mouse_aml_15000c_p1000_deepseek_deepseek-v4-flash,1384,10,4,7,6,40.0,0,0,0,0,0,0,0,yes,no
insights,human-mouse_aml_15000c_p1000_deepseek_deepseek-v4-flash,1385,8,7,0,1,87.5,0,0,0,0,0,0,0,yes,no
insights,human-mouse_aml_15000c_p1000_deepseek_deepseek-v4-flash,1386,8,6,1,2,75.0,0,0,0,0,0,0,0,yes,no
insights,human-mouse_aml_15000c_p1000_deepseek_deepseek-v4-flash,1387,10,7,16,3,70.0,0,0,0,3,0,0,3,yes,no
insights,human-mouse_aml_15000c_p1000_deepseek_deepseek-v4-flash,1388,6,2,4,4,33.3,0,0,0,0,0,0,0,yes,no
insights,human-mouse_aml_15000c_p1000_deepseek_deepseek-v4-flash,1389,8,6,4,2,75.0,0,0,0,0,0,0,0,yes,no
insights,human-mouse_aml_15000c_p1000_deepseek_deepseek-v4-flash,1390,22,21,2,1,95.5,0,0,0,0,0,0,0,yes,no
insights,human-mouse_aml_15000c_p1000_deepseek_deepseek-v4-flash,1391,20,18,23,2,90.0,0,0,0,0,0,0,0,yes,no
insights,human-mouse_aml_15000c_p1000_deepseek_deepseek-v4-flash,1392,32,30,12,2,93.8,0,0,0,0,0,0,0,yes,no
insights,human-mouse_aml_15000c_p1000_deepseek_deepseek-v4-flash,1393,14,14,19,0,100.0,0,0,0,0,0,0,0,no,no
insights,human-mouse_aml_15000c_p1000_deepseek_deepseek-v4-flash,1394,17,16,6,1,94.1,0,0,0,2,0,0,2,no,no
insights,human-mouse_aml_15000c_p1000_deepseek_deepseek-v4-flash,1395,4,2,1,2,50.0,0,0,0,0,0,0,0,yes,no
insights,human-mouse_aml_15000c_p1000_deepseek_deepseek-v4-flash,1396,6,3,6,3,50.0,0,0,0,0,0,0,0,yes,no
insights,human-mouse_aml_15000c_p1000_deepseek_deepseek-v4-flash,TOTAL,15036,11287,16307,3749,75.1,17,214,197,950,0,4,954,1347/1396,14/1396

# section: comparison (merged_ontology metric values across scenarios)
metric,human-mouse_aml_15000c_p1000_deepseek_deepseek-v4-flash_baseline
ARC,1260.0
cycle_count,100.0
syntactic_uniqueness_ratio,0.9869
structural_redundancy,0.163438
ALC,4429.0
cross_onto_relations_count,2811.0
corc_per_applied_alignment,2.0869
new_cross_onto_relations_count,940.0
new_intra_onto_relations_count,812.0
triple_count_delta,5210.0
cross_onto_subclassof_count,2211.0
connectivity_ratio,0.7821
average_depth,2.5102
max_depth,9.0
average_breadth,4.8359
max_breadth,172.0
triple_preservation_ratio,0.9414
applied_alignments,1347.0
multi_domain_range_change_per_alignment,0.000742
multi_domain_range_count,1.0
annotation_coverage_ratio,0.813
comment_coverage_ratio,0.809

# section: comparison (boomer_ontology metric values across scenarios)
metric,human-mouse_aml_15000c_p1000_deepseek_deepseek-v4-flash_baseline
ARC,605.0
cycle_count,0.0
syntactic_uniqueness_ratio,1.0
structural_redundancy,0.089267
ALC,3659.0
cross_onto_relations_count,4932.0
corc_per_applied_alignment,3.5431
new_cross_onto_relations_count,0.0
new_intra_onto_relations_count,0.0
triple_count_delta,-1850.0
cross_onto_subclassof_count,2336.0
connectivity_ratio,0.8699
average_depth,3.1021
max_depth,10.0
average_breadth,5.1616
max_breadth,168.0
triple_preservation_ratio,1.0
applied_alignments,1392.0
multi_domain_range_change_per_alignment,0.0
multi_domain_range_count,0.0
annotation_coverage_ratio,0.9968
comment_coverage_ratio,0.0

# section: comparison (arom_ontology metric values across scenarios)
metric,human-mouse_aml_15000c_p1000_deepseek_deepseek-v4-flash_baseline
ARC,603.0
cycle_count,0.0
syntactic_uniqueness_ratio,1.0
structural_redundancy,0.089343
ALC,3655.0
cross_onto_relations_count,4934.0
corc_per_applied_alignment,3.5344
new_cross_onto_relations_count,4.0
new_intra_onto_relations_count,0.0
triple_count_delta,-12004.0
cross_onto_subclassof_count,2336.0
connectivity_ratio,0.8702
average_depth,3.1022
max_depth,10.0
average_breadth,5.1606
max_breadth,168.0
triple_preservation_ratio,0.9988
applied_alignments,1396.0
multi_domain_range_change_per_alignment,0.0
multi_domain_range_count,0.0
annotation_coverage_ratio,0.997
comment_coverage_ratio,0.0

# section: comparison (comerger_ontology metric values across scenarios)
metric,human-mouse_aml_15000c_p1000_deepseek_deepseek-v4-flash_baseline
ARC,603.0
cycle_count,0.0
syntactic_uniqueness_ratio,1.0
structural_redundancy,0.089343
ALC,3655.0
cross_onto_relations_count,4919.0
corc_per_applied_alignment,3.5338
new_cross_onto_relations_count,6.0
new_intra_onto_relations_count,1.0
triple_count_delta,-1884.0
cross_onto_subclassof_count,2334.0
connectivity_ratio,0.8702
average_depth,3.1022
max_depth,10.0
average_breadth,5.1606
max_breadth,168.0
triple_preservation_ratio,0.9974
applied_alignments,1392.0
multi_domain_range_change_per_alignment,0.0
multi_domain_range_count,0.0
annotation_coverage_ratio,0.9968
comment_coverage_ratio,0.0
